book,work,lang,pp,map,minp,maxp,line1,nlines,wlines,cover,begin,end,spanp,density,work_author,work_title,author,title,url
HXJUL7,urn:cts:latinLit:phi0914.phi001,deu,920,0.6204589083,13,1002,3.82173913,83930,14212,0.1718732676,13,991,918,0.937691522,Titus Livius (Livy),Ab urbe condita,Livy.,T. Livi Ab vrbe condita libri.,https://babel.hathitrust.org/cgi/pt?id=hvd.hxjul7&seq=13
HXJVFM,urn:cts:greekLit:tlg0012.tlg002,ell,875,0.6522766525,18,960,2.532571429,81190,12319,0.1565601308,54,960,874,0.9636163175,Homer,Odyssey,Homer.,"Homers Odyssee,",https://babel.hathitrust.org/cgi/pt?id=hvd.hxjvfm&seq=54
HXJWPM,urn:cts:greekLit:tlg0003.tlg001,ell,893,0.716587651,9,1027,3.54087346,63145,15739,0.257305344,9,892,868,0.9819004525,Thucydides,History of the Peloponnesian War,Thucydides.,Syngraphē.,https://babel.hathitrust.org/cgi/pt?id=hvd.hxjwpm&seq=9
HXJ98G,urn:cts:greekLit:tlg0012.tlg002,ell,834,0.6329537299,16,885,3.213429257,68082,12018,0.1819912904,16,880,833,0.9630057803,Homer,Odyssey,Homer.,Odyssea.,https://babel.hathitrust.org/cgi/pt?id=hvd.hxj98g&seq=16
HW2J7J,urn:cts:greekLit:tlg0012.tlg002,ell,834,0.6247409171,8,876,3.446043165,68106,12000,0.181649277,8,869,832,0.9651972158,Homer,Odyssey,Homer.,"Homeri Odyssea, græce et latine.",https://babel.hathitrust.org/cgi/pt?id=hvd.hw2j7j&seq=8
HNAJP5,urn:cts:greekLit:tlg0012.tlg002,ell,821,0.624373414,9,886,2.484774665,32665,9170,0.2874163827,9,886,821,0.9350797267,Homer,Odyssey,Homer.,"Odyssea,",https://babel.hathitrust.org/cgi/pt?id=hvd.hnajp5&seq=9
HXJUL6,urn:cts:latinLit:phi0914.phi001,deu,814,0.6126089081,13,878,4.036855037,74531,12846,0.1734060658,13,874,813,0.9431554524,Titus Livius (Livy),Ab urbe condita,Livy.,T. Livi Ab vrbe condita libri.,https://babel.hathitrust.org/cgi/pt?id=hvd.hxjul6&seq=13
HN21QH,urn:cts:latinLit:phi0959.phi006,lat,789,0.66519393,16,840,3.48035488,52697,12287,0.238096723,25,840,787,0.9644607843,Ovid,Metamorphoses,Ovid,"Pvb. Ovidii Nasonis opera omnia, in tres tomos divisa ex accuratissima recensione Nicol. Heinsii. ...",https://babel.hathitrust.org/cgi/pt?id=hvd.hn21qh&seq=25
HN21QD,urn:cts:latinLit:phi0959.phi006,lat,788,0.7005017138,8,832,2.605329949,49138,12232,0.2529558581,15,832,787,0.9621026895,Ovid,Metamorphoses,Ovid,"Pvb. Ovidii Nasonis opera omnia, in tres tomos divisa ex accuratissima recensione Nicol. Heinsii. ...",https://babel.hathitrust.org/cgi/pt?id=hvd.hn21qd&seq=15
HN2NRS,urn:cts:latinLit:phi0959.phi006,lat,784,0.6810482153,11,819,2.653061224,54631,12660,0.2401976026,11,812,782,0.9750623441,Ovid,Metamorphoses,Ovid,P. Ovidii Nasonis Opera omnia : in tres tomos divisa,https://babel.hathitrust.org/cgi/pt?id=hvd.hn2nrs&seq=11
HW3270,urn:cts:greekLit:tlg0016.tlg001,ell,778,0.6454985839,67,905,2.181233933,59308,9239,0.1720068192,67,905,778,0.9272943981,Herodotus,Histories,Herodotus.,Herodotos erklärt,https://babel.hathitrust.org/cgi/pt?id=hvd.hw3270&seq=67
HXJUL5,urn:cts:latinLit:phi0914.phi001,deu,771,0.6402606882,11,802,3.736705577,69174,12833,0.1869756255,11,802,771,0.9734848485,Titus Livius (Livy),Ab urbe condita,Livy.,T. Livi Ab vrbe condita libri.,https://babel.hathitrust.org/cgi/pt?id=hvd.hxjul5&seq=11
HN3PUT,urn:cts:latinLit:phi0959.phi006,lat,774,0.6806456183,11,809,2.84496124,59199,12524,0.2204247141,11,801,771,0.9747155499,Ovid,Metamorphoses,Ovid,"P. Ovidii Nasonis Opera omnia : in tres tomos divisa : cum integris Nicolai Heinsii, D.F., lectissimisque variorum notis : quibus non pauca, ad suos quæque antiquitatis fontes diligenti comparatione reducta, accesserunt, studio Borchardi Cnippingii.",https://babel.hathitrust.org/cgi/pt?id=hvd.hn3put&seq=11
32044010597185,urn:cts:latinLit:phi0959.phi006,lat,773,0.7296011316,37,863,2.635187581,80438,14812,0.1862532996,47,820,768,0.992248062,Ovid,Metamorphoses,Ovid,P. Ovidii Nasonis Metamorphoseon libri XV.,https://babel.hathitrust.org/cgi/pt?id=hvd.32044010597185&seq=47
HNRPCD,urn:cts:greekLit:tlg0016.tlg001,ell,769,0.6726087529,12,848,2.912873862,59567,12869,0.2284123562,70,848,766,0.9833119384,Herodotus,Histories,Herodotus.,Herodotos,https://babel.hathitrust.org/cgi/pt?id=hvd.hnrpcd&seq=70
HXJVQ8,urn:cts:greekLit:tlg0016.tlg001,ell,759,0.6114925778,14,850,5.350461133,58175,12678,0.230637386,72,850,756,0.9704749679,Herodotus,Histories,Herodotus.,Herodotos,https://babel.hathitrust.org/cgi/pt?id=hvd.hxjvq8&seq=72
32044085124071,urn:cts:greekLit:tlg0012.tlg002,deu,746,0.7201812752,11,805,2.164879357,69548,11827,0.1717317241,27,805,745,0.9563543004,Homer,Odyssey,Homer.,Homers Odyssee,https://babel.hathitrust.org/cgi/pt?id=hvd.32044085124071&seq=27
HN3SBX,urn:cts:greekLit:tlg0012.tlg002,deu,742,0.7947108267,56,807,1.396226415,66929,11860,0.1799143833,56,807,742,0.9867021277,Homer,Odyssey,Homer.,Homers Odyssee.,https://babel.hathitrust.org/cgi/pt?id=hvd.hn3sbx&seq=56
32044085123610,urn:cts:greekLit:tlg0012.tlg001,deu,742,0.8246650479,38,789,1.435309973,60934,15233,0.254063894,38,786,741,0.9893190921,Homer,Iliad,Homer.,Ilias.,https://babel.hathitrust.org/cgi/pt?id=hvd.32044085123610&seq=38
32044085175511,urn:cts:greekLit:tlg0032.tlg001,ell,749,0.6869749233,37,838,3.062750334,54787,11975,0.2363955084,37,786,738,0.984,Xenophon,Hellenica,Xenophon.,Quae extant; ex librorum scriptorum fide recensuit et interpretatus est J.G. Schneider.,https://babel.hathitrust.org/cgi/pt?id=hvd.32044085175511&seq=37
32044085224418,urn:cts:latinLit:phi1318.phi001,deu,738,0.632384407,16,785,3.116531165,32196,8816,0.2827537752,29,771,734,0.9878869448,"Pliny, the Younger",Epistulae,Pliny,"Epistolae,",https://babel.hathitrust.org/cgi/pt?id=hvd.32044085224418&seq=29
32044085228682,urn:cts:latinLit:phi1017.phi015,lat,735,0.709295586,20,775,2.33877551,73707,14224,0.198860478,41,775,732,0.9959183673,"Seneca, Lucius Annaeus",Epistulae,"Seneca, Lucius Annaeus","L. Annaei Senecae Opera. Ad libros manucriptos et impressos recensuit,",https://babel.hathitrust.org/cgi/pt?id=hvd.32044085228682&seq=41
HNDFIT,urn:cts:greekLit:tlg0012.tlg001,ell,730,0.6675972019,10,774,2.283561644,44869,9307,0.2123642955,10,774,730,0.954248366,Homer,Iliad,Homer.,"Homērou Ilias, ekdotheisa meta scholiōn",https://babel.hathitrust.org/cgi/pt?id=hvd.hndfit&seq=10
HW2J81,urn:cts:greekLit:tlg0012.tlg002,deu,724,0.6752736036,19,758,2.585635359,49344,11811,0.2397677906,19,758,724,0.9783783784,Homer,Odyssey,Homer.,Homeri Odyssea,https://babel.hathitrust.org/cgi/pt?id=hvd.hw2j81&seq=19
HW2J6L,urn:cts:greekLit:tlg0012.tlg002,deu,722,0.6768018775,19,758,2.565096953,47937,11795,0.2474195862,19,758,722,0.9756756757,Homer,Odyssey,Homer.,Odyssea.,https://babel.hathitrust.org/cgi/pt?id=hvd.hw2j6l&seq=19
HW2J7A,urn:cts:greekLit:tlg0012.tlg002,deu,722,0.6709628962,21,763,2.692520776,50256,11821,0.2369101011,21,763,722,0.9717362046,Homer,Odyssey,Homer.,Odyssea.,https://babel.hathitrust.org/cgi/pt?id=hvd.hw2j7a&seq=21
HW2JCS,urn:cts:greekLit:tlg0016.tlg001,ell,708,0.6718331987,15,769,2.338983051,58844,13762,0.2404420781,15,732,705,0.9818941504,Herodotus,Histories,Herodotus.,"Herodotos : für den Schulgebrauch Erklärt, nebst Einleitung und Übersicht über den Dialekt",https://babel.hathitrust.org/cgi/pt?id=hvd.hw2jcs&seq=15
HW2JFW,urn:cts:greekLit:tlg0059.tlg030,lat,707,0.6695707694,90,898,2.821782178,51752,10816,0.2206922172,90,873,701,0.8941326531,Plato,Republic,Plato.,Platonis Opera omnia...,https://babel.hathitrust.org/cgi/pt?id=hvd.hw2jfw&seq=90
HXJUR6,urn:cts:greekLit:tlg0525.tlg001,lat,694,0.6401303476,10,725,3.449567723,43858,9491,0.2204724964,10,714,693,0.9829787234,Pausanias,Description of Greece,Pausanias,Descriptio Graeciae;,https://babel.hathitrust.org/cgi/pt?id=hvd.hxjur6&seq=10
HN2PGY,urn:cts:greekLit:tlg0016.tlg001,ell,686,0.6827303324,7,723,3.804664723,51713,11639,0.2445138068,7,723,686,0.9567642957,Herodotus,Histories,Herodotus.,Herodotus,https://babel.hathitrust.org/cgi/pt?id=hvd.hn2pgy&seq=7
32044085186310,urn:cts:latinLit:phi0448.phi001,deu,691,0.6598313392,48,816,2.625180897,37765,7418,0.2049355275,56,733,675,0.9955752212,Julius Caesar,Gallic War,"Caesar, Julius.",C. Julii Caesaris Commentariorum de bello Gallico libri VIII,https://babel.hathitrust.org/cgi/pt?id=hvd.32044085186310&seq=56
32044085124048,urn:cts:greekLit:tlg0012.tlg002,deu,675,0.8071506802,48,760,1.33037037,61353,11857,0.196706912,48,730,674,0.9868228404,Homer,Odyssey,Homer.,Odyssee.,https://babel.hathitrust.org/cgi/pt?id=hvd.32044085124048&seq=48
HW2MFZ,urn:cts:latinLit:phi1038.phi001,lat,678,0.6457840978,11,822,3.367256637,38427,9597,0.2641210039,123,822,669,0.9557142857,Valerius Maximus,Facta et Dicta Memorabilia,Valerius Maximus.,Factorum dictorumque memorabilium libri novem,https://babel.hathitrust.org/cgi/pt?id=hvd.hw2mfz&seq=123
HW2JQZ,urn:cts:greekLit:tlg0012.tlg002,deu,666,0.7226268025,9,708,2.474474474,58248,11855,0.2055991448,29,708,665,0.9779411765,Homer,Odyssey,Homer.,Odyssee.,https://babel.hathitrust.org/cgi/pt?id=hvd.hw2jqz&seq=29
HXJVMJ,urn:cts:greekLit:tlg0016.tlg001,ell,669,0.6810925148,34,737,2.246636771,55222,12895,0.2393550962,61,737,665,0.9822747415,Herodotus,Histories,Herodotus.,Herodotos. Für den Schulgebrauch,https://babel.hathitrust.org/cgi/pt?id=hvd.hxjvmj&seq=61
HXJUR5,urn:cts:greekLit:tlg0525.tlg001,lat,661,0.6451817038,11,691,3.465960666,39371,9490,0.2444378965,11,691,661,0.9706314244,Pausanias,Description of Greece,Pausanias,Descriptio Graeciae;,https://babel.hathitrust.org/cgi/pt?id=hvd.hxjur5&seq=11
HXJA7T,urn:cts:greekLit:tlg0032.tlg007,lat,688,0.601505457,20,819,5.143895349,51936,10708,0.2190112183,30,688,657,0.9969650986,Xenophon,Cyropaedia,Xenophon.,"Xenophōntos ta sōzomena. Xenophontis quae extant,",https://babel.hathitrust.org/cgi/pt?id=hvd.hxja7t&seq=30
32044085124022,urn:cts:greekLit:tlg0012.tlg002,ell,657,0.7158353196,49,716,2.269406393,42920,12003,0.2947013271,49,716,657,0.9835329341,Homer,Odyssey,Homer.,Odyssee.,https://babel.hathitrust.org/cgi/pt?id=hvd.32044085124022&seq=49
HN3SBT,urn:cts:greekLit:tlg0016.tlg001,ell,661,0.6788333338,32,724,2.30408472,55558,12895,0.2382346124,59,724,657,0.9864864865,Herodotus,Histories,Herodotus.,Herodotos.,https://babel.hathitrust.org/cgi/pt?id=hvd.hn3sbt&seq=59
HNIK53,urn:cts:greekLit:tlg0016.tlg001,ell,657,0.6806271037,31,720,2.322678843,54541,12822,0.2416093181,59,720,653,0.9864048338,Herodotus,Histories,Herodotus.,Herodotos.,https://babel.hathitrust.org/cgi/pt?id=hvd.hnik53&seq=59
HW2MG5,urn:cts:latinLit:phi0690.phi003,lat,653,0.6591269953,17,675,2.130168453,40443,6737,0.1731936653,17,675,653,0.9908952959,Virgil,Aeneid,Virgil,"P. Virgilii Maronis Opera omnia : ex editione Heyniana cum notiset interpretatione in usum Delphini, variis lectionibus, notis variorum, excursibus Heynianis, recensu editionum et codicum et indice locupletissimo accurate recensita.",https://babel.hathitrust.org/cgi/pt?id=hvd.hw2mg5&seq=17
HXK2G8,urn:cts:latinLit:phi0690.phi003,lat,650,0.6511627709,10,668,2.243076923,40876,6522,0.166474612,10,668,650,0.9863429439,Virgil,Aeneid,Virgil,"P. Virgilii Maronis Opera omnia : ex editione Heyniana cum notiset interpretatione in usum Delphini, variis lectionibus, notis variorum, excursibus Heynianis, recensu editionum et codicum et indice locupletissimo accurate recensita.",https://babel.hathitrust.org/cgi/pt?id=hvd.hxk2g8&seq=10
HXJUNC,urn:cts:latinLit:phi1002.phi001,lat,645,0.6305839609,10,666,2.63255814,37788,6879,0.1955204104,16,666,644,0.9892473118,Quintilian,Institutio Oratoria,Quintilian.,M. Fabii Quintiliani de institutione oratoria libri duodecim : ad codicum veterum fidem,https://babel.hathitrust.org/cgi/pt?id=hvd.hxjunc&seq=16
HXK2FX,urn:cts:latinLit:phi1002.phi001,lat,641,0.6239498873,11,662,2.992199688,36238,7170,0.2120359281,19,662,639,0.9922360248,Quintilian,Institutio Oratoria,Quintilian.,M. Fabii Quintiliani de institutione oratoria libri duodecim : ad codicum veterum fidem,https://babel.hathitrust.org/cgi/pt?id=hvd.hxk2fx&seq=19
HXJUND,urn:cts:latinLit:phi1002.phi001,lat,639,0.6438242876,11,662,2.616588419,35263,7153,0.2174886967,20,662,637,0.9906687403,Quintilian,Institutio Oratoria,Quintilian.,M. Fabii Quintiliani de institutione oratoria libri duodecim : ad codicum veterum fidem,https://babel.hathitrust.org/cgi/pt?id=hvd.hxjund&seq=20
HXQ2PA,urn:cts:greekLit:tlg0059.tlg034,ell,635,0.66502925,11,650,2.790551181,47879,11209,0.2513305996,11,650,635,0.9921875,Plato,Laws,Plato.,Platonis et quae vel Platonis esse feruntur vel Platonica solent comitari seripta graece omnia ad codices manuscriptos recensuit variasque inde lectiones,https://babel.hathitrust.org/cgi/pt?id=hvd.hxq2pa&seq=11
HX5VUR,urn:cts:greekLit:tlg0012.tlg001,ell,631,0.6232465618,17,676,2.906497623,35823,8046,0.2320539805,17,676,631,0.9560606061,Homer,Iliad,Homer.,"Homeri Carmina cum brevi annotatione,",https://babel.hathitrust.org/cgi/pt?id=hvd.hx5vur&seq=17
HW2JDW,urn:cts:greekLit:tlg0012.tlg001,ell,626,0.6276717825,15,672,2.849840256,35267,8002,0.2344196355,15,672,626,0.9513677812,Homer,Iliad,Homer.,"Homeri Carmina cum brevi annotatione,",https://babel.hathitrust.org/cgi/pt?id=hvd.hw2jdw&seq=15
32044098638851,urn:cts:latinLit:phi0959.phi006,lat,625,0.6369687519,11,636,2.9712,34068,8252,0.2455608502,11,636,625,0.9984025559,Ovid,Metamorphoses,Ovid,P. Ovidii Nasonis Opera omnia :,https://babel.hathitrust.org/cgi/pt?id=hvd.32044098638851&seq=11
HN3SBU,urn:cts:greekLit:tlg0016.tlg001,ell,624,0.6655108817,8,667,2.474358974,51598,12070,0.2404965155,8,639,622,0.9841772152,Herodotus,Histories,Herodotus.,Herodotos.,https://babel.hathitrust.org/cgi/pt?id=hvd.hn3sbu&seq=8
HNIK54,urn:cts:greekLit:tlg0016.tlg001,ell,624,0.6740397897,11,671,2.46474359,51694,12061,0.2403589646,11,642,622,0.9841772152,Herodotus,Histories,Herodotus.,Herodotos.,https://babel.hathitrust.org/cgi/pt?id=hvd.hnik54&seq=11
HW2JDM,urn:cts:greekLit:tlg0012.tlg001,lat,618,0.6243643781,35,671,2.71197411,40514,7247,0.185938483,35,671,618,0.9701726845,Homer,Iliad,Homer.,"Homeri opera omnia: ex recensione et cum notis Samuelis Clarkii, S.T.P. Accessit varietas lectionum ms. lips. et edd. veterum,",https://babel.hathitrust.org/cgi/pt?id=hvd.hw2jdm&seq=35
HXK2FV,urn:cts:latinLit:phi1002.phi001,lat,620,0.6483042598,22,722,2.706451613,35582,7427,0.2267576047,98,722,611,0.9776,Quintilian,Institutio Oratoria,Quintilian.,M. Fabii Quintiliani de institutione oratoria libri duodecim : ad codicum veterum fidem,https://babel.hathitrust.org/cgi/pt?id=hvd.hxk2fv&seq=98
32044085176162,urn:cts:greekLit:tlg0032.tlg001,deu,611,0.6717716586,27,831,2.644844517,43600,8265,0.2004768008,95,831,607,0.8236092266,Xenophon,Hellenica,Xenophon.,"Hellenika,",https://babel.hathitrust.org/cgi/pt?id=hvd.32044085176162&seq=95
32044083045385,urn:cts:greekLit:tlg0032.tlg006,lat,611,0.6256887956,50,694,3.371522095,52631,7901,0.1537067826,55,660,602,0.9933993399,Xenophon,Anabasis,Xenophon.,Opera omnia ...,https://babel.hathitrust.org/cgi/pt?id=hvd.32044083045385&seq=55
32044102851482,urn:cts:greekLit:tlg0032.tlg007,lat,605,0.6458440568,9,624,3.370247934,35143,9142,0.2778269107,21,621,599,0.996672213,Xenophon,Cyropaedia,Xenophon.,"Xenopheontos Kyrou paideias biblia okteo. Xenophontis De Cyri institutione libri octo. Graeca recognovit, cum codice ms. Oxoniensi et omnibus fere libris editis contulit, plurimis in locis emendavit, versionem Latinam reformavit, observationibus suis, tabulaque geographica auxit et illustravit:",https://babel.hathitrust.org/cgi/pt?id=hvd.32044102851482&seq=21
HXQ4DS,urn:cts:latinLit:phi1017.phi015,lat,601,0.6467090912,18,657,3.447587354,36351,9518,0.2740278496,54,657,597,0.988410596,"Seneca, Lucius Annaeus",Epistulae,"Seneca, Lucius Annaeus","L. Annæ Senecæ, pars prima; sive opera philosophica ...",https://babel.hathitrust.org/cgi/pt?id=hvd.hxq4ds&seq=54
HXJVL9,urn:cts:latinLit:phi0474.phi048,lat,597,0.6227567436,35,687,2.671691792,45562,6612,0.1481879455,46,687,595,0.9267912773,"Cicero, Marcus Tullius",de Finibus Bonorum et Malorum,"Cicero, Marcus Tullius.","M.T. Ciceronis quae exstant omnia opera, cum deperditorum fragmentis in quatuor partes divisa, item indices quinque novi et absolutissimi.",https://babel.hathitrust.org/cgi/pt?id=hvd.hxjvl9&seq=46
32044011228103,urn:cts:greekLit:tlg0086.tlg035,lat,611,0.6118171723,31,713,3.693944354,29597,7289,0.2546891725,79,674,595,0.9983221477,Aristotle,Politics,Aristotle.,Aristotelis Politicorvm libri octo;,https://babel.hathitrust.org/cgi/pt?id=hvd.32044011228103&seq=79
HNDFIJ,urn:cts:greekLit:tlg0032.tlg001,ell,593,0.6550041724,29,646,2.610455312,38174,8025,0.2162030835,41,646,592,0.9768976898,Xenophon,Hellenica,Xenophon.,"Xenophōntos Hellēnika, ekdothenta meta scholiōn",https://babel.hathitrust.org/cgi/pt?id=hvd.hndfij&seq=41
HXIJRH,urn:cts:latinLit:phi0474.phi035,lat,592,0.6025230323,249,945,2.827702703,43866,7565,0.1989397115,315,945,591,0.9366085578,"Cicero, Marcus Tullius",Philippicae,"Cicero, Marcus Tullius.",Ciceronis Orationes.,https://babel.hathitrust.org/cgi/pt?id=hvd.hxijrh&seq=315
HW2BC0,urn:cts:greekLit:tlg0012.tlg001,ell,589,0.6045531622,11,602,4.067911715,44985,9170,0.2088898112,11,602,589,0.9949324324,Homer,Iliad,Homer.,Homeri Ilias : graece et latine,https://babel.hathitrust.org/cgi/pt?id=hvd.hw2bc0&seq=11
HXK2GY,urn:cts:latinLit:phi1002.phi001,lat,584,0.6163335131,19,613,2.635273973,45892,5821,0.1318387082,19,610,583,0.9847972973,Quintilian,Institutio Oratoria,Quintilian.,De institutione oratoria,https://babel.hathitrust.org/cgi/pt?id=hvd.hxk2gy&seq=19
HNJVN2,urn:cts:latinLit:phi0448.phi001,fra,595,0.6269265451,27,793,3.420168067,33892,8071,0.2466681558,27,644,580,0.9385113269,Julius Caesar,Gallic War,"Caesar, Julius.",Jules César. Commentaires sur la guerre des Gaules.,https://babel.hathitrust.org/cgi/pt?id=hvd.hnjvn2&seq=27
HNDFIS,urn:cts:greekLit:tlg0012.tlg001,ell,579,0.6121761536,73,684,2.333333333,38818,6299,0.1676330822,73,684,579,0.9460784314,Homer,Iliad,Homer.,"Homērou Ilias, ekdotheisa meta scholiōn",https://babel.hathitrust.org/cgi/pt?id=hvd.hndfis&seq=73
HNPJQL,urn:cts:latinLit:phi0474.phi037,lat,578,0.6678148125,31,615,4.027681661,31228,7824,0.2579759804,31,610,577,0.9948275862,"Cicero, Marcus Tullius",On Oratory,"Cicero, Marcus Tullius.",M. Tulli Ciceronis De oratore libri tres,https://babel.hathitrust.org/cgi/pt?id=hvd.hnpjql&seq=31
HXQ4FR,urn:cts:latinLit:phi0978.phi001,lat,573,0.6242963174,7,613,3.108202443,39328,8428,0.2286122287,7,610,572,0.9470198675,"Pliny, the Elder",Naturalis Historia,Pliny,C. Plinii Secundi Naturalis historiae libri XXXVII,https://babel.hathitrust.org/cgi/pt?id=hvd.hxq4fr&seq=7
HNJWXM,urn:cts:latinLit:phi0690.phi003,lat,571,0.7242637625,9,800,2.297723292,42590,9958,0.2368196206,230,800,569,0.996497373,Virgil,Aeneid,Virgil.,Opera;,https://babel.hathitrust.org/cgi/pt?id=hvd.hnjwxm&seq=230
HW2M7R,urn:cts:latinLit:phi0474.phi056,lat,567,0.6404994737,53,628,3.072310406,31501,8804,0.2906910001,53,628,567,0.984375,"Cicero, Marcus Tullius",Letters to his Friends,"Ernesti, Johann August","Clavis Ciceroniana, sive, Indices rerum et verborum philologico-critici in opera Ciceronis : accedunt Graeca Ciceronis necessariis observationibus illustrata",https://babel.hathitrust.org/cgi/pt?id=hvd.hw2m7r&seq=53
HXQ4PG,urn:cts:latinLit:phi0917.phi001,lat,631,0.6560772343,11,803,5.23296355,53890,10030,0.1965776495,22,608,563,0.9591141397,Lucan,Civil War,Lucan,"De bello Civili, cum Hug.Grotii, Farnabii, notis integris, et variorum selectissimus.",https://babel.hathitrust.org/cgi/pt?id=hvd.hxq4pg&seq=22
HW2LPS,urn:cts:latinLit:phi0959.phi006,lat,561,0.6366489533,16,587,2.732620321,28919,6472,0.2265433046,16,587,561,0.9807692308,Ovid,Metamorphoses,Ovid,P. Ovidii Nasonis Metamorphoses.,https://babel.hathitrust.org/cgi/pt?id=hvd.hw2lps&seq=16
HXQ2XL,urn:cts:greekLit:tlg0007.tlg112,ell,561,0.6009759151,9,595,4.351158645,26533,7062,0.2622451355,9,595,561,0.9557069847,Plutarch,Quaestiones Convivales,Plutarch.,"Ploutarchou tou Chairōneōs Ta ēthika = Plutarchi Chaeronensis Moralia, id est Opera, exceptis vitis, reliqua",https://babel.hathitrust.org/cgi/pt?id=hvd.hxq2xl&seq=9
HN2NR2,urn:cts:latinLit:phi0914.phi001,deu,555,0.6423835339,7,572,3.473873874,50158,9361,0.190064678,7,572,555,0.980565371,Titus Livius (Livy),Ab urbe condita,Livy.,Tite Livi Ab urbe condita libri.,https://babel.hathitrust.org/cgi/pt?id=hvd.hn2nr2&seq=7
HXJV1B,urn:cts:latinLit:phi0959.phi006,lat,555,0.6516001427,13,578,2.27027027,43381,6668,0.1582753644,13,568,553,0.9946043165,Ovid,Metamorphoses,Ovid,"Publius Ovidius Naso,",https://babel.hathitrust.org/cgi/pt?id=hvd.hxjv1b&seq=13
HXJV13,urn:cts:latinLit:phi0959.phi006,lat,552,0.6745735957,11,564,2.802536232,30139,7585,0.2550473296,11,564,552,0.9963898917,Ovid,Metamorphoses,Ovid,P. Ovidii Nasonis Opera omnia :,https://babel.hathitrust.org/cgi/pt?id=hvd.hxjv13&seq=11
32044085241818,urn:cts:latinLit:phi0690.phi003,lat,552,0.6469390245,207,835,12.46376812,53321,10247,0.2447138371,207,832,551,0.8801916933,Virgil,Aeneid,Virgil.,Publii Virgilii Maronis Opera notis ex editione Heyniana excerptis illustrata.,https://babel.hathitrust.org/cgi/pt?id=hvd.32044085241818&seq=207
HW2MFO,urn:cts:latinLit:phi0978.phi001,lat,552,0.617253476,13,593,3.117753623,38049,8095,0.2262554773,13,590,551,0.9532871972,"Pliny, the Elder",Naturalis Historia,Pliny,C. Plinii Secundi Naturalis historiae libri XXXVII,https://babel.hathitrust.org/cgi/pt?id=hvd.hw2mfo&seq=13
HN26SW,urn:cts:greekLit:tlg0012.tlg002,ell,550,0.6189688919,24,596,2.603636364,28688,6040,0.2128736327,24,596,550,0.9598603839,Homer,Odyssey,Homer.,"Homeri Odyssea, graece.",https://babel.hathitrust.org/cgi/pt?id=hvd.hn26sw&seq=24
HW2J6V,urn:cts:greekLit:tlg0012.tlg001,lat,553,0.6217814306,13,626,3.593128391,35602,7962,0.2332041946,13,583,550,0.9632224168,Homer,Iliad,Homer.,Homeri Odyssea graece et latine.,https://babel.hathitrust.org/cgi/pt?id=hvd.hw2j6v&seq=13
HXJA7V,urn:cts:greekLit:tlg0032.tlg001,ell,556,0.6710350527,33,623,3.507194245,40795,9009,0.2383434731,33,590,548,0.982078853,Xenophon,Hellenica,Xenophon.,"Xenophōntos ta sōzomena. Xenophontis quae extant,",https://babel.hathitrust.org/cgi/pt?id=hvd.hxja7v&seq=33
HXQ4DW,urn:cts:latinLit:phi0550.phi001,lat,546,0.6090799788,40,612,2.967032967,37179,5181,0.1456231727,47,612,545,0.9628975265,Lucretius,De Rerum Natura,"Lucretius Carus, Titus.",De rerum natura libri sex ex editione Gilberti Wakefieldi cum notis et interpretation in usum delphini variis lectionibus notis variorum recensu editionum et codicum et indice locupletissimo accurate recensiti,https://babel.hathitrust.org/cgi/pt?id=hvd.hxq4dw&seq=47
HXDSIF,urn:cts:latinLit:phi1035.phi001,lat,546,0.638187547,18,587,2.503663004,24161,5676,0.2340860881,18,569,545,0.9873188406,"Valerius Flaccus, Gaius",Argonautica,,Berliner Studien für classische Philologie und Archaeologie.,https://babel.hathitrust.org/cgi/pt?id=hvd.hxdsif&seq=18
HXK2GX,urn:cts:latinLit:phi1002.phi001,lat,546,0.6305075764,16,568,2.717948718,41490,6152,0.1571533151,19,563,543,0.9963302752,Quintilian,Institutio Oratoria,Quintilian.,De institutione oratoria,https://babel.hathitrust.org/cgi/pt?id=hvd.hxk2gx&seq=19
HN2XZS,urn:cts:latinLit:phi0959.phi006,lat,544,0.6465407695,9,565,2.386029412,43791,6628,0.1558114805,9,555,542,0.9908592322,Ovid,Metamorphoses,Ovid,Publii Ovidii Nasonis Opera omnia,https://babel.hathitrust.org/cgi/pt?id=hvd.hn2xzs&seq=9
32044011827763,urn:cts:greekLit:tlg0012.tlg002,eng,541,0.6201612838,16,584,2.519408503,47654,6476,0.1443959115,16,562,537,0.9817184644,Homer,Odyssey,Homer,Homer's Odyssey.,https://babel.hathitrust.org/cgi/pt?id=hvd.32044011827763&seq=16
HXK2GW,urn:cts:latinLit:phi1002.phi001,lat,542,0.6417013337,35,608,2.642066421,40612,6231,0.1651011259,61,602,537,0.9907749077,Quintilian,Institutio Oratoria,Quintilian.,De institutione oratoria,https://babel.hathitrust.org/cgi/pt?id=hvd.hxk2gw&seq=61
HN3SIQ,urn:cts:greekLit:tlg0016.tlg001,ell,535,0.6886633501,72,1150,2.568224299,37267,8812,0.2538288261,72,1150,535,0.4958294717,Herodotus,Histories,Herodotus.,Herodotos erklaert,https://babel.hathitrust.org/cgi/pt?id=hvd.hn3siq&seq=72
HXJVFX,urn:cts:greekLit:tlg0012.tlg002,eng,538,0.6015257742,19,1122,2.925650558,47684,6386,0.1420906522,19,1098,534,0.4944444444,Homer,Odyssey,Homer,Homer's Odyssey.,https://babel.hathitrust.org/cgi/pt?id=hvd.hxjvfx&seq=19
HXJFDP,urn:cts:greekLit:tlg0032.tlg007,lat,539,0.6796806774,16,673,3.176252319,37512,9454,0.2602999689,31,562,532,1,Xenophon,Cyropaedia,Xenophon.,De Cyri disciplina libri VIII.,https://babel.hathitrust.org/cgi/pt?id=hvd.hxjfdp&seq=31
HW2K1F,urn:cts:greekLit:tlg0032.tlg007,ell,550,0.658929951,11,647,4.352727273,37420,9744,0.2765215495,11,549,532,0.987012987,Xenophon,Cyropaedia,Xenophon.,Xenophontis quae extant ex librorum scriptorum fide et virorum doctorum conjecturis,https://babel.hathitrust.org/cgi/pt?id=hvd.hw2k1f&seq=11
32044010026813,urn:cts:latinLit:phi0690.phi003,eng,538,0.6081040404,49,631,2.838289963,59603,5107,0.0869710318,75,621,532,0.9725776965,Virgil,Aeneid,Virgil.,Opera.,https://babel.hathitrust.org/cgi/pt?id=hvd.32044010026813&seq=75
HXJUVS,urn:cts:latinLit:phi0690.phi003,eng,536,0.607736252,47,629,2.680970149,59758,5096,0.08655765885,73,619,531,0.970749543,Virgil,Aeneid,Virgil.,"P. Vergili Maronis opera. The works of Virgil,",https://babel.hathitrust.org/cgi/pt?id=hvd.hxjuvs&seq=73
HW2J87,urn:cts:greekLit:tlg0012.tlg002,ell,530,0.6042595507,20,574,3.435849057,46767,7357,0.1623152642,20,574,530,0.954954955,Homer,Odyssey,Homer.,"Odyssea,",https://babel.hathitrust.org/cgi/pt?id=hvd.hw2j87&seq=20
HN4CQG,urn:cts:latinLit:phi0474.phi057,lat,531,0.6001250456,7,672,3.299435028,28462,7617,0.270820869,7,562,530,0.9532374101,"Cicero, Marcus Tullius",Letters to Atticus,"Cicero, Marcus Tullius.","Marci Tullii Ciceronis Opera quae supersunt, omnia",https://babel.hathitrust.org/cgi/pt?id=hvd.hn4cqg&seq=7
32044021073325,urn:cts:greekLit:tlg0059.tlg030,ell,528,0.6307888889,9,545,3.975378788,37879,10125,0.2870413929,9,545,528,0.9832402235,Plato,Republic,Plato.,Platonis Respublica.,https://babel.hathitrust.org/cgi/pt?id=hvd.32044021073325&seq=9
HW2K1S,urn:cts:greekLit:tlg0032.tlg007,lat,528,0.6430621559,11,542,3.160984848,30918,7952,0.2739713524,11,542,528,0.992481203,Xenophon,Cyropaedia,Xenophon.,"Xenophōntos Kyrou paideias : biblia oktō = Xenophontis De Cyri institutione : libri octo : Graeca recognovit, cum codice MSto Oxoniensi & omnibus ferè libris editis contulit, plurimis in locis emendavit, versionem Latinam reformavit, observationibus suis, tabulâque geographicâ auxit & illustravit",https://babel.hathitrust.org/cgi/pt?id=hvd.hw2k1s&seq=11
HN22F8,urn:cts:latinLit:phi1020.phi001,lat,531,0.733406669,32,966,2.374764595,35612,9946,0.2917338405,323,850,528,1,"Statius, P. Papinius (Publius Papinius)",Thebais,"Statius, P. Papinius",Publii Papinii Statii Sylvarum lib. V. ; Thebaidos lib. XII. ; Achilleidos lib. II.,https://babel.hathitrust.org/cgi/pt?id=hvd.hn22f8&seq=323
HXJVLA,urn:cts:latinLit:phi0474.phi049,lat,526,0.6413921698,31,591,2.403041825,37656,7284,0.2015238851,49,591,523,0.9631675875,"Cicero, Marcus Tullius",Tusculanae Disputationes,"Cicero, Marcus Tullius.","M.T. Ciceronis quae exstant omnia opera, cum deperditorum fragmentis in quatuor partes divisa, item indices quinque novi et absolutissimi.",https://babel.hathitrust.org/cgi/pt?id=hvd.hxjvla&seq=49
HW2M8I,urn:cts:latinLit:phi0914.phi001,lat,556,0.6175522976,17,702,3.473021583,36924,7741,0.2216448253,177,702,522,0.9923954373,Titus Livius (Livy),Ab urbe condita,Livy.,T. Livii Patavini Historiarum libri qui supersunt,https://babel.hathitrust.org/cgi/pt?id=hvd.hw2m8i&seq=177
HN2U79,urn:cts:latinLit:phi0914.phi001,lat,559,0.6119708045,15,700,3.53667263,36568,7749,0.2238776731,175,700,522,0.9923954373,Titus Livius (Livy),Ab urbe condita,Livy.,T. Livii Patavini Historiarum libri qui supersunt,https://babel.hathitrust.org/cgi/pt?id=hvd.hn2u79&seq=175
HXJV1L,urn:cts:latinLit:phi0959.phi006,lat,536,0.664172348,13,568,2.649253731,42078,6985,0.1752048666,47,568,521,0.9980842912,Ovid,Metamorphoses,Ovid,P. Ovidii Nasonis Metamorphoses.,https://babel.hathitrust.org/cgi/pt?id=hvd.hxjv1l&seq=47
32044005551270,urn:cts:latinLit:phi0860.phi001,lat,530,0.7033402059,27,640,3.205660377,39105,9934,0.266007821,27,555,519,0.9810964083,"Curtius Rufus, Quintus",Historiarum Alexandri Magni,"Curtius Rufus, Quintus","Q. Curtii Rufi De gestis Alexandri Magni, regis Macedonum, libri qui supersunt octo",https://babel.hathitrust.org/cgi/pt?id=hvd.32044005551270&seq=27
HN2NS9,urn:cts:latinLit:phi0917.phi001,lat,594,0.6357454498,17,790,8.057239057,43608,8292,0.2096031702,31,548,518,1,Lucan,Civil War,Lucan,"De bello civili. Cnm H. Grotii, Farnabii notis integris Ivariorum selectiss[imis]. Accurante Corn: Schrevelio.",https://babel.hathitrust.org/cgi/pt?id=hvd.hn2ns9&seq=31
HW2MP2,urn:cts:latinLit:phi0550.phi001,lat,517,0.610028521,44,586,2.901353965,35634,4943,0.1453422371,51,586,516,0.9626865672,Lucretius,De Rerum Natura,"Lucretius Carus, Titus.",De rerum natura libri sex ex editione Gilberti Wakefieldi cum notis et interpretation in usum delphini variis lectionibus notis variorum recensu editionum et codicum et indice locupletissimo accurate recensiti,https://babel.hathitrust.org/cgi/pt?id=hvd.hw2mp2&seq=51
HN2M6R,urn:cts:latinLit:phi0690.phi003,deu,519,0.7393453499,235,788,2.558766859,41170,9949,0.2441276631,235,773,515,0.9554730983,Virgil,Aeneid,Virgil.,Vergil's Gedichte,https://babel.hathitrust.org/cgi/pt?id=hvd.hn2m6r&seq=235
HXKCHC,urn:cts:latinLit:phi1345.phi001,lat,516,0.6578669356,59,600,2.965116279,35812,7272,0.2079574204,76,600,515,0.980952381,"Silius Italicus, Tiberius Catius",Punica,"Silius Italicus, Tiberius Catius.","Caii Silii Italici Punicorum libri septemdecim. Varietate lectionis et commentario perpetuo,",https://babel.hathitrust.org/cgi/pt?id=hvd.hxkchc&seq=76
HW2MFL,urn:cts:latinLit:phi0978.phi001,lat,514,0.613827897,11,545,3.036964981,35834,6980,0.2028299136,11,545,514,0.9607476636,"Pliny, the Elder",Naturalis Historia,Pliny,C. Plinii Secundi Naturalis historiae libri XXXVII,https://babel.hathitrust.org/cgi/pt?id=hvd.hw2mfl&seq=11
32044081740169,urn:cts:greekLit:tlg2115.tlg060,lat,520,0.6776734284,7,582,2.678846154,24798,7187,0.2987559143,51,577,514,0.9753320683,Hippolytus,Refutatio Omnium Haeresium (= Philosophumena),Hippolytus,"Philosophumena sive haeresium omnium confutatio opus Origeni adscriptum e codice parisino productum recensuit,",https://babel.hathitrust.org/cgi/pt?id=hvd.32044081740169&seq=51
HW2LQ3,urn:cts:latinLit:phi0690.phi003,deu,520,0.7233848618,235,791,3.336538462,43280,9959,0.2352359918,235,775,514,0.9500924214,Virgil,Aeneid,Virgil.,Gedichte.,https://babel.hathitrust.org/cgi/pt?id=hvd.hw2lq3&seq=235
32044085205805,urn:cts:latinLit:phi1276.phi001,deu,521,0.635629893,12,581,2.813819578,50688,7198,0.1431261182,57,573,513,0.9922630561,Juvenal,Saturae,Juvenal,D. Iunii Iuvenalis Saturae.,https://babel.hathitrust.org/cgi/pt?id=hvd.32044085205805&seq=57
HXQ4F8,urn:cts:latinLit:phi0978.phi001,lat,512,0.6244740953,7,537,3.0859375,35479,6967,0.2046035946,7,537,512,0.9642184557,"Pliny, the Elder",Naturalis Historia,Pliny,C. Plinii Secundi Naturalis historiae libri XXXVII,https://babel.hathitrust.org/cgi/pt?id=hvd.hxq4f8&seq=7
HN3SUT,urn:cts:latinLit:phi0690.phi003,deu,510,0.7486294067,13,560,4.062745098,41601,10593,0.2628172015,13,560,510,0.9306569343,Virgil,Aeneid,Virgil.,Aeneide. Für den schulgebrauch erläutert,https://babel.hathitrust.org/cgi/pt?id=hvd.hn3sut&seq=13
HW2MFS,urn:cts:latinLit:phi1020.phi001,lat,508,0.6279850252,14,528,2.131889764,34943,5016,0.1487808689,14,528,508,0.986407767,"Statius, P. Papinius (Publius Papinius)",Thebais,"Statius, P. Papinius",P. Papinii Statii Opera omnia : ex editione Bipontina : cum notis et interpretatione in usum Delphini : variis lectionibus notis variorum recensu editionum et codicum et indice locupletissimo accurate recensita.,https://babel.hathitrust.org/cgi/pt?id=hvd.hw2mfs&seq=14
HW2MFM,urn:cts:latinLit:phi0978.phi001,lat,507,0.6284985963,11,530,3.163708087,34888,7271,0.218955181,11,530,507,0.975,"Pliny, the Elder",Naturalis Historia,Pliny,C. Plinii Secundi Naturalis historiae libri XXXVII,https://babel.hathitrust.org/cgi/pt?id=hvd.hw2mfm&seq=11
HW2LQA,urn:cts:latinLit:phi0690.phi003,lat,514,0.6470250269,7,635,2.389105058,57993,5251,0.09113154057,7,516,507,0.9941176471,Virgil,Aeneid,Virgil.,Opera ad optimorum librorum fidem edidit perpetua et aliorum et sua adnotatione illustravit dissertationem de Virgilii vita et carminibus atque indicem rerum adiecit Ubertus Forbiger.,https://babel.hathitrust.org/cgi/pt?id=hvd.hw2lqa&seq=7
HW2MFN,urn:cts:latinLit:phi0978.phi001,lat,506,0.6266423665,11,532,3.138339921,35855,7686,0.223254095,11,532,506,0.969348659,"Pliny, the Elder",Naturalis Historia,Pliny,C. Plinii Secundi Naturalis historiae libri XXXVII,https://babel.hathitrust.org/cgi/pt?id=hvd.hw2mfn&seq=11
HNQIUY,urn:cts:greekLit:tlg0012.tlg001,deu,506,0.6647013585,21,1054,2.772727273,48176,7249,0.1522566081,21,1054,506,0.4893617021,Homer,Iliad,Homer.,Homers Ilias,https://babel.hathitrust.org/cgi/pt?id=hvd.hnqiuy&seq=21
HXQ4QG,urn:cts:latinLit:phi1020.phi001,lat,506,0.6298467727,12,524,2.118577075,34455,5012,0.1504472926,12,524,506,0.9863547758,"Statius, P. Papinius (Publius Papinius)",Thebais,"Statius, P. Papinius",P. Papinii Statii Opera omnia : ex editione Bipontina : cum notis et interpretatione in usum Delphini : variis lectionibus notis variorum recensu editionum et codicum et indice locupletissimo accurate recensita.,https://babel.hathitrust.org/cgi/pt?id=hvd.hxq4qg&seq=12
HW2JX9,urn:cts:latinLit:phi0448.phi002,deu,511,0.6320086794,19,563,3.53816047,30508,4579,0.1554109276,19,525,505,0.9960552268,Julius Caesar,Civil War,"Caesar, Julius.","C. Julii Caesaris Commentariorum de bello civili libri III. Grammatisch, kritisch und historisch erklärt",https://babel.hathitrust.org/cgi/pt?id=hvd.hw2jx9&seq=19
HN6R3K,urn:cts:latinLit:phi0690.phi003,deu,508,0.7580961655,225,758,2.452755906,38994,9922,0.258462067,225,748,505,0.963740458,Virgil,Aeneid,Virgil.,Gedichte. Erklaert,https://babel.hathitrust.org/cgi/pt?id=hvd.hn6r3k&seq=225
HN2CAD,urn:cts:greekLit:tlg0616.tlg001,ell,510,0.6885034858,19,570,2.858823529,30257,8389,0.2779910831,23,542,504,0.9692307692,Polyaenus Macedo,Strategemata,Polyaenus.,Polyaeni Strategematum libri octo,https://babel.hathitrust.org/cgi/pt?id=hvd.hn2cad&seq=23
32044098638232,urn:cts:latinLit:phi0690.phi003,lat,506,0.6697462495,10,678,2.173913043,30350,5514,0.1871302045,10,513,500,0.9920634921,Virgil,Aeneid,Virgil,"P. Virgilii Maronis Opera omnia : ex editione Heyniana cum notiset interpretatione in usum Delphini, variis lectionibus, notis variorum, excursibus Heynianis, recensu editionum et codicum et indice locupletissimo accurate recensita.",https://babel.hathitrust.org/cgi/pt?id=hvd.32044098638232&seq=10
HW32IB,urn:cts:greekLit:tlg0003.tlg001,ell,501,0.732420608,7,515,2.249500998,31921,8915,0.2855150629,7,511,500,0.9900990099,Thucydides,History of the Peloponnesian War,Thucydides.,[Syngraphē],https://babel.hathitrust.org/cgi/pt?id=hvd.hw32ib&seq=7
HN6R3L,urn:cts:latinLit:phi0690.phi003,deu,499,0.7638266258,231,755,2.448897796,38032,9911,0.2648760358,231,750,498,0.9576923077,Virgil,Aeneid,Virgil.,Gedichte. Lat. Erklært,https://babel.hathitrust.org/cgi/pt?id=hvd.hn6r3l&seq=231
HXJV1A,urn:cts:latinLit:phi0959.phi006,lat,514,0.6276250367,36,574,2.377431907,40456,5753,0.1492215946,73,574,497,0.9900398406,Ovid,Metamorphoses,Ovid,"Publius Ovidius Naso,",https://babel.hathitrust.org/cgi/pt?id=hvd.hxjv1a&seq=73
HN2NPI,urn:cts:latinLit:phi0914.phi001,deu,497,0.6450841305,7,510,3.382293763,44326,8383,0.1927852566,7,510,497,0.9861111111,Titus Livius (Livy),Ab urbe condita,Livy,Ab urbe condita libri,https://babel.hathitrust.org/cgi/pt?id=hvd.hn2npi&seq=7
HXJVFV,urn:cts:greekLit:tlg0012.tlg001,deu,497,0.6690762902,10,513,2.625754527,42226,8107,0.1966090483,10,513,497,0.9861111111,Homer,Iliad,Homer.,Homers Iliade,https://babel.hathitrust.org/cgi/pt?id=hvd.hxjvfv&seq=10
32044050663129,urn:cts:latinLit:phi0474.phi056,lat,497,0.6252488198,105,609,3.257545272,27511,7584,0.2867215216,105,609,497,0.9841584158,"Cicero, Marcus Tullius",Letters to his Friends,,"Scriptores latini in usum Delphini, cum notis variorum variis lectionibus, conspectu codicum et editionum et indicibus locupletissimus accurate recensiti.",https://babel.hathitrust.org/cgi/pt?id=hvd.32044050663129&seq=105
32044083853341,urn:cts:latinLit:phi0690.phi003,eng,493,0.6730603039,20,524,2.430020284,47453,7391,0.1576480798,20,524,493,0.9762376238,Virgil,Aeneid,Virgil.,Aeneid.,https://babel.hathitrust.org/cgi/pt?id=hvd.32044083853341&seq=20
HW2495,urn:cts:greekLit:tlg0012.tlg001,deu,492,0.6890121058,7,508,2.855691057,45895,7994,0.1766490962,7,508,492,0.9800796813,Homer,Iliad,Homer.,Ilias.,https://babel.hathitrust.org/cgi/pt?id=hvd.hw2495&seq=7
HWRFEY,urn:cts:latinLit:phi0978.phi001,deu,492,0.6863511827,17,516,2.81300813,39288,8378,0.2197837918,17,516,492,0.984,"Pliny, the Elder",Naturalis Historia,Pliny,Chrestomathia Pliniana.,https://babel.hathitrust.org/cgi/pt?id=hvd.hwrfey&seq=17
HN3STZ,urn:cts:latinLit:phi0690.phi003,deu,493,0.7523400595,221,735,2.501014199,37001,9965,0.2743533649,221,730,492,0.9647058824,Virgil,Aeneid,Virgil.,"Gedichte,",https://babel.hathitrust.org/cgi/pt?id=hvd.hn3stz&seq=221
HN3Q5B,urn:cts:latinLit:phi0690.phi003,eng,491,0.6869671757,10,506,2.289205703,47948,7383,0.1559550749,10,506,491,0.9879275654,Virgil,Aeneid,Virgil.,"Virgil's Aeneid, Books V. to XII.",https://babel.hathitrust.org/cgi/pt?id=hvd.hn3q5b&seq=10
32044009769308,urn:cts:greekLit:tlg0003.tlg001,ell,492,0.7195153637,7,507,2.304878049,33359,8249,0.2517335979,7,503,491,0.9879275654,Thucydides,History of the Peloponnesian War,Thucydides.,[Thucydides' Writing],https://babel.hathitrust.org/cgi/pt?id=hvd.32044009769308&seq=7
32044098639214,urn:cts:latinLit:phi1020.phi001,lat,484,0.6636905356,12,501,2.349173554,29908,6161,0.2118636071,12,501,484,0.987755102,"Statius, P. Papinius (Publius Papinius)",Thebais,"Statius, P. Papinius",P. Papinii Statii Opera omnia : ex editione Bipontina : cum notis et interpretatione in usum Delphini : variis lectionibus notis variorum recensu editionum et codicum et indice locupletissimo accurate recensita.,https://babel.hathitrust.org/cgi/pt?id=hvd.32044098639214&seq=12
HN2XZT,urn:cts:latinLit:phi0959.phi006,lat,502,0.628311212,29,560,2.478087649,39705,5730,0.1507519439,73,560,484,0.9918032787,Ovid,Metamorphoses,Ovid,Publii Ovidii Nasonis Opera omnia,https://babel.hathitrust.org/cgi/pt?id=hvd.hn2xzt&seq=73
HXJVL7,urn:cts:latinLit:phi0474.phi035,lat,485,0.6171396508,12,654,4.439175258,26593,7983,0.2935280547,20,643,479,0.7676282051,"Cicero, Marcus Tullius",Philippicae,"Cicero, Marcus Tullius.","M.T. Ciceronis quae exstant omnia opera, cum deperditorum fragmentis in quatuor partes divisa, item indices quinque novi et absolutissimi.",https://babel.hathitrust.org/cgi/pt?id=hvd.hxjvl7&seq=20
32044085243046,urn:cts:latinLit:phi0690.phi003,deu,475,0.7608373994,201,680,2.147368421,35237,9908,0.2866271981,201,680,475,0.9895833333,Virgil,Aeneid,Virgil.,Gedichte.,https://babel.hathitrust.org/cgi/pt?id=hvd.32044085243046&seq=201
HW2MF0,urn:cts:latinLit:phi0959.phi006,lat,473,0.6677767424,249,766,2.877378436,26542,6312,0.2422604667,295,766,469,0.9936440678,Ovid,Metamorphoses,Ovid,P. Ovidii Nasonis Opera omnia :,https://babel.hathitrust.org/cgi/pt?id=hvd.hw2mf0&seq=295
HXUW7R,urn:cts:latinLit:phi1038.phi001,lat,467,0.6604162414,9,480,2.974304069,24967,7207,0.2967215549,9,480,467,0.9894067797,Valerius Maximus,Facta et Dicta Memorabilia,Valerius Maximus.,Factorum dictorumque memorabilium libri novem.,https://babel.hathitrust.org/cgi/pt?id=hvd.hxuw7r&seq=9
32044085207223,urn:cts:latinLit:phi0914.phi001,eng,472,0.6804586592,44,535,2.569915254,30189,7489,0.2550586054,47,525,467,0.9749478079,Titus Livius (Livy),Ab urbe condita,Livy.,Selections from Livy;,https://babel.hathitrust.org/cgi/pt?id=hvd.32044085207223&seq=47
32044105220859,urn:cts:greekLit:tlg4029.tlg001,ell,465,0.6915037359,13,478,2.290322581,21635,6118,0.285237959,13,478,465,0.9978540773,Procopius,De Bellis,,Fonti per la storia d'Italia pubblicate dall'Istituto storico italiano.,https://babel.hathitrust.org/cgi/pt?id=hvd.32044105220859&seq=13
32044085242170,urn:cts:latinLit:phi0690.phi003,deu,462,0.759947239,11,492,2.952380952,37890,9929,0.2689954661,11,492,462,0.9585062241,Virgil,Aeneid,Virgil.,Aeneide. Für den schulgebrauch erläutert,https://babel.hathitrust.org/cgi/pt?id=hvd.32044085242170&seq=11
HN2NPH,urn:cts:latinLit:phi0914.phi001,deu,462,0.6456536948,11,485,3.534632035,28196,7185,0.2556875335,21,482,460,0.9956709957,Titus Livius (Livy),Ab urbe condita,Livy,Ab urbe condita libri,https://babel.hathitrust.org/cgi/pt?id=hvd.hn2nph&seq=21
HXJUV5,urn:cts:latinLit:phi1038.phi001,lat,461,0.6834986075,28,508,3.4164859,29659,7446,0.2607791051,28,505,460,0.9623430962,Valerius Maximus,Facta et Dicta Memorabilia,Valerius Maximus.,Valerius Maximus De dictis factisque memorabilibus ; et Jul. Obsequens De Prodigiis,https://babel.hathitrust.org/cgi/pt?id=hvd.hxjuv5&seq=28
HXQ4LK,urn:cts:latinLit:phi1038.phi001,lat,460,0.6917381039,29,512,3.010869565,29051,7474,0.2669459094,29,509,459,0.9542619543,Valerius Maximus,Facta et Dicta Memorabilia,Valerius Maximus.,Valerius Maximus De dictis factisque memorabilibus ; et Jul. Obsequens De Prodigiis,https://babel.hathitrust.org/cgi/pt?id=hvd.hxq4lk&seq=29
HXJA8H,urn:cts:greekLit:tlg0099.tlg001,ell,460,0.6609944374,34,522,3.17173913,26478,7719,0.2920767188,54,522,459,0.9786780384,Strabo,Geography,Strabo.,Strabonis Rerum geographicarum libri XVII,https://babel.hathitrust.org/cgi/pt?id=hvd.hxja8h&seq=54
HXJVFU,urn:cts:greekLit:tlg0012.tlg001,deu,457,0.6601322998,49,513,2.590809628,37745,7414,0.2002781485,49,513,457,0.9827956989,Homer,Iliad,Homer.,Homers Iliade,https://babel.hathitrust.org/cgi/pt?id=hvd.hxjvfu&seq=49
HXIK5I,urn:cts:latinLit:phi0690.phi003,lat,456,0.7615407917,154,614,2.585526316,41911,9971,0.2403640318,154,614,456,0.989154013,Virgil,Aeneid,Virgil.,"[P. Virgilii Maronis] Opera omnia,",https://babel.hathitrust.org/cgi/pt?id=hvd.hxik5i&seq=154
32044085123628,urn:cts:greekLit:tlg0012.tlg001,deu,455,0.6982892145,9,474,2.30989011,28958,7282,0.2505309214,9,474,455,0.9763948498,Homer,Iliad,Homer.,Iliade.,https://babel.hathitrust.org/cgi/pt?id=hvd.32044085123628&seq=9
HN3SMZ,urn:cts:latinLit:phi1351.phi004,deu,454,0.6424761871,11,471,2.295154185,42419,7525,0.1801438604,11,471,454,0.9848156182,"Tacitus, Cornelius",Historiae,"Tacitus, Cornelius.",Historiarum libri qui supersunt.,https://babel.hathitrust.org/cgi/pt?id=hvd.hn3smz&seq=11
HW2K1O,urn:cts:greekLit:tlg0032.tlg006,ell,482,0.6552698067,21,580,5.433609959,25816,6977,0.2966681641,21,475,453,0.9956043956,Xenophon,Anabasis,Xenophon.,Kyrou anabasis,https://babel.hathitrust.org/cgi/pt?id=hvd.hw2k1o&seq=21
32044095138806,urn:cts:greekLit:tlg0012.tlg001,deu,449,0.7022796567,15,469,2.374164811,28693,7956,0.2798419657,15,469,449,0.9868131868,Homer,Iliad,Homer.,Ilias.,https://babel.hathitrust.org/cgi/pt?id=hvd.32044095138806&seq=15
AH5BXD,urn:cts:greekLit:tlg0086.tlg010,ell,449,0.607693007,23,481,3.256124722,28838,5757,0.2026737627,23,481,449,0.9782135076,Aristotle,Nicomachean Ethics,Aristotle.,Aristotelous Ēthikōn nikomacheiōn biblia deka = Aristotelis Ethicorum Nicomacheorum libri decem,https://babel.hathitrust.org/cgi/pt?id=hvd.ah5bxd&seq=23
HXJUZ7,urn:cts:latinLit:phi0448.phi001,lat,456,0.7207797583,38,556,2.094298246,30305,7265,0.2520695031,38,507,449,0.9553191489,Julius Caesar,Gallic War,"Caesar, Julius.",Caesar ad bodices,https://babel.hathitrust.org/cgi/pt?id=hvd.hxjuz7&seq=38
HXG97D,urn:cts:greekLit:tlg0086.tlg010,ell,448,0.6299336527,21,481,3.022321429,28394,5831,0.2072614517,21,478,447,0.9759825328,Aristotle,Nicomachean Ethics,Aristotle.,Aristotelous Ēthikōn Nikomacheiōn bibla deka = Aristotelis ethicorum Nicomacheorum libri decem,https://babel.hathitrust.org/cgi/pt?id=hvd.hxg97d&seq=21
HXQ4Q4,urn:cts:latinLit:phi1020.phi001,lat,446,0.6387479068,14,485,2.67264574,34497,5321,0.1572183769,14,485,446,0.9449152542,"Statius, P. Papinius (Publius Papinius)",Thebais,"Statius, P. Papinius",Libri quinque Silvarum P. Papinii Statii cum varietate lectionun et selectis ...,https://babel.hathitrust.org/cgi/pt?id=hvd.hxq4q4&seq=14
HN2M58,urn:cts:latinLit:phi0914.phi001,deu,446,0.6767886216,9,459,3.594170404,37897,9073,0.245807814,9,454,444,0.9955156951,Titus Livius (Livy),Ab urbe condita,Livy.,Titi Livi Ab urbe condita libri.,https://babel.hathitrust.org/cgi/pt?id=hvd.hn2m58&seq=9
32044085208957,urn:cts:latinLit:phi0917.phi001,lat,448,0.7083606168,41,513,2.741071429,34765,7776,0.228410488,65,513,444,0.9888641425,Lucan,Civil War,Lucan,M. Annaei Lucani Pharsalia,https://babel.hathitrust.org/cgi/pt?id=hvd.32044085208957&seq=65
HW2MF1,urn:cts:latinLit:phi0959.phi006,lat,442,0.639626052,11,453,3.192307692,25361,5630,0.2259508817,11,453,442,0.9977426637,Ovid,Metamorphoses,Ovid,P. Ovidii Nasonis Opera omnia :,https://babel.hathitrust.org/cgi/pt?id=hvd.hw2mf1&seq=11
HN2NSC,urn:cts:latinLit:phi0914.phi001,deu,442,0.6244556534,11,465,3.753393665,40634,7046,0.1751003034,11,465,442,0.9714285714,Titus Livius (Livy),Ab urbe condita,Livy.,Titi Livi Ab urbe condita libri.,https://babel.hathitrust.org/cgi/pt?id=hvd.hn2nsc&seq=11
32044036309532,urn:cts:greekLit:tlg0032.tlg006,lat,479,0.6575109674,45,661,6.935281837,34155,8157,0.2634268244,53,494,440,0.9954751131,Xenophon,Anabasis,Xenophon.,Xenophontis Expeditio Cyri ...,https://babel.hathitrust.org/cgi/pt?id=hvd.32044036309532&seq=53
HW2CYR,urn:cts:latinLit:phi0690.phi003,lat,440,0.6536373836,9,485,2.990909091,41112,7247,0.1805898851,9,455,438,0.9798657718,Virgil,Aeneid,Virgil.,P. Virgilii Maronis Opera in tironum gratiam perpetua annotatione illustrata a Chr. Gottl. Heyne,https://babel.hathitrust.org/cgi/pt?id=hvd.hw2cyr&seq=9
HN4MXE,urn:cts:latinLit:phi0959.phi006,lat,441,0.6625333205,38,501,2.498866213,31186,5812,0.1969040147,48,501,437,0.9625550661,Ovid,Metamorphoses,Ovid,"Opera,",https://babel.hathitrust.org/cgi/pt?id=hvd.hn4mxe&seq=48
HW2JG4,urn:cts:greekLit:tlg0059.tlg034,lat,438,0.6754545693,78,602,2.061643836,34748,5507,0.1649266041,129,602,436,0.9198312236,Plato,Laws,Plato.,Platonis Opera omnia...,https://babel.hathitrust.org/cgi/pt?id=hvd.hw2jg4&seq=129
32044038420097,urn:cts:greekLit:tlg0059.tlg034,lat,438,0.6761579096,76,598,1.99086758,34716,5533,0.1661617883,125,598,436,0.9198312236,Plato,Laws,Plato.,"Platonis Opera omnia,",https://babel.hathitrust.org/cgi/pt?id=hvd.32044038420097&seq=125
HN2WB3,urn:cts:latinLit:phi1212.phi002,lat,439,0.6252436251,31,505,3.646924829,30048,6531,0.2241710993,69,505,435,0.995423341,Apuleius,Metamorphoses,Apuleius,Lucii Apuleii Madaurensis Platonici philosophi opera.,https://babel.hathitrust.org/cgi/pt?id=hvd.hn2wb3&seq=69
HN26SA,urn:cts:greekLit:tlg0012.tlg001,ell,434,0.7172214165,15,449,2.716589862,32403,8088,0.2551120258,15,449,434,0.9977011494,Homer,Iliad,Homer.,Iliade.,https://babel.hathitrust.org/cgi/pt?id=hvd.hn26sa&seq=15
32044085241842,urn:cts:latinLit:phi0690.phi003,eng,435,0.6705258213,185,639,3.970114943,48669,9605,0.2015603708,185,630,432,0.9686098655,Virgil,Aeneid,Virgil.,"Publii Virgilii Maronis opera, or, The works of Virgil : with copious notes, mythological, biographical, historical ... in English : compiled from the best commentators ... : together with an ordo of the most intricate parts of the text : designed for the use of students in the colleges, academies, and other seminaries, in the United States ... : to which is added, table of reference ...",https://babel.hathitrust.org/cgi/pt?id=hvd.32044085241842&seq=185
HN25CG,urn:cts:greekLit:tlg0016.tlg001,deu,435,0.6824815429,10,503,2.749425287,33575,7101,0.2225227556,68,503,432,0.9908256881,Herodotus,Histories,Herodotus.,Herodotos,https://babel.hathitrust.org/cgi/pt?id=hvd.hn25cg&seq=68
32044085241826,urn:cts:latinLit:phi0690.phi003,eng,433,0.6334926319,187,639,4.642032333,48201,9561,0.2031063585,187,630,430,0.9684684685,Virgil,Aeneid,Virgil.,"Publii Virgilii Maronis opera, or, The works of Virgil : with copious notes, mythological, biographical, historical ... in English : compiled from the best commentators ... : together with an ordo of the most intricate parts of the text : designed for the use of students in the colleges, academies, and other seminaries, in the United States ... : to which is added, table of reference ...",https://babel.hathitrust.org/cgi/pt?id=hvd.32044085241826&seq=187
HN27Y5,urn:cts:greekLit:tlg0003.tlg001,deu,457,0.6202853455,14,547,3.81619256,38374,5264,0.1374804506,90,538,430,0.9576837416,Thucydides,History of the Peloponnesian War,Thucydides.,Thukydides;,https://babel.hathitrust.org/cgi/pt?id=hvd.hn27y5&seq=90
32044085241834,urn:cts:latinLit:phi0690.phi003,eng,432,0.6733653222,187,643,3.861111111,48173,9544,0.2023756212,187,634,429,0.9575892857,Virgil,Aeneid,Virgil.,"Publii Virgilii Maronis opera, or, The works of Virgil : with copious notes, mythological, biographical, historical ... in English : compiled from the best commentators ... : together with an ordo of the most intricate parts of the text : designed for the use of students in the colleges, academies, and other seminaries, in the United States ... : to which is added, table of reference ...",https://babel.hathitrust.org/cgi/pt?id=hvd.32044085241834&seq=187
HW22O6,urn:cts:latinLit:phi0690.phi003,eng,430,0.614598631,179,629,7.479069767,49522,9530,0.1970215709,179,620,428,0.9683257919,Virgil,Aeneid,Virgil.,"Opera, or The works of Virgil. With copious notes ... compiled from the best commentators, with many that are new. Together with an ordo of the most intricate parts of the text ... Designed for the use of students in the colleges, academies, and other seminaries, in the United States. To which is added, a table of reference.",https://babel.hathitrust.org/cgi/pt?id=hvd.hw22o6&seq=179
HW2LPY,urn:cts:latinLit:phi0690.phi003,eng,432,0.6645909731,162,636,4.430555556,48658,9531,0.2009553167,185,626,428,0.9683257919,Virgil,Aeneid,Virgil.,"Opera, or The works of Virgil. With copious notes [and] an Ordo of the most intricate parts of the text.",https://babel.hathitrust.org/cgi/pt?id=hvd.hw2lpy&seq=185
32044018768697,urn:cts:latinLit:phi0690.phi003,eng,430,0.6334578715,185,635,4.597674419,47919,9551,0.2034523102,185,626,428,0.9683257919,Virgil,Aeneid,Virgil.,"Opera, or The works of Virgil, with copious notes in English, compiled from the best commentators. Designed for the use of students. To which is added a table of reference",https://babel.hathitrust.org/cgi/pt?id=hvd.32044018768697&seq=185
HN4QJR,urn:cts:latinLit:phi0690.phi003,eng,430,0.6376927336,183,633,4.506976744,47802,9512,0.2031474072,183,624,428,0.9683257919,Virgil,Aeneid,Virgil.,"Publii Virgilii Maronis Opera, or, The works of Virgil : with copious notes ... in English : compiled from the best commentators, with many that are new, together with an ordo of the most intricate parts of the text ... to which is added, a table of reference",https://babel.hathitrust.org/cgi/pt?id=hvd.hn4qjr&seq=183
HN4QJQ,urn:cts:latinLit:phi0690.phi003,eng,431,0.633856141,187,637,4.798143852,48107,9517,0.2026635581,187,628,428,0.9683257919,Virgil,Aeneid,Virgil.,"Opera, or The works of Virgil. With copious notes, mythological, biographical, etc., in English;",https://babel.hathitrust.org/cgi/pt?id=hvd.hn4qjq&seq=187
HN3S3D,urn:cts:latinLit:phi0690.phi003,eng,431,0.6230188646,183,634,4.770301624,48423,9558,0.2021094664,183,624,428,0.9683257919,Virgil,Aeneid,Virgil.,"Publii Virgilii Maronis Opera, or, The works of Virgil : with copious notes, mythological, biographical, historical, geographical, philosophical, astronomical, critical, and explanatory, in English",https://babel.hathitrust.org/cgi/pt?id=hvd.hn3s3d&seq=183
HN6F2F,urn:cts:latinLit:phi0690.phi003,eng,431,0.6009533988,185,635,5.605568445,48799,9527,0.2000347043,185,626,428,0.9683257919,Virgil,Aeneid,Virgil.,"Publii Virgilii Maronis opera, or The works of Virgil. With copious notes, mythological, biographical ...",https://babel.hathitrust.org/cgi/pt?id=hvd.hn6f2f&seq=185
HW22GV,urn:cts:latinLit:phi0690.phi003,eng,430,0.6270208564,185,635,4.646511628,48171,9552,0.2024488004,185,626,428,0.9683257919,Virgil,Aeneid,Virgil.,"Opera, or The works of Virgil. With copious notes, mythological, biographical ...",https://babel.hathitrust.org/cgi/pt?id=hvd.hw22gv&seq=185
HN5XKJ,urn:cts:latinLit:phi0690.phi003,eng,432,0.6161765396,185,636,4.953703704,48788,9541,0.2001663972,185,626,428,0.9683257919,Virgil,Aeneid,Virgil.,"Opera, or The works of Virgil, with copious notes ... Designed for the use of students in the colleges, academies, and other seminaries, in the United States ... To which is added a table of reference",https://babel.hathitrust.org/cgi/pt?id=hvd.hn5xkj&seq=185
HXQ2RQ,urn:cts:latinLit:phi0860.phi001,lat,440,0.6656186824,19,619,2.831818182,25203,6342,0.2666152132,175,619,427,0.9595505618,"Curtius Rufus, Quintus",Historiarum Alexandri Magni,"Curtius Rufus, Quintus.",Quinti Curtii Rufi De rebus gestis Alexandri Magni,https://babel.hathitrust.org/cgi/pt?id=hvd.hxq2rq&seq=175
HN6F2E,urn:cts:latinLit:phi0690.phi003,eng,429,0.6634491435,181,629,4.433566434,48124,9458,0.2014145611,181,620,426,0.9681818182,Virgil,Aeneid,Virgil.,"Publii Virgilii Maronis opera; or, The works of Virgil. With copious notes, mythological, biographical, historical ... in English; comp. from the best commentators... Together with an ordo of the most intricate parts of the text, upon the same page with the text. Designed for the use of students in the colleges, academies, and other seminaries, in the United States... To which is added, A table of reference...",https://babel.hathitrust.org/cgi/pt?id=hvd.hn6f2e&seq=181
HN2NSF,urn:cts:latinLit:phi0914.phi001,deu,426,0.6285960239,9,447,4.382629108,37726,7276,0.1966333118,9,443,425,0.9770114943,Titus Livius (Livy),Ab urbe condita,Livy.,Titi Livi Ab urbe condita libri.,https://babel.hathitrust.org/cgi/pt?id=hvd.hn2nsf&seq=9
32044058169764,urn:cts:latinLit:phi0914.phi001,deu,426,0.6563612169,11,471,3.631455399,36106,8780,0.2440880135,11,463,424,0.93598234,Titus Livius (Livy),Ab urbe condita,Livy.,"Ab urbe condita liber iii-x, xxix, xxx.",https://babel.hathitrust.org/cgi/pt?id=hvd.32044058169764&seq=11
32044095138970,urn:cts:greekLit:tlg0059.tlg030,lat,430,0.602394112,37,533,3.404651163,40195,4354,0.1103199213,96,533,422,0.9634703196,Plato,Republic,Plato.,Platonis Opera graece,https://babel.hathitrust.org/cgi/pt?id=hvd.32044095138970&seq=96
HXJA7S,urn:cts:greekLit:tlg0032.tlg006,lat,442,0.6423099075,35,546,4.488687783,30603,7308,0.258265762,35,459,421,0.9905882353,Xenophon,Anabasis,Xenophon.,De Cyri expeditione commentarii.,https://babel.hathitrust.org/cgi/pt?id=hvd.hxja7s&seq=35
HW2K1G,urn:cts:greekLit:tlg0032.tlg006,lat,441,0.6599344918,37,548,4.117913832,30368,7311,0.2603795342,37,461,420,0.9882352941,Xenophon,Anabasis,Xenophon.,Xenophontis quae extant ex librorum scriptorum fide et virorum doctorum conjecturis,https://babel.hathitrust.org/cgi/pt?id=hvd.hw2k1g&seq=37
HW2M81,urn:cts:latinLit:phi0860.phi001,lat,433,0.6555585259,31,621,3.050808314,25273,6283,0.2645072779,183,621,420,0.9567198178,"Curtius Rufus, Quintus",Historiarum Alexandri Magni,"Curtius Rufus, Quintus",Quinti Curtii Rufi De rebus gestis Alexandri Magni,https://babel.hathitrust.org/cgi/pt?id=hvd.hw2m81&seq=183
32044101829224,urn:cts:latinLit:phi0917.phi001,eng,443,0.6524851083,28,528,3.898419865,33484,8912,0.2649938019,103,528,419,0.9835680751,Lucan,Civil War,Lucan,Pharsalia,https://babel.hathitrust.org/cgi/pt?id=hvd.32044101829224&seq=103
HN31QA,urn:cts:latinLit:phi0959.phi007,lat,436,0.6541517178,31,521,2.614678899,34114,5110,0.1511683385,31,455,417,0.9811764706,Ovid,Fasti,Ovid,Publii Ovidii Nasonis Opera omnia,https://babel.hathitrust.org/cgi/pt?id=hvd.hn31qa&seq=31
HN765L,urn:cts:latinLit:phi0917.phi001,lat,419,0.6899899216,15,437,2.770883055,32198,6480,0.2049091103,20,437,417,0.9976076555,Lucan,Civil War,Lucan,"M. Annæi Lucani De bello civili : pars prima [-altera] cum Hugonis Grotii, Farnabii notis integris & variorum selectissimis",https://babel.hathitrust.org/cgi/pt?id=hvd.hn765l&seq=20
32044095138798,urn:cts:greekLit:tlg0012.tlg001,deu,414,0.6604224525,21,443,2.579710145,26541,7202,0.2722672458,21,443,414,0.9787234043,Homer,Iliad,Homer.,Ilias.,https://babel.hathitrust.org/cgi/pt?id=hvd.32044095138798&seq=21
32044036329647,urn:cts:latinLit:phi0690.phi003,lat,414,0.6328421752,14,434,2.161835749,26322,4077,0.1619116719,14,434,414,0.9833729216,Virgil,Aeneid,Virgil,"P. Virgilii Maronis Opera omnia : ex editione Heyniana cum notiset interpretatione in usum Delphini, variis lectionibus, notis variorum, excursibus Heynianis, recensu editionum et codicum et indice locupletissimo accurate recensita.",https://babel.hathitrust.org/cgi/pt?id=hvd.32044036329647&seq=14
HW2J72,urn:cts:greekLit:tlg0012.tlg001,deu,413,0.72972059,37,475,2.198547215,37412,7459,0.2019629248,37,475,413,0.9407744875,Homer,Iliad,Homer.,Homers Ilias : für den Schulgebrauch erklärt / von J. La Roche.,https://babel.hathitrust.org/cgi/pt?id=hvd.hw2j72&seq=37
HN2NPW,urn:cts:latinLit:phi0914.phi001,deu,412,0.6029655123,9,425,3.876213592,39186,5984,0.1544711539,9,425,412,0.9880095923,Titus Livius (Livy),Ab urbe condita,Livy.,Tite Livi Ab urbe condita libri.,https://babel.hathitrust.org/cgi/pt?id=hvd.hn2npw&seq=9
32044098646268,urn:cts:latinLit:phi0978.phi001,lat,412,0.6152739659,11,441,3.004854369,28468,5994,0.2236391361,11,441,412,0.9559164733,"Pliny, the Elder",Naturalis Historia,Pliny,C. Plinii Secundi Naturalis historiae libri XXXVII,https://babel.hathitrust.org/cgi/pt?id=hvd.32044098646268&seq=11
HXJVLE,urn:cts:latinLit:phi0474.phi055,lat,417,0.6286622073,15,680,2.587529976,30839,5129,0.1734672362,63,487,411,0.9670588235,"Cicero, Marcus Tullius",De Officiis,"Cicero, Marcus Tullius.","M.T. Ciceronis quae exstant omnia opera, cum deperditorum fragmentis in quatuor partes divisa, item indices quinque novi et absolutissimi.",https://babel.hathitrust.org/cgi/pt?id=hvd.hxjvle&seq=63
HX5VRL,urn:cts:greekLit:tlg0016.tlg001,ell,410,0.6629284324,7,453,2.775609756,34383,7855,0.2362859786,7,424,408,0.976076555,Herodotus,Histories,Herodotus.,Herodotos. Für den Schulgebrauch,https://babel.hathitrust.org/cgi/pt?id=hvd.hx5vrl&seq=7
HW3FPF,urn:cts:latinLit:phi0959.phi006,deu,416,0.6366171814,11,457,4.276442308,36181,7082,0.200181024,11,418,408,1,Ovid,Metamorphoses,Ovid,Die Metamorphosen des P. Ovidius Naso ...,https://babel.hathitrust.org/cgi/pt?id=hvd.hw3fpf&seq=11
32044038446241,urn:cts:latinLit:stoa0040.stoa080a,lat,411,0.658722667,47,763,2.98783455,22999,5752,0.25486979,349,760,406,0.9854368932,Augustine,Liber de Divinis Scripturis sive Speculum quod fertur S. Augustini,Augustine,S. Avreli Avgvstini Hipponensis episcopi Liber qvi appellatvr Specvlvm et Liber de divinis scriptvris sive Specvlvm qvod fertvr S. Avgvstini.,https://babel.hathitrust.org/cgi/pt?id=hvd.32044038446241&seq=349
HW2JG3,urn:cts:greekLit:tlg0059.tlg034,lat,414,0.6338493179,25,647,2.765700483,34333,4635,0.1430865194,195,647,405,0.8940397351,Plato,Laws,Plato.,Platonis Opera omnia...,https://babel.hathitrust.org/cgi/pt?id=hvd.hw2jg3&seq=195
HN21QE,urn:cts:latinLit:phi0959.phi007,lat,406,0.6641241717,29,491,2.935960591,28017,5250,0.1899810348,29,434,405,0.9975369458,Ovid,Fasti,Ovid,"Pvb. Ovidii Nasonis opera omnia, in tres tomos divisa ex accuratissima recensione Nicol. Heinsii. ...",https://babel.hathitrust.org/cgi/pt?id=hvd.hn21qe&seq=29
32044012749727,urn:cts:latinLit:stoa0040.stoa080a,lat,409,0.6620145796,47,763,2.894865526,21953,5730,0.2659663945,349,760,405,0.9830097087,Augustine,Liber de Divinis Scripturis sive Speculum quod fertur S. Augustini,,Corpus scriptorum ecclesiasticorum Latinorum.,https://babel.hathitrust.org/cgi/pt?id=hvd.32044012749727&seq=349
HN64VE,urn:cts:latinLit:phi1276.phi001,lat,402,0.661247265,12,414,1.982587065,24013,3469,0.1526156341,12,414,402,0.9975186104,Juvenal,Saturae,Juvenal.,"Decii Junii Juvenalis et A. Persii Satyræ,",https://babel.hathitrust.org/cgi/pt?id=hvd.hn64ve&seq=12
HXQ4FZ,urn:cts:greekLit:tlg0003.tlg001,ell,402,0.641449495,16,425,2.360696517,29113,4803,0.1680843447,16,425,402,0.9804878049,Thucydides,History of the Peloponnesian War,Thucydides.,"Thucydidis De Bello Peloponnesiaco libri octo. De arte huius scriptoris historica exposuit; eius vitas a veteribus grammaticis conscriptas addidit; codicum rationem atque auctoritatem examinavit; graeca ex iis emendavit; scripturae diversitates omnes, commentarios rerum geographicarum, scholia graeca et notas tum Dukeri omnes atque aliorum selectas tum suas; denique indices rerum et verborum locupletissimos",https://babel.hathitrust.org/cgi/pt?id=hvd.hxq4fz&seq=16
HNJVN6,urn:cts:latinLit:phi0448.phi001,deu,420,0.6791443724,21,505,4.445238095,46594,6335,0.1387755986,21,434,401,0.9685990338,Julius Caesar,Gallic War,"Caesar, Julius.",Belli Gallici libri vii und A. Hirtii liber viii.,https://babel.hathitrust.org/cgi/pt?id=hvd.hnjvn6&seq=21
HN26S9,urn:cts:greekLit:tlg0012.tlg001,ell,401,0.7070870834,14,450,2.561097257,29298,7375,0.2576825969,49,450,400,0.9950248756,Homer,Iliad,Homer.,Iliade.,https://babel.hathitrust.org/cgi/pt?id=hvd.hn26s9&seq=49
HW3FWH,urn:cts:greekLit:tlg0016.tlg001,ell,400,0.6342618276,7,446,5.255,33935,7700,0.2376325111,7,416,398,0.9707317073,Herodotus,Histories,Herodotus.,Herodotos.,https://babel.hathitrust.org/cgi/pt?id=hvd.hw3fwh&seq=7
HXQ4QF,urn:cts:latinLit:phi1020.phi001,lat,401,0.6851117199,10,594,2.391521197,24827,5130,0.2139095441,10,411,397,0.9875621891,"Statius, P. Papinius (Publius Papinius)",Thebais,"Statius, P. Papinius",P. Papinii Statii Opera omnia : ex editione Bipontina : cum notis et interpretatione in usum Delphini : variis lectionibus notis variorum recensu editionum et codicum et indice locupletissimo accurate recensita.,https://babel.hathitrust.org/cgi/pt?id=hvd.hxq4qf&seq=10
HW2MFT,urn:cts:latinLit:phi1020.phi001,lat,395,0.6891576947,12,411,2.349367089,24402,5114,0.2152060546,12,411,395,0.9875,"Statius, P. Papinius (Publius Papinius)",Thebais,"Statius, P. Papinius",P. Papinii Statii Opera omnia : ex editione Bipontina : cum notis et interpretatione in usum Delphini : variis lectionibus notis variorum recensu editionum et codicum et indice locupletissimo accurate recensita.,https://babel.hathitrust.org/cgi/pt?id=hvd.hw2mft&seq=12
HN2NPF,urn:cts:latinLit:phi0914.phi001,deu,394,0.6585706916,7,402,3.172588832,34933,6862,0.1992861511,7,402,394,0.9949494949,Titus Livius (Livy),Ab urbe condita,Livy.,Tite Livi Ab urbe condita libri.,https://babel.hathitrust.org/cgi/pt?id=hvd.hn2npf&seq=7
HN27Y6,urn:cts:greekLit:tlg0003.tlg001,deu,398,0.6731921253,9,440,2.472361809,33311,5132,0.1564645082,9,424,393,0.9447115385,Thucydides,History of the Peloponnesian War,Thucydides.,Thukydides;,https://babel.hathitrust.org/cgi/pt?id=hvd.hn27y6&seq=9
32044098638919,urn:cts:latinLit:phi0959.phi007,lat,393,0.66200589,75,474,2.305343511,23929,4963,0.2107560784,82,474,392,0.9974554707,Ovid,Fasti,Ovid,P. Ovidii Nasonis Opera omnia :,https://babel.hathitrust.org/cgi/pt?id=hvd.32044098638919&seq=82
HXJV15,urn:cts:latinLit:phi0959.phi007,lat,393,0.7012449793,173,572,2.328244275,24137,4975,0.2093640464,180,572,392,0.9974554707,Ovid,Fasti,Ovid,P. Ovidii Nasonis Opera omnia :,https://babel.hathitrust.org/cgi/pt?id=hvd.hxjv15&seq=180
32044052938446,urn:cts:greekLit:tlg2018.tlg002,lat,391,0.6103924865,108,514,2.41943734,18017,4462,0.2555902945,108,514,391,0.9606879607,Eusebius of Caesarea,Ecclesiastical History,Eusebius,Eusebii Pamphili Historiae ecclesiasticae libri X,https://babel.hathitrust.org/cgi/pt?id=hvd.32044052938446&seq=108
HN2NPX,urn:cts:latinLit:phi0914.phi001,deu,391,0.6602709252,7,398,3.153452685,34744,6821,0.1990963209,7,398,391,0.9974489796,Titus Livius (Livy),Ab urbe condita,Livy,Ab urbe condita libri,https://babel.hathitrust.org/cgi/pt?id=hvd.hn2npx&seq=7
32044038420105,urn:cts:greekLit:tlg0059.tlg034,lat,393,0.6838141863,15,570,2.361323155,30323,5163,0.1797039282,15,443,390,0.9090909091,Plato,Laws,Plato.,"Platonis Opera omnia,",https://babel.hathitrust.org/cgi/pt?id=hvd.32044038420105&seq=15
32044085123974,urn:cts:greekLit:tlg0012.tlg002,deu,389,0.6344281321,22,418,2.794344473,25715,5940,0.2317411629,22,418,389,0.9798488665,Homer,Odyssey,Homer.,Odyssea.,https://babel.hathitrust.org/cgi/pt?id=hvd.32044085123974&seq=22
HN21QI,urn:cts:latinLit:phi0959.phi007,lat,388,0.6825608419,35,422,2.298969072,26110,5041,0.195619858,35,422,388,1,Ovid,Fasti,Ovid,"Pvb. Ovidii Nasonis opera omnia, in tres tomos divisa ex accuratissima recensione Nicol. Heinsii. ...",https://babel.hathitrust.org/cgi/pt?id=hvd.hn21qi&seq=35
HW2J7Q,urn:cts:greekLit:tlg0012.tlg001,ell,387,0.7492981482,7,417,2.291989664,34598,8126,0.2364725835,7,417,387,0.9416058394,Homer,Iliad,Homer.,Homers Ilias : für den Schulgebrauch erklärt / von J. La Roche.,https://babel.hathitrust.org/cgi/pt?id=hvd.hw2j7q&seq=7
HWJXKS,urn:cts:latinLit:phi0845.phi002,lat,395,0.625497955,81,753,3.767088608,25712,5755,0.2406909327,335,722,382,0.9845360825,"Columella, Lucius Junius Moderatus",Res Rustica,"Schneider, Gottlob Io.",Scriptores rei rusticae,https://babel.hathitrust.org/cgi/pt?id=hvd.hwjxks&seq=335
HW2K0Q,urn:cts:greekLit:tlg0003.tlg001,ell,408,0.689107086,13,542,5.546568627,29775,7146,0.2529400012,13,404,381,0.9719387755,Thucydides,History of the Peloponnesian War,Thucydides.,[Syngraphē],https://babel.hathitrust.org/cgi/pt?id=hvd.hw2k0q&seq=13
32044011233947,urn:cts:latinLit:phi0917.phi001,lat,392,0.6879814665,9,457,4.926020408,30625,8283,0.2810563315,41,437,380,0.9571788413,Lucan,Civil War,Lucan,M. Annaei Lucani Pharsaliae libri X. Ad meliorum librorum fidem,https://babel.hathitrust.org/cgi/pt?id=hvd.32044011233947&seq=41
32044005541909,urn:cts:latinLit:phi1351.phi004,eng,387,0.6974854059,58,538,4.488372093,34613,7138,0.2135513816,131,522,377,0.9617346939,"Tacitus, Cornelius",Historiae,"Tacitus, Cornelius.","Cornelii Taciti historiarum libri qui supersunt. The histories of Tacitus, with introduction, notes, and an index;",https://babel.hathitrust.org/cgi/pt?id=hvd.32044005541909&seq=131
32044085198471,urn:cts:latinLit:phi0860.phi001,deu,390,0.7193140689,32,496,3.830769231,33548,8723,0.269973814,66,456,377,0.9641943734,"Curtius Rufus, Quintus",Historiarum Alexandri Magni,"Curtius Rufus, Quintus",Historiarum Alexandri Magni Macedonis libri qui supersunt.,https://babel.hathitrust.org/cgi/pt?id=hvd.32044085198471&seq=66
HXJ983,urn:cts:greekLit:tlg0012.tlg001,eng,375,0.6679599747,65,474,2.677333333,25139,6008,0.25531826,69,474,374,0.921182266,Homer,Iliad,Homer.,"The Iliad of Homer, chiefly from the text of Heyne, with copious English notes ...",https://babel.hathitrust.org/cgi/pt?id=hvd.hxj983&seq=69
HN27XR,urn:cts:greekLit:tlg0003.tlg001,deu,378,0.6503000858,7,420,2.955026455,32952,4710,0.1450328414,7,396,374,0.958974359,Thucydides,History of the Peloponnesian War,Thucydides.,Thukydides;,https://babel.hathitrust.org/cgi/pt?id=hvd.hn27xr&seq=7
HW2PWV,urn:cts:greekLit:tlg0012.tlg002,deu,371,0.6864663633,18,393,2.506738544,30948,5786,0.1897638832,18,393,371,0.9867021277,Homer,Odyssey,Homer.,Odyssee.,https://babel.hathitrust.org/cgi/pt?id=hvd.hw2pwv&seq=18
HN3NMY,urn:cts:latinLit:phi0959.phi002,lat,378,0.6252984318,20,420,2.777777778,13859,4034,0.2913428646,20,405,371,0.9611398964,Ovid,Epistulae,Ovid,"Epistolæ heroidum. Ab omni obscoenitate purgatæ, cum annotationibus & interpretatione, ad usum scholarum Soc. Jesu.",https://babel.hathitrust.org/cgi/pt?id=hvd.hn3nmy&seq=20
HW2LMR,urn:cts:latinLit:phi0959.phi007,lat,370,0.6554490142,25,395,2.748648649,34555,5097,0.1513506593,25,395,370,0.9973045822,Ovid,Fasti,Ovid,P. Ovidii Nasonis Fastorum libri VI.,https://babel.hathitrust.org/cgi/pt?id=hvd.hw2lmr&seq=25
HNNQRG,urn:cts:greekLit:tlg0012.tlg001,ell,369,0.6038383361,10,392,3.460704607,24443,6046,0.2579978567,10,392,369,0.9634464752,Homer,Iliad,Homer.,Homērou Ilias syn tois scholiois pseudepigraphois Didymou.,https://babel.hathitrust.org/cgi/pt?id=hvd.hnnqrg&seq=10
HN2NSE,urn:cts:latinLit:phi0914.phi001,deu,369,0.6565912242,9,377,3.059620596,33334,6239,0.1907091944,9,377,369,1,Titus Livius (Livy),Ab urbe condita,Livy.,Titi Livi Ab urbe condita libri.,https://babel.hathitrust.org/cgi/pt?id=hvd.hn2nse&seq=9
HXJUNK,urn:cts:latinLit:phi1017.phi013,lat,369,0.7040649018,276,715,2.311653117,23601,5928,0.2618074226,331,715,368,0.9558441558,"Seneca, Lucius Annaeus",De Beneficiis,"Seneca, Lucius Annaeus","L. Annæ Senecæ, pars prima; sive opera philosophica ...",https://babel.hathitrust.org/cgi/pt?id=hvd.hxjunk&seq=331
HXIKKD,urn:cts:greekLit:tlg0012.tlg001,ell,368,0.640691049,9,377,4.116847826,30422,8146,0.2732031252,9,377,368,0.9972899729,Homer,Iliad,Homer.,Homeri Ilias : Graece et Latine,https://babel.hathitrust.org/cgi/pt?id=hvd.hxikkd&seq=9
HW2J6X,urn:cts:greekLit:tlg0012.tlg001,ell,368,0.6025717723,13,381,5.070652174,31331,7915,0.258433158,13,381,368,0.9972899729,Homer,Iliad,Homer.,Ilias.,https://babel.hathitrust.org/cgi/pt?id=hvd.hw2j6x&seq=13
HXJVRK,urn:cts:greekLit:tlg0032.tlg006,ell,370,0.7349496248,18,427,2.624324324,26942,7185,0.2727129739,55,427,367,0.9839142091,Xenophon,Anabasis,Xenophon.,"Xenophons Anabasis,",https://babel.hathitrust.org/cgi/pt?id=hvd.hxjvrk&seq=55
HW2JR7,urn:cts:greekLit:tlg0012.tlg002,deu,367,0.7149521146,11,401,2.286103542,33414,6080,0.1839740751,31,401,366,0.9865229111,Homer,Odyssey,Homer.,Homers Odyssee für den schulgebrauch erklärt,https://babel.hathitrust.org/cgi/pt?id=hvd.hw2jr7&seq=31
HW2PWU,urn:cts:greekLit:tlg0012.tlg002,deu,366,0.682808733,9,394,2.661202186,30010,6085,0.2060976146,27,394,365,0.9918478261,Homer,Odyssey,Homer.,Odyssee.,https://babel.hathitrust.org/cgi/pt?id=hvd.hw2pwu&seq=27
HW2J6U,urn:cts:greekLit:tlg0012.tlg002,ell,364,0.6109193143,12,385,3.508241758,30754,5474,0.1829374675,12,385,364,0.9732620321,Homer,Odyssey,Homer.,"Odyssea,",https://babel.hathitrust.org/cgi/pt?id=hvd.hw2j6u&seq=12
32044096580345,urn:cts:latinLit:stoa0171.stoa009,lat,398,0.60726975,34,509,6.590452261,54714,15467,0.2865861829,45,416,364,0.9784946237,Lactantius,Divinarum Institutionum,,"Patrologiae cursus completus, sive biblioteca universalis, integra, uniformis, commoda, oeconomica, omnium SS. Patrum, doctorum scriptorumque eccelesiasticorum qui ab aevo apostolico ad usque Innocentii III tempora floruerunt ... [Series Latina, in qua prodeunt Patres, doctores scriptoresque Ecclesiae Latinae, a Tertulliano ad Innocentium III]",https://babel.hathitrust.org/cgi/pt?id=hvd.32044096580345&seq=45
HXQ4DP,urn:cts:latinLit:phi1017.phi013,lat,363,0.7052821358,268,701,2.327823691,23175,5863,0.2636567545,323,701,362,0.9551451187,"Seneca, Lucius Annaeus",De Beneficiis,"Seneca, Lucius Annaeus","L. Annæ Senecæ, pars prima; sive opera philosophica ...",https://babel.hathitrust.org/cgi/pt?id=hvd.hxq4dp&seq=323
HN3SJY,urn:cts:greekLit:tlg0016.tlg001,ell,362,0.6726484588,11,738,2.79281768,27430,6014,0.2322454529,11,738,362,0.4972527473,Herodotus,Histories,Herodotus.,Herodotos erklaert,https://babel.hathitrust.org/cgi/pt?id=hvd.hn3sjy&seq=11
HW2J8A,urn:cts:greekLit:tlg0012.tlg001,ell,361,0.630791081,18,389,3.972299169,30133,7198,0.2526447247,18,389,361,0.9704301075,Homer,Iliad,Homer.,Ilias.,https://babel.hathitrust.org/cgi/pt?id=hvd.hw2j8a&seq=18
32044083047431,urn:cts:latinLit:phi0690.phi003,fra,363,0.6839044906,63,436,2.644628099,32324,4813,0.1511957944,70,430,360,0.9972299169,Virgil,Aeneid,Virgil.,Oeuvres.,https://babel.hathitrust.org/cgi/pt?id=hvd.32044083047431&seq=70
HX5VUX,urn:cts:greekLit:tlg0012.tlg001,ell,360,0.637125287,18,389,4.044444444,30779,7457,0.2551618099,18,389,360,0.9677419355,Homer,Iliad,Homer.,Homeri Ilias : Graece et Latine,https://babel.hathitrust.org/cgi/pt?id=hvd.hx5vux&seq=18
HN2NQH,urn:cts:latinLit:phi0914.phi001,deu,359,0.6451257894,9,368,3.359331476,33211,5903,0.1807938988,9,368,359,0.9972222222,Titus Livius (Livy),Ab urbe condita,Livy,Ab urbe condita libri,https://babel.hathitrust.org/cgi/pt?id=hvd.hn2nqh&seq=9
HN1ZA3,urn:cts:latinLit:phi0474.phi050,lat,359,0.6398737513,17,392,4.052924791,22414,5950,0.2858446134,17,392,359,0.954787234,"Cicero, Marcus Tullius",de Natura Deorum,"Cicero, Marcus Tullius.","M. Tulli Ciceronis De natura deorum libri tres : cum notis integris Paulii Manucii, Petri Victorii, Joachimi Camerarii, Dionys. Lambini, Fulv. Ursini, & Joannis Walkeri",https://babel.hathitrust.org/cgi/pt?id=hvd.hn1za3&seq=17
HN27Y8,urn:cts:greekLit:tlg0003.tlg001,deu,356,0.637934925,11,403,3.72752809,30219,4577,0.1516562402,11,403,356,0.9058524173,Thucydides,History of the Peloponnesian War,Thucydides.,Thukydides;,https://babel.hathitrust.org/cgi/pt?id=hvd.hn27y8&seq=11
HXIJRA,urn:cts:latinLit:phi0474.phi005,lat,357,0.6294069827,279,736,3.366946779,27176,5569,0.2230356179,374,736,355,0.9779614325,"Cicero, Marcus Tullius",In C. Verrem,"Cicero, Marcus Tullius.",Ciceronis Orationes.,https://babel.hathitrust.org/cgi/pt?id=hvd.hxijra&seq=374
HW2LDG,urn:cts:latinLit:phi1276.phi001,lat,356,0.6488872239,7,411,2.570224719,34187,3915,0.1164506356,43,411,355,0.9620596206,Juvenal,Saturae,Juvenal.,"Satirae XVI, ad optimorum exemplarium fidem recensitae; perpetuo commentario illustratae, adque proemio et argumentis instructae,",https://babel.hathitrust.org/cgi/pt?id=hvd.hw2ldg&seq=43
HN3SML,urn:cts:latinLit:phi1276.phi001,lat,355,0.6570554715,9,411,2.442253521,33508,3921,0.1194606828,44,411,354,0.9619565217,Juvenal,Saturae,Juvenal,"D. Junii Juvenalis Satiræ xvi ad optimorum exemplarium fidem recensitæ, perpetuo commentario illustratæ a G.A.Rupeti, quibus adjectæ sunt A. Persii Satiræ ex recensione et cum notis G.L. Kœnig.",https://babel.hathitrust.org/cgi/pt?id=hvd.hn3sml&seq=44
HW2LDB,urn:cts:latinLit:phi1276.phi001,lat,355,0.6599455421,11,413,2.422535211,33434,3918,0.1196537991,46,413,354,0.9619565217,Juvenal,Saturae,Juvenal.,Decii Junii Juvenalis ex Auli Persii Flacci Satiræ / ex recensione et cum notis Ruperti et Kœnig.,https://babel.hathitrust.org/cgi/pt?id=hvd.hw2ldb&seq=46
HW2JRV,urn:cts:greekLit:tlg0012.tlg002,deu,353,0.6964104363,12,372,2.54674221,32167,5793,0.1824528688,12,372,353,0.9778393352,Homer,Odyssey,Homer.,Homers Odyssee für den schulgebrauch erklärt,https://babel.hathitrust.org/cgi/pt?id=hvd.hw2jrv&seq=12
HXQ4DR,urn:cts:latinLit:phi1017.phi015,lat,382,0.6392418698,16,691,3.955497382,21509,6343,0.2995603704,16,378,352,0.9696969697,"Seneca, Lucius Annaeus",Epistulae,"Seneca, Lucius Annaeus","L. Annæ Senecæ, pars prima; sive opera philosophica ...",https://babel.hathitrust.org/cgi/pt?id=hvd.hxq4dr&seq=16
HN27Y4,urn:cts:greekLit:tlg0003.tlg001,deu,351,0.6470773972,9,395,3.857549858,29337,4562,0.1561219756,9,395,351,0.9069767442,Thucydides,History of the Peloponnesian War,Thucydides.,Thukydides;,https://babel.hathitrust.org/cgi/pt?id=hvd.hn27y4&seq=9
HXJVLB,urn:cts:latinLit:phi0474.phi050,lat,354,0.7108058124,19,403,1.895480226,24693,5173,0.2269721489,37,398,350,0.9668508287,"Cicero, Marcus Tullius",de Natura Deorum,"Cicero, Marcus Tullius.","M.T. Ciceronis quae exstant omnia opera, cum deperditorum fragmentis in quatuor partes divisa, item indices quinque novi et absolutissimi.",https://babel.hathitrust.org/cgi/pt?id=hvd.hxjvlb&seq=37
HW32BW,urn:cts:greekLit:tlg0003.tlg001,deu,350,0.6084521994,13,437,4.368571429,30633,4468,0.1471820283,13,437,350,0.8235294118,Thucydides,History of the Peloponnesian War,Thucydides.,Thukydides;,https://babel.hathitrust.org/cgi/pt?id=hvd.hw32bw&seq=13
HN21QT,urn:cts:latinLit:phi0959.phi007,lat,351,0.660396302,15,935,2.310541311,27240,5232,0.1995621832,15,369,350,0.985915493,Ovid,Fasti,Ovid,"P. Ovidii Nasonis Opera omnia : in tres tomos divisa : cum integris Nicolai Heinsii, D.F., lectissimisque variorum notis : quibus non pauca, ad suos quæque antiquitatis fontes diligenti comparatione reducta, accesserunt, studio Borchardi Cnippingii.",https://babel.hathitrust.org/cgi/pt?id=hvd.hn21qt&seq=15
HN2NSI,urn:cts:latinLit:phi0914.phi001,deu,349,0.6605794112,10,358,3.217765043,29588,6386,0.2205239877,10,358,349,1,Titus Livius (Livy),Ab urbe condita,Livy.,Titi Livi Ab urbe condita libri.,https://babel.hathitrust.org/cgi/pt?id=hvd.hn2nsi&seq=10
HN2NQ4,urn:cts:latinLit:phi0959.phi007,lat,349,0.6536967388,15,369,3.214899713,26315,5208,0.2043861237,15,369,349,0.9830985915,Ovid,Fasti,Ovid,P. Ovidii Nasonis Opera omnia : in tres tomos divisa,https://babel.hathitrust.org/cgi/pt?id=hvd.hn2nq4&seq=15
HN2NSH,urn:cts:latinLit:phi0914.phi001,deu,349,0.632809643,11,362,3.484240688,31018,5799,0.189220122,11,362,349,0.9914772727,Titus Livius (Livy),Ab urbe condita,Livy.,Titi Livi Ab urbe condita libri.,https://babel.hathitrust.org/cgi/pt?id=hvd.hn2nsh&seq=11
HN2M5F,urn:cts:latinLit:phi0914.phi001,deu,349,0.6590666784,10,358,3.243553009,29552,6388,0.2206279221,10,358,349,1,Titus Livius (Livy),Ab urbe condita,"Cicero, Marcus Tullius.",M. Tullii Ciceronis Opera omnia,https://babel.hathitrust.org/cgi/pt?id=hvd.hn2m5f&seq=10
HN3SUR,urn:cts:latinLit:phi0959.phi006,deu,347,0.7102087051,25,375,3.317002882,31075,8297,0.272977605,25,375,347,0.9886039886,Ovid,Metamorphoses,Ovid,P. Ovidii Nasonis Metamorphoses;,https://babel.hathitrust.org/cgi/pt?id=hvd.hn3sur&seq=25
32044085186377,urn:cts:latinLit:phi0448.phi001,deu,347,0.7350784309,25,392,2.342939481,24024,6645,0.2828275657,25,392,347,0.9429347826,Julius Caesar,Gallic War,"Caesar, Julius.",Commentarii de bello Gallico.,https://babel.hathitrust.org/cgi/pt?id=hvd.32044085186377&seq=25
32044085215432,urn:cts:latinLit:phi1276.phi001,eng,359,0.6183266137,18,539,6.835654596,37125,4052,0.11371251,42,417,347,0.9228723404,Juvenal,Saturae,Juvenal,Decii Junii Juvenalis et A. Persii Flacci Satirae,https://babel.hathitrust.org/cgi/pt?id=hvd.32044085215432&seq=42
32044085175776,urn:cts:greekLit:tlg0032.tlg006,ell,350,0.742146775,12,433,2.717142857,30914,6391,0.2094122157,62,424,345,0.9504132231,Xenophon,Anabasis,Xenophon.,"Anabasis, für den schulgebrauch erklärt",https://babel.hathitrust.org/cgi/pt?id=hvd.32044085175776&seq=62
32044106463425,urn:cts:greekLit:tlg0093.tlg001,ell,347,0.694452164,20,405,2.729106628,29386,5923,0.2066644318,59,405,344,0.9913544669,Theophrastus,Enquiry into Plants,Theophrastus.,Theophrasti Eresii Opera quae supersunt omnia,https://babel.hathitrust.org/cgi/pt?id=hvd.32044106463425&seq=59
HN2NPM,urn:cts:latinLit:phi0914.phi001,deu,344,0.6124622522,13,368,5.404069767,31028,5605,0.1849184064,13,368,344,0.9662921348,Titus Livius (Livy),Ab urbe condita,Livy,Ab urbe condita libri,https://babel.hathitrust.org/cgi/pt?id=hvd.hn2npm&seq=13
HW2JR8,urn:cts:greekLit:tlg0012.tlg002,deu,345,0.7120364835,11,377,2.379710145,30640,6081,0.200428307,31,377,344,0.9913544669,Homer,Odyssey,Homer.,Homers Odyssee.,https://babel.hathitrust.org/cgi/pt?id=hvd.hw2jr8&seq=31
32044036358968,urn:cts:greekLit:tlg0016.tlg001,ell,347,0.6928217889,34,407,2.34870317,27904,6920,0.2534933481,61,407,343,0.9884726225,Herodotus,Histories,Herodotus.,"Herodotos : für den Schulgebrauch Erklärt, nebst Einleitung und Übersicht über den Dialekt",https://babel.hathitrust.org/cgi/pt?id=hvd.32044036358968&seq=61
HN27Y7,urn:cts:greekLit:tlg0003.tlg001,deu,358,0.6320408494,14,435,3.511173184,30401,4497,0.148638339,38,407,342,0.9243243243,Thucydides,History of the Peloponnesian War,Thucydides.,Thukydides;,https://babel.hathitrust.org/cgi/pt?id=hvd.hn27y7&seq=38
HN313P,urn:cts:latinLit:phi1276.phi001,eng,351,0.6172387937,18,513,5.823361823,35615,3991,0.1157250137,42,413,342,0.9193548387,Juvenal,Saturae,Juvenal,Decii Junii Juvenalis et A. Persii Flacci Satirae,https://babel.hathitrust.org/cgi/pt?id=hvd.hn313p&seq=42
32044014784334,urn:cts:greekLit:tlg0016.tlg001,ell,347,0.6389262572,62,436,3.550432277,19600,5564,0.2932389014,95,436,342,1,Herodotus,Histories,Herodotus.,"Herodotus, books VII and VIII;",https://babel.hathitrust.org/cgi/pt?id=hvd.32044014784334&seq=95
HW2K1R,urn:cts:greekLit:tlg0032.tlg006,ell,342,0.7206804351,34,408,2.692982456,28589,6290,0.2259396441,61,408,340,0.9770114943,Xenophon,Anabasis,Xenophon.,Anabasis. Für den Schulgebrauch erklärt,https://babel.hathitrust.org/cgi/pt?id=hvd.hw2k1r&seq=61
HW1W9W,urn:cts:latinLit:phi0959.phi006,deu,342,0.7110852523,9,765,3.461988304,31306,8118,0.2637019999,29,371,339,0.9883381924,Ovid,Metamorphoses,Ovid,"P. Ovidii Nasonis Metamorphoses; Auswahl für Schulen, mit erläuternden Anmerkungen und einem mythologisch-geographischen Register versehen von Dr. Johannes Siebelis...besorgt von Dr. Friedrich Polle.",https://babel.hathitrust.org/cgi/pt?id=hvd.hw1w9w&seq=29
HXQ4DF,urn:cts:latinLit:phi1351.phi004,lat,339,0.6758043761,12,353,3.477876106,30365,7121,0.24397255,12,353,339,0.9912280702,"Tacitus, Cornelius",Historiae,"Tacitus, Cornelius.","Opera,",https://babel.hathitrust.org/cgi/pt?id=hvd.hxq4df&seq=12
32044020262028,urn:cts:greekLit:tlg0086.tlg010,ell,336,0.6304495744,15,375,3.241071429,24028,5343,0.2381311094,15,375,336,0.9307479224,Aristotle,Nicomachean Ethics,Aristotle.,The ethics of Aristotle,https://babel.hathitrust.org/cgi/pt?id=hvd.32044020262028&seq=15
HN27Y3,urn:cts:greekLit:tlg0003.tlg001,deu,345,0.6484505125,12,410,3.194202899,29001,4487,0.1564884872,37,387,334,0.9515669516,Thucydides,History of the Peloponnesian War,Thucydides.,Thukydides;,https://babel.hathitrust.org/cgi/pt?id=hvd.hn27y3&seq=37
HW2JRW,urn:cts:greekLit:tlg0012.tlg002,deu,332,0.7066564792,11,347,2.563253012,30062,5792,0.1946576256,11,347,332,0.9851632047,Homer,Odyssey,Homer.,Homers Odyssee.,https://babel.hathitrust.org/cgi/pt?id=hvd.hw2jrw&seq=11
32044098639123,urn:cts:latinLit:phi1038.phi001,lat,340,0.6082415433,11,478,4.005882353,20388,4313,0.2252481277,121,478,332,0.9273743017,Valerius Maximus,Facta et Dicta Memorabilia,Valerius Maximus.,Valerii Maximi Factorum dictorumque memorabilium libri novem : ex editione Joannis Kappii :,https://babel.hathitrust.org/cgi/pt?id=hvd.32044098639123&seq=121
32044085192391,urn:cts:latinLit:phi0474.phi037,deu,342,0.7394001444,24,491,2.573099415,28127,7226,0.2683857255,71,412,332,0.9707602339,"Cicero, Marcus Tullius",On Oratory,"Cicero, Marcus Tullius.",De oratore.,https://babel.hathitrust.org/cgi/pt?id=hvd.32044085192391&seq=71
HXQ4LR,urn:cts:latinLit:phi1038.phi001,lat,339,0.6245536319,29,478,3.607669617,20342,4305,0.2251440023,121,478,331,0.9245810056,Valerius Maximus,Facta et Dicta Memorabilia,Valerius Maximus.,Factorum dictorumque memorabilium libri novem.,https://babel.hathitrust.org/cgi/pt?id=hvd.hxq4lr&seq=121
HN2225,urn:cts:latinLit:phi1276.phi001,lat,331,0.6575274096,13,344,2.277945619,20020,3657,0.1897035027,13,344,331,0.9969879518,Juvenal,Saturae,Juvenal,"Decii Junii Juvenalis et A. Persii Flacci satyrae,",https://babel.hathitrust.org/cgi/pt?id=hvd.hn2225&seq=13
32044073467771,urn:cts:greekLit:tlg0086.tlg010,ell,330,0.6294987539,17,365,3.163636364,23643,5286,0.2401877401,17,365,330,0.9455587393,Aristotle,Nicomachean Ethics,Aristotle.,The ethics of Aristotle,https://babel.hathitrust.org/cgi/pt?id=hvd.32044073467771&seq=17
HXK3XC,urn:cts:greekLit:tlg0086.tlg010,ell,329,0.6404467122,15,361,3.009118541,23691,5300,0.2401834619,15,361,329,0.9481268012,Aristotle,Nicomachean Ethics,Aristotle,The ethics of Aristotle,https://babel.hathitrust.org/cgi/pt?id=hvd.hxk3xc&seq=15
HN64XP,urn:cts:latinLit:phi1276.phi001,lat,329,0.6618158973,15,344,2.291793313,19927,3595,0.1872462378,15,344,329,0.996969697,Juvenal,Saturae,Juvenal.,Decii Juni Juvenalis et A. Persii Flacci Satirae : notis novissimis ac perpetuâ interpretatione,https://babel.hathitrust.org/cgi/pt?id=hvd.hn64xp&seq=15
32044085205664,urn:cts:latinLit:phi1276.phi001,lat,329,0.6565689483,9,339,2.094224924,33141,3737,0.1151467971,9,339,329,0.9939577039,Juvenal,Saturae,,D. Junii Juvenalis et A. Persii Flacci Satirae,https://babel.hathitrust.org/cgi/pt?id=hvd.32044085205664&seq=9
HXJTUM,urn:cts:greekLit:tlg0086.tlg010,ell,329,0.6379102004,13,359,3.045592705,23793,5296,0.239023961,13,359,329,0.9481268012,Aristotle,Nicomachean Ethics,Aristotle,The ethics of Aristotle,https://babel.hathitrust.org/cgi/pt?id=hvd.hxjtum&seq=13
32044098638901,urn:cts:latinLit:phi0959.phi002,lat,329,0.6343324029,69,399,2.844984802,20447,3956,0.19596481,69,399,329,0.9939577039,Ovid,Epistulae,Ovid,P. Ovidii Nasonis Opera omnia :,https://babel.hathitrust.org/cgi/pt?id=hvd.32044098638901&seq=69
HX5MGC,urn:cts:greekLit:tlg0086.tlg010,ell,329,0.6259512821,15,361,3.215805471,23758,5266,0.2386077757,15,361,329,0.9481268012,Aristotle,Nicomachean Ethics,Aristotle.,The ethics of Aristotle,https://babel.hathitrust.org/cgi/pt?id=hvd.hx5mgc&seq=15
HNJVNC,urn:cts:latinLit:phi0448.phi001,deu,341,0.6965283251,36,435,3.434017595,27083,6429,0.2405238548,89,419,328,0.9909365559,Julius Caesar,Gallic War,"Caesar, Julius",Commentarii de bello Gallico.,https://babel.hathitrust.org/cgi/pt?id=hvd.hnjvnc&seq=89
HW2MEZ,urn:cts:latinLit:phi0959.phi002,lat,328,0.6638127437,67,397,2.820121951,20628,3952,0.1939731933,67,397,328,0.9909365559,Ovid,Epistulae,Ovid,P. Ovidii Nasonis Opera omnia :,https://babel.hathitrust.org/cgi/pt?id=hvd.hw2mez&seq=67
32044010256832,urn:cts:latinLit:phi0959.phi008,lat,336,0.6175184012,61,460,2.553571429,16967,3655,0.2172154108,61,391,328,0.9909365559,Ovid,Tristia,Ovid,P. Ovidii Nasonis Tristium libri quinque et Ibis,https://babel.hathitrust.org/cgi/pt?id=hvd.32044010256832&seq=61
HX5PZC,urn:cts:greekLit:tlg0086.tlg010,ell,326,0.6020330904,13,359,3.960122699,24008,5226,0.2337716132,13,359,326,0.939481268,Aristotle,Nicomachean Ethics,Aristotle.,The ethics of Aristotle,https://babel.hathitrust.org/cgi/pt?id=hvd.hx5pzc&seq=13
HXJV1H,urn:cts:latinLit:phi0959.phi002,lat,326,0.6630566782,63,391,2.852760736,20376,3932,0.195274188,63,391,326,0.990881459,Ovid,Epistulae,Ovid,P. Ovidii Nasonis Opera omnia :,https://babel.hathitrust.org/cgi/pt?id=hvd.hxjv1h&seq=63
HN3SU5,urn:cts:latinLit:phi0959.phi006,deu,326,0.7031046471,25,356,3.426380368,29341,7810,0.2720365546,25,356,326,0.9819277108,Ovid,Metamorphoses,Ovid,P. Ovidii Nasonis Metamorphoses : auswahl für schulen,https://babel.hathitrust.org/cgi/pt?id=hvd.hn3su5&seq=25
HNNQDV,urn:cts:latinLit:phi0448.phi001,deu,341,0.7082406938,8,464,3.35483871,26869,6547,0.2481888346,59,384,325,0.9969325153,Julius Caesar,Gallic War,"Caesar, Julius.",C. Iulii Caesaris Commentarii de Bello Gallico,https://babel.hathitrust.org/cgi/pt?id=hvd.hnnqdv&seq=59
HN27MR,urn:cts:latinLit:phi0448.phi001,deu,338,0.707239882,32,427,3.198224852,26378,6293,0.2421524122,85,412,325,0.9908536585,Julius Caesar,Gallic War,"Caesar, Julius.",C. Iulii Caesaris Commentarii de bello Gallico;,https://babel.hathitrust.org/cgi/pt?id=hvd.hn27mr&seq=85
HXJRVW,urn:cts:latinLit:phi0690.phi003,lat,325,0.7428946036,8,338,2.350769231,20348,5679,0.2902683986,8,338,325,0.9818731118,Virgil,Aeneid,Virgil.,Publii Virgilii Maronis Opera,https://babel.hathitrust.org/cgi/pt?id=hvd.hxjrvw&seq=8
HN277F,urn:cts:greekLit:tlg0016.tlg001,ell,325,0.729578834,11,335,2.166153846,23536,5677,0.2585438053,11,335,325,1,Herodotus,Histories,Herodotus.,Herodotos,https://babel.hathitrust.org/cgi/pt?id=hvd.hn277f&seq=11
HN2NSG,urn:cts:latinLit:phi0914.phi001,deu,324,0.6249923585,9,341,4.833333333,28659,5633,0.201504142,9,341,324,0.972972973,Titus Livius (Livy),Ab urbe condita,Livy.,Titi Livi Ab urbe condita libri.,https://babel.hathitrust.org/cgi/pt?id=hvd.hn2nsg&seq=9
32044018336537,urn:cts:latinLit:phi1276.phi001,eng,335,0.6362910255,18,496,6.035820896,34662,3971,0.1197025121,39,392,324,0.9152542373,Juvenal,Saturae,Juvenal,Decii Junii Juvenalis et A. Persii Flacci Satirae.,https://babel.hathitrust.org/cgi/pt?id=hvd.32044018336537&seq=39
HXJUZ6,urn:cts:latinLit:phi0448.phi002,lat,341,0.6892521202,19,623,2.609970674,23042,4570,0.2083606195,19,346,324,0.987804878,Julius Caesar,Civil War,"Caesar, Julius.",Caesar ad bodices,https://babel.hathitrust.org/cgi/pt?id=hvd.hxjuz6&seq=19
HXJV18,urn:cts:latinLit:phi0959.phi002,lat,337,0.6403943671,36,511,2.759643917,24519,4247,0.1772172723,59,428,323,0.872972973,Ovid,Epistulae,Ovid,"Publius Ovidius Naso,",https://babel.hathitrust.org/cgi/pt?id=hvd.hxjv18&seq=59
HW2LVR,urn:cts:latinLit:phi1276.phi001,lat,322,0.6488130613,7,329,2.385093168,33663,3672,0.1124160481,7,329,322,0.9969040248,Juvenal,Saturae,,D. Junii Juvenalis et A. Persii Flacci Satirae,https://babel.hathitrust.org/cgi/pt?id=hvd.hw2lvr&seq=7
HN27SF,urn:cts:latinLit:phi0448.phi001,deu,330,0.7221145479,8,389,3.193939394,25601,6538,0.2606693209,57,378,320,0.9937888199,Julius Caesar,Gallic War,"Caesar, Julius.",C. Iulii Caesaris Commentarii de bello Gallico,https://babel.hathitrust.org/cgi/pt?id=hvd.hn27sf&seq=57
HXQ4PX,urn:cts:latinLit:phi1035.phi001,lat,333,0.6201572734,27,627,3.045045045,21217,4130,0.1926178316,234,611,320,0.8465608466,"Valerius Flaccus, Gaius",Argonautica,"Valerius Flaccus, Gaius","C. Valerii Flacci Setini Balbi Argonauticon libros octo,",https://babel.hathitrust.org/cgi/pt?id=hvd.hxq4px&seq=234
HN3U8A,urn:cts:greekLit:tlg1389.tlg001,ell,332,0.6027067607,13,387,4.674698795,25083,4855,0.2006554863,39,364,318,0.9754601227,Harpocration,Lexicon in decem oratores Atticos,"Harpocration, Valerius.",Harpocrationis Lexicon in decem oratores Atticos,https://babel.hathitrust.org/cgi/pt?id=hvd.hn3u8a&seq=39
HX5PX1,urn:cts:greekLit:tlg0016.tlg001,ell,317,0.7141464776,12,333,2.498422713,23705,5672,0.2492154216,12,333,317,0.9844720497,Herodotus,Histories,Herodotus.,The history of the Persian wars. [Selections.],https://babel.hathitrust.org/cgi/pt?id=hvd.hx5px1&seq=12
HNJVND,urn:cts:latinLit:phi0448.phi001,deu,331,0.7136180093,33,418,3.583081571,26236,6356,0.2454911558,72,385,314,1,Julius Caesar,Gallic War,"Caesar, Julius.",C. Julii Caesaris Commentarii de bello Gallico,https://babel.hathitrust.org/cgi/pt?id=hvd.hnjvnd&seq=72
HW2KHK,urn:cts:greekLit:tlg2018.tlg020,ell,326,0.6044635245,24,597,2.904907975,17349,4718,0.2941308555,24,354,313,0.9456193353,Eusebius of Caesarea,Vita Constantini,Eusebius,"Eusebii Pamphili de vita Constantini, libri IV. et panegyricus atque Constantini ad sanctorum coetum oratio : ex nova recognitione cum integro Henrici Valesii commentario selectis readingi strothii aliorumque observationibus",https://babel.hathitrust.org/cgi/pt?id=hvd.hw2khk&seq=24
32044002418820,urn:cts:greekLit:tlg0032.tlg006,ell,311,0.7363814511,21,332,2.649517685,23757,6761,0.2939158373,21,332,311,0.9967948718,Xenophon,Anabasis,Xenophon.,[Xenophōntos Kyrou anabasis],https://babel.hathitrust.org/cgi/pt?id=hvd.32044002418820&seq=21
HN51HW,urn:cts:latinLit:phi1351.phi004,lat,347,0.6596865754,13,616,7.175792507,32004,5769,0.1883401607,16,336,310,0.9657320872,"Tacitus, Cornelius",Historiae,"Tacitus, Cornelius.",Opera,https://babel.hathitrust.org/cgi/pt?id=hvd.hn51hw&seq=16
32044024421067,urn:cts:greekLit:tlg0032.tlg001,eng,314,0.6377127103,47,398,3.557324841,18007,4580,0.2633014769,51,360,309,0.9967741935,Xenophon,Hellenica,Xenophon.,"Xenophon's Hellenica; selections, edited with introduction, notes, and appendices,",https://babel.hathitrust.org/cgi/pt?id=hvd.32044024421067&seq=51
HW3J2H,urn:cts:greekLit:tlg0032.tlg001,eng,314,0.6317894587,47,398,3.694267516,18200,4587,0.2606583492,51,360,309,0.9967741935,Xenophon,Hellenica,Xenophon.,"Xenophon's Hellenica; selections, edited with introduction, notes, and appendices,",https://babel.hathitrust.org/cgi/pt?id=hvd.hw3j2h&seq=51
32044102855509,urn:cts:greekLit:tlg0032.tlg001,ell,314,0.6363442123,49,400,3.570063694,18013,4587,0.264363409,53,362,309,0.9967741935,Xenophon,Hellenica,Xenophon.,"Xenophon's Hellenica; selections, edited with introduction, notes, and appendices,",https://babel.hathitrust.org/cgi/pt?id=hvd.32044102855509&seq=53
HN2NR8,urn:cts:latinLit:phi0959.phi002,lat,314,0.6207797025,23,861,3.28343949,24977,4229,0.1760139824,23,330,308,1,Ovid,Epistulae,Ovid,P. Ovidii Nasonis Opera omnia : in tres tomos divisa,https://babel.hathitrust.org/cgi/pt?id=hvd.hn2nr8&seq=23
HN27N6,urn:cts:latinLit:phi0448.phi001,deu,320,0.7224804636,36,404,3.01875,25056,6435,0.2601071592,75,383,307,0.9935275081,Julius Caesar,Gallic War,"Caesar, Julius","Commentarii de bello gallico,",https://babel.hathitrust.org/cgi/pt?id=hvd.hn27n6&seq=75
32044085192086,urn:cts:latinLit:phi0474.phi049,deu,308,0.7163826619,19,344,2.769480519,28335,5663,0.2022185871,29,344,306,0.9683544304,"Cicero, Marcus Tullius",Tusculanae Disputationes,"Cicero, Marcus Tullius.",M. Tullii Ciceronis Tusculanarum disputationum ad M. Brutum libri quinque,https://babel.hathitrust.org/cgi/pt?id=hvd.32044085192086&seq=29
32044011938560,urn:cts:latinLit:phi0690.phi003,fra,306,0.7160489598,66,399,2.673202614,24292,5184,0.2160902954,66,370,305,1,Virgil,Aeneid,Virgil.,Oeuvres.,https://babel.hathitrust.org/cgi/pt?id=hvd.32044011938560&seq=66
HW2JWS,urn:cts:latinLit:phi0448.phi001,deu,324,0.7113996023,34,406,3.845679012,25884,6354,0.2483384676,73,377,305,1,Julius Caesar,Gallic War,"Caesar, Julius","C. Iulii Ceasaris commentarii de bello gallico,",https://babel.hathitrust.org/cgi/pt?id=hvd.hw2jws&seq=73
HXQ2P8,urn:cts:greekLit:tlg0059.tlg030,ell,304,0.6174896184,265,572,3.875,22842,5389,0.2548475976,265,572,304,0.987012987,Plato,Republic,Plato.,Platonis et quae vel Platonis esse feruntur vel Platonica solent comitari seripta graece omnia ad codices manuscriptos recensuit variasque inde lectiones,https://babel.hathitrust.org/cgi/pt?id=hvd.hxq2p8&seq=265
32044012756821,urn:cts:latinLit:phi0959.phi007,lat,329,0.6830918012,46,617,3.462006079,16931,5052,0.2968699329,315,617,303,1,Ovid,Fasti,Ovid,Fastorum Libri sex.,https://babel.hathitrust.org/cgi/pt?id=hvd.32044012756821&seq=315
32044021219795,urn:cts:latinLit:phi0474.phi035,eng,303,0.6826310044,21,374,3.349834983,23935,6160,0.2683987808,21,352,301,0.906626506,"Cicero, Marcus Tullius",Philippicae,"Cicero, Marcus Tullius.",The Philippic orations.,https://babel.hathitrust.org/cgi/pt?id=hvd.32044021219795&seq=21
HX5PWZ,urn:cts:greekLit:tlg0016.tlg001,ell,300,0.7101304232,19,347,2.306666667,22686,5292,0.2460413955,19,322,299,0.9835526316,Herodotus,Histories,Herodotus.,The history of the Persian wars. [Selections.],https://babel.hathitrust.org/cgi/pt?id=hvd.hx5pwz&seq=19
HW2EBF,urn:cts:latinLit:phi0914.phi001,deu,299,0.6194427234,11,337,4.7090301,25490,7039,0.2747830399,11,333,298,0.9226006192,Titus Livius (Livy),Ab urbe condita,Livy.,"Ab urbe condita, liber XXV [-XXVII]",https://babel.hathitrust.org/cgi/pt?id=hvd.hw2ebf&seq=11
HW2MF2,urn:cts:latinLit:phi0959.phi008,lat,298,0.6483573944,267,564,2.697986577,16994,3555,0.212427438,267,564,298,1,Ovid,Tristia,Ovid,P. Ovidii Nasonis Opera omnia :,https://babel.hathitrust.org/cgi/pt?id=hvd.hw2mf2&seq=267
HN4MXC,urn:cts:latinLit:phi0959.phi002,lat,309,0.6042726089,25,363,2.715210356,22060,4437,0.2129801506,69,363,295,1,Ovid,Epistulae,Ovid,"Opera,",https://babel.hathitrust.org/cgi/pt?id=hvd.hn4mxc&seq=69
HN26ST,urn:cts:greekLit:tlg0012.tlg002,ell,293,0.7161194632,13,306,2.518771331,20558,5885,0.2938256264,13,306,293,0.9965986395,Homer,Odyssey,Homer.,Homers Odyssee.,https://babel.hathitrust.org/cgi/pt?id=hvd.hn26st&seq=13
HN21W4,urn:cts:latinLit:phi1276.phi001,lat,293,0.6931805792,11,304,2.122866894,18126,3551,0.199594371,11,304,293,0.9965986395,Juvenal,Saturae,Juvenal,"Decii Junii Juvenalis et Auli Persii Satyræ,",https://babel.hathitrust.org/cgi/pt?id=hvd.hn21w4&seq=11
32044085217966,urn:cts:latinLit:phi0972.phi001,ita,297,0.662241416,23,355,2.828282828,13013,3582,0.2766140256,51,355,292,0.9573770492,Petronius Arbiter,Satyricon,Petronius Arbiter.,Il satirico,https://babel.hathitrust.org/cgi/pt?id=hvd.32044085217966&seq=51
HW2JXG,urn:cts:latinLit:phi0448.phi001,deu,292,0.7473742411,19,310,2.232876712,28598,6437,0.2324331362,19,310,292,1,Julius Caesar,Gallic War,"Caesar, Julius.",Commentarii de bello Gallico.,https://babel.hathitrust.org/cgi/pt?id=hvd.hw2jxg&seq=19
32044099567976,urn:cts:latinLit:phi1351.phi004,lat,332,0.6045894806,41,644,7.394578313,26505,6994,0.2789517398,89,386,290,0.9731543624,"Tacitus, Cornelius",Historiae,"Tacitus, Cornelius.",Operum quae supersunt.,https://babel.hathitrust.org/cgi/pt?id=hvd.32044099567976&seq=89
32044085192045,urn:cts:latinLit:phi0474.phi049,deu,289,0.7058352778,29,342,2.896193772,22803,5598,0.2465394544,29,339,288,0.9260450161,"Cicero, Marcus Tullius",Tusculanae Disputationes,"Cicero, Marcus Tullius.",Tusculanarum disputationum ad M. Brutum libri quinque.,https://babel.hathitrust.org/cgi/pt?id=hvd.32044085192045&seq=29
32044009652231,urn:cts:latinLit:phi0914.phi001,eng,286,0.6669031615,15,308,3.304195804,19764,5109,0.2697491553,25,308,284,1,Titus Livius (Livy),Ab urbe condita,Livy.,Livy.,https://babel.hathitrust.org/cgi/pt?id=hvd.32044009652231&seq=25
HN28YQ,urn:cts:greekLit:tlg0003.tlg001,ell,284,0.6593396789,17,300,3.330985915,21193,5076,0.2492670663,17,300,284,1,Thucydides,History of the Peloponnesian War,Thucydides.,The history of the war between the Peloponnesians and Athenians.,https://babel.hathitrust.org/cgi/pt?id=hvd.hn28yq&seq=17
32044050964303,urn:cts:latinLit:phi0893.phi001,lat,288,0.6452206009,29,478,2.545138889,17216,3146,0.1826161083,113,398,282,0.986013986,Horace,Odes,Horace.,Opera.,https://babel.hathitrust.org/cgi/pt?id=hvd.32044050964303&seq=113
HN3RTL,urn:cts:latinLit:phi1276.phi001,deu,288,0.6737137752,21,347,3.045138889,28096,3881,0.1414518082,41,322,282,1,Juvenal,Saturae,Juvenal,D. Junii Juvenalis Saturae,https://babel.hathitrust.org/cgi/pt?id=hvd.hn3rtl&seq=41
32044098645336,urn:cts:latinLit:stoa0238.stoa001,lat,285,0.7020801553,26,499,2.578947368,17400,4174,0.2504684138,213,499,281,0.9790940767,Prudentius,Liber Peristephanon,Prudentius,"Opera omnia, ex editione Parmensi, cum notis et interpretatione in usum Delphini variis lectionibus, notis variorum recensu editionum et codicum et indice locupletissimo accurate recensita.",https://babel.hathitrust.org/cgi/pt?id=hvd.32044098645336&seq=213
32044024440240,urn:cts:greekLit:tlg0014.tlg019,ell,280,0.6393783926,28,309,2.457142857,18952,3209,0.1789409694,28,309,280,0.9929078014,Demosthenes,On the False Embassy,Demosthenes,Demosthenis De falsa legatione.,https://babel.hathitrust.org/cgi/pt?id=hvd.32044024440240&seq=28
HW2L1E,urn:cts:latinLit:phi0474.phi049,deu,281,0.7172622619,12,321,3.071174377,23033,6046,0.2660977303,31,321,278,0.9553264605,"Cicero, Marcus Tullius",Tusculanae Disputationes,"Cicero, Marcus Tullius.",Tusculanarum disputationum libri v.,https://babel.hathitrust.org/cgi/pt?id=hvd.hw2l1e&seq=31
32044085190007,urn:cts:latinLit:phi0474.phi056,deu,303,0.6049972926,30,525,4.97029703,23194,5475,0.242612693,153,498,278,0.8034682081,"Cicero, Marcus Tullius",Letters to his Friends,"Cicero, Marcus Tullius.",Epistulae selectae temporum ordine compositae : Für den Schulgebrauch,https://babel.hathitrust.org/cgi/pt?id=hvd.32044085190007&seq=153
32044081498164,urn:cts:latinLit:phi0914.phi001,eng,279,0.6312558442,13,302,5.487455197,19794,4983,0.2636327736,23,302,277,0.9892857143,Titus Livius (Livy),Ab urbe condita,Livy.,Livy.,https://babel.hathitrust.org/cgi/pt?id=hvd.32044081498164&seq=23
32044095547659,urn:cts:latinLit:phi0690.phi003,deu,277,0.7385948992,19,314,2.451263538,22437,5161,0.2322321117,19,293,274,0.9963636364,Virgil,Aeneid,Virgil.,Gedichte.,https://babel.hathitrust.org/cgi/pt?id=hvd.32044095547659&seq=19
HXQ4FF,urn:cts:latinLit:stoa0238.stoa001,lat,277,0.6999644366,16,475,2.664259928,16941,4003,0.2470865584,187,465,273,0.9784946237,Prudentius,Liber Peristephanon,Prudentius,"Opera omnia, ex editione Parmensi, cum notis et interpretatione in usum Delphini variis lectionibus, notis variorum recensu editionum et codicum et indice locupletissimo accurate recensita.",https://babel.hathitrust.org/cgi/pt?id=hvd.hxq4ff&seq=187
HN3T4A,urn:cts:latinLit:phi0631.phi002,deu,276,0.6326653412,213,572,2.692028986,16687,3552,0.227015378,213,483,271,1,Sallust,Bellum Iugurthinum,Sallust,Opera.,https://babel.hathitrust.org/cgi/pt?id=hvd.hn3t4a&seq=213
HN2EMT,urn:cts:latinLit:phi0914.phi001,eng,272,0.6455102908,13,292,3.459558824,19211,4829,0.2620657894,23,292,270,1,Titus Livius (Livy),Ab urbe condita,Livy.,Livy.,https://babel.hathitrust.org/cgi/pt?id=hvd.hn2emt&seq=23
32044081498123,urn:cts:latinLit:phi0914.phi001,eng,272,0.666865155,13,292,3.301470588,18745,4840,0.2691885977,23,292,270,1,Titus Livius (Livy),Ab urbe condita,Livy.,"Livy, books I and II",https://babel.hathitrust.org/cgi/pt?id=hvd.32044081498123&seq=23
HN1YTA,urn:cts:latinLit:phi0914.phi001,eng,272,0.666359474,13,292,3.327205882,18719,4823,0.2687102938,23,292,270,1,Titus Livius (Livy),Ab urbe condita,Livy.,Livy.,https://babel.hathitrust.org/cgi/pt?id=hvd.hn1yta&seq=23
32044081498131,urn:cts:latinLit:phi0914.phi001,eng,272,0.662957411,13,292,3.341911765,18746,4828,0.268120728,23,292,270,1,Titus Livius (Livy),Ab urbe condita,Livy.,Livy.,https://babel.hathitrust.org/cgi/pt?id=hvd.32044081498131&seq=23
32044085148286,urn:cts:greekLit:tlg0059.tlg023,lat,273,0.6424527566,71,362,2.593406593,20880,3400,0.1683102544,89,362,270,0.9854014599,Plato,Gorgias,Plato.,Platonis Gorgias.,https://babel.hathitrust.org/cgi/pt?id=hvd.32044085148286&seq=89
32044081498156,urn:cts:latinLit:phi0914.phi001,eng,272,0.6623443999,13,292,3.459558824,18615,4836,0.2703776844,23,292,270,1,Titus Livius (Livy),Ab urbe condita,Livy.,Livy.,https://babel.hathitrust.org/cgi/pt?id=hvd.32044081498156&seq=23
32044085200723,urn:cts:latinLit:phi0893.phi001,deu,276,0.6365585502,39,433,2.782608696,24533,3058,0.128361505,39,313,270,0.9818181818,Horace,Odes,Horace.,"Q. Horatius Flaccus, erklärt",https://babel.hathitrust.org/cgi/pt?id=hvd.32044085200723&seq=39
HN2HUP,urn:cts:latinLit:phi0914.phi001,eng,272,0.6502486574,13,292,3.669117647,19053,4826,0.2646563242,23,292,270,1,Titus Livius (Livy),Ab urbe condita,Livy.,Livy.,https://babel.hathitrust.org/cgi/pt?id=hvd.hn2hup&seq=23
32044095547642,urn:cts:latinLit:phi0690.phi003,deu,269,0.7412769453,15,283,2.074349442,22574,4776,0.2152375242,15,283,269,1,Virgil,Aeneid,Virgil.,Gedichte;,https://babel.hathitrust.org/cgi/pt?id=hvd.32044095547642&seq=15
HW1ZI2,urn:cts:latinLit:phi0690.phi003,deu,273,0.7423294537,13,296,2.765567766,21761,5178,0.2400806454,13,281,269,1,Virgil,Aeneid,Virgil.,"Gedichte,",https://babel.hathitrust.org/cgi/pt?id=hvd.hw1zi2&seq=13
HXJUZW,urn:cts:latinLit:phi0474.phi036,lat,322,0.6367115401,26,766,3.850931677,18720,4677,0.2633256052,479,761,268,0.9469964664,"Cicero, Marcus Tullius",De Inventione,"Cicero, Marcus Tullius.","M.T. Ciceronis, ut ferunt, Rhetoricorum ad Herennium libri quattuor ; ejusdem De inventione rhetorica libri duo.",https://babel.hathitrust.org/cgi/pt?id=hvd.hxjuzw&seq=479
HW2JFV,urn:cts:greekLit:tlg0059.tlg023,lat,272,0.6328140337,51,548,3.345588235,20668,3545,0.1800406926,57,329,268,0.9816849817,Plato,Gorgias,Plato.,Platonis Opera omnia...,https://babel.hathitrust.org/cgi/pt?id=hvd.hw2jfv&seq=57
HW1ZKS,urn:cts:greekLit:tlg0016.tlg001,ell,267,0.7264568706,23,304,2.258426966,17003,4763,0.2841133447,23,304,267,0.9468085106,Herodotus,Histories,Herodotus.,Herodotos.,https://babel.hathitrust.org/cgi/pt?id=hvd.hw1zks&seq=23
32044085207306,urn:cts:latinLit:phi0914.phi001,deu,266,0.6301663731,15,599,3.721804511,24758,4801,0.1948151089,15,599,266,0.4547008547,Titus Livius (Livy),Ab urbe condita,Livy.,Ab urbe condita liber XXI-XXII.,https://babel.hathitrust.org/cgi/pt?id=hvd.32044085207306&seq=15
32044098645286,urn:cts:latinLit:phi1212.phi001,lat,265,0.6041568715,281,547,2.758490566,15806,2884,0.1885967329,281,547,265,0.9925093633,Apuleius,Apologia,Apuleius.,Apuleii Opera omnia : ex editione Oudendorpiana : cum notis et interpretatione in usum Delphini : variis lectionibus notis variorum recensu editionum et codicum et indicibus locupletissimis accurate recensita.,https://babel.hathitrust.org/cgi/pt?id=hvd.32044098645286&seq=281
HN68CS,urn:cts:latinLit:phi1212.phi001,lat,266,0.6181245941,46,543,2.785714286,15950,2872,0.1862609909,277,543,265,0.9925093633,Apuleius,Apologia,Apuleius.,Apuleii Opera omnia : ex editione Oudendorpiana : cum notis et interpretatione in usum Delphini : variis lectionibus notis variorum recensu editionum et codicum et indicibus locupletissimis accurate recensita.,https://babel.hathitrust.org/cgi/pt?id=hvd.hn68cs&seq=277
HN2NSJ,urn:cts:latinLit:phi0914.phi001,deu,276,0.6143444901,18,328,3.898550725,23871,4275,0.1813848692,63,328,265,0.9962406015,Titus Livius (Livy),Ab urbe condita,Livy.,Titi Livi Ab urbe condita libri.,https://babel.hathitrust.org/cgi/pt?id=hvd.hn2nsj&seq=63
HN5W7T,urn:cts:greekLit:tlg0014.tlg019,ell,263,0.6525232147,30,295,2.254752852,17693,3013,0.1799322902,30,295,263,0.9887218045,Demosthenes,On the False Embassy,Demosthenes.,De falsa legatione.,https://babel.hathitrust.org/cgi/pt?id=hvd.hn5w7t&seq=30
HW2M75,urn:cts:latinLit:phi1212.phi001,lat,263,0.6091036649,491,755,2.699619772,15964,2868,0.1856934291,491,755,263,0.9924528302,Apuleius,Apologia,Apuleius.,Apuleii Opera omnia : ex editione Oudendorpiana : cum notis et interpretatione in usum Delphini : variis lectionibus notis variorum recensu editionum et codicum et indicibus locupletissimis accurate recensita.,https://babel.hathitrust.org/cgi/pt?id=hvd.hw2m75&seq=491
32044085249373,urn:cts:latinLit:phi0660.phi001,lat,277,0.6709445339,20,466,3.693140794,11564,1965,0.1782956105,65,365,263,0.8737541528,Tibullus,Elegiae,Tibullus,Carmina textu ad codd. MSS. et editiones recognito insigniori lectionis varietate notis adjectis edidit E.C.C. Bach.,https://babel.hathitrust.org/cgi/pt?id=hvd.32044085249373&seq=65
HXQ49U,urn:cts:latinLit:phi1212.phi001,lat,263,0.6210772582,275,539,2.532319392,15857,2859,0.1864289536,275,539,263,0.9924528302,Apuleius,Apologia,Apuleius.,Apuleii Opera omnia : ex editione Oudendorpiana : cum notis et interpretatione in usum Delphini : variis lectionibus notis variorum recensu editionum et codicum et indicibus locupletissimis accurate recensita.,https://babel.hathitrust.org/cgi/pt?id=hvd.hxq49u&seq=275
HW2M7U,urn:cts:latinLit:phi0474.phi050,lat,280,0.6697217632,11,748,3.585714286,16800,4598,0.298240732,11,280,263,0.9740740741,"Cicero, Marcus Tullius",de Natura Deorum,"Ernesti, Johann August","Clavis Ciceroniana, sive, Indices rerum et verborum philologico-critici in opera Ciceronis : accedunt Graeca Ciceronis necessariis observationibus illustrata",https://babel.hathitrust.org/cgi/pt?id=hvd.hw2m7u&seq=11
HN27SV,urn:cts:greekLit:tlg0032.tlg002,lat,265,0.6201355253,36,322,2.652830189,15321,3784,0.2480179383,36,300,263,0.9924528302,Xenophon,Memorabilia,Xenophon,Sōkratous apologia. Tou autou apomnēmoneumatōn biblia 4 ...,https://babel.hathitrust.org/cgi/pt?id=hvd.hn27sv&seq=36
32044085191021,urn:cts:latinLit:phi0474.phi005,deu,265,0.6902580785,7,298,2.811320755,23657,4690,0.1995611389,18,298,263,0.9359430605,"Cicero, Marcus Tullius",In C. Verrem,"Cicero, Marcus Tullius.",Rede gegen C. Verres viertes buch.,https://babel.hathitrust.org/cgi/pt?id=hvd.32044085191021&seq=18
HN4LRW,urn:cts:latinLit:phi1276.phi001,lat,268,0.6301766479,177,480,4.25,17657,3914,0.2251480509,177,451,262,0.9527272727,Juvenal,Saturae,Juvenal.,D. Iunii Iuvenalis Satirae,https://babel.hathitrust.org/cgi/pt?id=hvd.hn4lrw&seq=177
HXJA7W,urn:cts:greekLit:tlg0032.tlg002,lat,284,0.6020331871,20,400,6.052816901,21960,4599,0.2268678039,20,289,262,0.9703703704,Xenophon,Memorabilia,Xenophon.,"Xenophōntos ta sōzomena. Xenophontis quae extant,",https://babel.hathitrust.org/cgi/pt?id=hvd.hxja7w&seq=20
HN22F7,urn:cts:latinLit:phi1020.phi002,lat,262,0.6461210026,20,312,3.133587786,18931,4090,0.2270357735,47,312,261,0.9812030075,"Statius, P. Papinius (Publius Papinius)",Silvae,"Statius, P. Papinius",Publii Papinii Statii Sylvarum lib. V. ; Thebaidos lib. XII. ; Achilleidos lib. II.,https://babel.hathitrust.org/cgi/pt?id=hvd.hn22f7&seq=47
HXJV1I,urn:cts:latinLit:phi0959.phi006,lat,264,0.6660704377,296,584,2.806818182,15098,3484,0.2357284345,321,584,261,0.9886363636,Ovid,Metamorphoses,Ovid,P. Ovidii Nasonis Opera omnia :,https://babel.hathitrust.org/cgi/pt?id=hvd.hxjv1i&seq=321
HN22F8,urn:cts:latinLit:phi1020.phi002,lat,262,0.6661826571,24,316,2.77480916,18241,4063,0.2334176484,51,316,261,0.9812030075,"Statius, P. Papinius (Publius Papinius)",Silvae,"Statius, P. Papinius",Publii Papinii Statii Sylvarum lib. V. ; Thebaidos lib. XII. ; Achilleidos lib. II.,https://babel.hathitrust.org/cgi/pt?id=hvd.hn22f8&seq=51
32044098638927,urn:cts:latinLit:phi0959.phi009,lat,261,0.6210483619,229,501,2.900383142,14344,3190,0.2232470944,229,492,260,0.9848484848,Ovid,Ex Ponto,Ovid,P. Ovidii Nasonis Opera omnia :,https://babel.hathitrust.org/cgi/pt?id=hvd.32044098638927&seq=229
HXXYID,urn:cts:latinLit:phi0959.phi008,ita,265,0.6153771089,15,299,3.271698113,20538,3532,0.1733991123,39,299,260,0.9961685824,Ovid,Tristia,Ovid,I Tristi,https://babel.hathitrust.org/cgi/pt?id=hvd.hxxyid&seq=39
HXJV14,urn:cts:latinLit:phi0959.phi008,lat,262,0.6450265325,9,540,2.732824427,14787,3105,0.2122759255,9,268,260,1,Ovid,Tristia,Ovid,P. Ovidii Nasonis Opera omnia :,https://babel.hathitrust.org/cgi/pt?id=hvd.hxjv14&seq=9
HW2JSY,urn:cts:greekLit:tlg0012.tlg001,deu,259,0.6645849807,14,278,2.521235521,24648,3748,0.1536718618,14,278,259,0.9773584906,Homer,Iliad,Homer.,Ilias.,https://babel.hathitrust.org/cgi/pt?id=hvd.hw2jsy&seq=14
32044015191059,urn:cts:latinLit:phi0474.phi039,lat,265,0.6372268056,38,325,2.422641509,20332,3442,0.1801470915,46,306,259,0.9923371648,"Cicero, Marcus Tullius",Brutus,"Cicero, Marcus Tullius.",M. Tullii Ciceronis Brutus,https://babel.hathitrust.org/cgi/pt?id=hvd.32044015191059&seq=46
HW2J71,urn:cts:greekLit:tlg0012.tlg001,deu,261,0.6866429683,14,472,2.567049808,24377,3787,0.1563963569,14,278,259,0.9773584906,Homer,Iliad,Homer.,Ilias.,https://babel.hathitrust.org/cgi/pt?id=hvd.hw2j71&seq=14
HXJV14,urn:cts:latinLit:phi0959.phi009,lat,260,0.651690541,271,541,2.876923077,14388,3181,0.22191893,271,532,259,0.9885496183,Ovid,Ex Ponto,Ovid,P. Ovidii Nasonis Opera omnia :,https://babel.hathitrust.org/cgi/pt?id=hvd.hxjv14&seq=271
HNJVNC,urn:cts:latinLit:phi0448.phi002,deu,261,0.6738375674,463,741,3.846743295,21516,4196,0.1975552625,471,741,258,0.9520295203,Julius Caesar,Civil War,"Caesar, Julius",Commentarii de bello Gallico.,https://babel.hathitrust.org/cgi/pt?id=hvd.hnjvnc&seq=471
32044095138244,urn:cts:latinLit:phi0914.phi001,deu,258,0.6571724615,11,280,3.639534884,22251,5360,0.2434852666,11,280,258,0.9555555556,Titus Livius (Livy),Ab urbe condita,Livy.,"Ab urbe condita liber iii-x, xxix, xxx.",https://babel.hathitrust.org/cgi/pt?id=hvd.32044095138244&seq=11
HW2MF3,urn:cts:latinLit:phi0959.phi009,lat,264,0.643371722,13,608,3.045454545,14974,3185,0.21659961,13,274,258,0.9847328244,Ovid,Ex Ponto,Ovid,P. Ovidii Nasonis Opera omnia :,https://babel.hathitrust.org/cgi/pt?id=hvd.hw2mf3&seq=13
HN1UJ6,urn:cts:latinLit:phi0474.phi056,deu,276,0.6055218366,29,504,3.239130435,19603,4284,0.2399007245,105,499,258,0.653164557,"Cicero, Marcus Tullius",Letters to his Friends,"Cicero, Marcus Tullius.",Ausgewählte Briefe,https://babel.hathitrust.org/cgi/pt?id=hvd.hn1uj6&seq=105
32044013544143,urn:cts:latinLit:phi0474.phi039,fra,268,0.6557526051,11,345,4.686567164,21720,3180,0.1492764853,75,329,255,1,"Cicero, Marcus Tullius",Brutus,"Cicero, Marcus Tullius.",Brutus,https://babel.hathitrust.org/cgi/pt?id=hvd.32044013544143&seq=75
HW2MF2,urn:cts:latinLit:phi0959.phi007,lat,255,0.7061867769,9,264,2.298039216,15649,3382,0.2187698811,9,264,255,0.99609375,Ovid,Fasti,Ovid,P. Ovidii Nasonis Opera omnia :,https://babel.hathitrust.org/cgi/pt?id=hvd.hw2mf2&seq=9
HNJXEK,urn:cts:latinLit:phi0914.phi001,deu,256,0.6357585222,10,278,3.3203125,25622,4363,0.1767052007,14,275,254,0.9694656489,Titus Livius (Livy),Ab urbe condita,Livy.,Titi Livi Ab urbe condita Liber I. Für den Schulgebrauch,https://babel.hathitrust.org/cgi/pt?id=hvd.hnjxek&seq=14
HW2J70,urn:cts:greekLit:tlg0012.tlg001,deu,254,0.6941118547,9,265,2.893700787,23526,4309,0.1853617469,9,265,254,0.9883268482,Homer,Iliad,Homer.,Ilias.,https://babel.hathitrust.org/cgi/pt?id=hvd.hw2j70&seq=9
HNQKIM,urn:cts:greekLit:tlg0012.tlg001,deu,254,0.6549029395,9,519,3.566929134,23893,4270,0.1805859114,9,519,254,0.4970645793,Homer,Iliad,Homer.,Ilias.,https://babel.hathitrust.org/cgi/pt?id=hvd.hnqkim&seq=9
HN21QG,urn:cts:latinLit:phi0959.phi002,lat,254,0.6752963112,29,282,3.161417323,15962,4006,0.2533059422,29,282,254,1,Ovid,Epistulae,Ovid,"Pvb. Ovidii Nasonis opera omnia, in tres tomos divisa ex accuratissima recensione Nicol. Heinsii. ...",https://babel.hathitrust.org/cgi/pt?id=hvd.hn21qg&seq=29
32044085212983,urn:cts:latinLit:phi0959.phi007,deu,274,0.6622009093,65,421,3.95620438,23926,4991,0.2065659506,65,318,254,1,Ovid,Fasti,Ovid,P. Ovidi Nasonis fastorum libri sex : für die schule erklärt,https://babel.hathitrust.org/cgi/pt?id=hvd.32044085212983&seq=65
32044019665009,urn:cts:latinLit:phi0474.phi040,lat,256,0.6850116245,26,320,2.828125,14743,4214,0.2926399115,59,320,252,0.9618320611,"Cicero, Marcus Tullius",Orator,"Cicero, Marcus Tullius.",M. Tullii Ciceronis Ad Marcus Brutum Orator,https://babel.hathitrust.org/cgi/pt?id=hvd.32044019665009&seq=59
HN21QF,urn:cts:latinLit:phi0959.phi002,lat,252,0.6828083072,31,282,2.988095238,16324,3988,0.2468972901,31,282,252,1,Ovid,Epistulae,Ovid,"Pvb. Ovidii Nasonis opera omnia, in tres tomos divisa ex accuratissima recensione Nicol. Heinsii. ...",https://babel.hathitrust.org/cgi/pt?id=hvd.hn21qf&seq=31
32044015190978,urn:cts:latinLit:phi0474.phi039,fra,263,0.6606905851,13,333,4.414448669,21327,3169,0.1520268239,63,317,252,0.9882352941,"Cicero, Marcus Tullius",Brutus,"Cicero, Marcus Tullius.",M. Tullii Ciceronis Opera : Oeuvres de Cicéron. Brutus,https://babel.hathitrust.org/cgi/pt?id=hvd.32044015190978&seq=63
HXQ4J1,urn:cts:latinLit:phi1276.phi001,eng,254,0.6252122785,18,643,4.716535433,22652,3878,0.171914934,18,514,252,0.5070422535,Juvenal,Saturae,Juvenal.,A new and literal translation of Juvenal and Persius;,https://babel.hathitrust.org/cgi/pt?id=hvd.hxq4j1&seq=18
32044102851425,urn:cts:greekLit:tlg0032.tlg001,ell,256,0.7296643728,28,318,3.16015625,16110,4301,0.2791091512,33,285,252,0.9960474308,Xenophon,Hellenica,Xenophon.,"Hellenica, books I-IV,",https://babel.hathitrust.org/cgi/pt?id=hvd.32044102851425&seq=33
HXJVLB,urn:cts:latinLit:phi0474.phi053,lat,252,0.6892455408,437,697,2.206349206,17174,4098,0.2519196533,437,692,251,0.98046875,"Cicero, Marcus Tullius",De Divinatione,"Cicero, Marcus Tullius.","M.T. Ciceronis quae exstant omnia opera, cum deperditorum fragmentis in quatuor partes divisa, item indices quinque novi et absolutissimi.",https://babel.hathitrust.org/cgi/pt?id=hvd.hxjvlb&seq=437
HW1YBM,urn:cts:latinLit:phi0474.phi049,deu,256,0.7234813178,8,298,3.24609375,21333,5550,0.2622203751,33,295,251,0.9543726236,"Cicero, Marcus Tullius",Tusculanae Disputationes,"Cicero, Marcus Tullius.",Ciceronis Tusculanarum disputationum libri V.,https://babel.hathitrust.org/cgi/pt?id=hvd.hw1ybm&seq=33
HN2NPK,urn:cts:latinLit:phi0914.phi001,deu,251,0.619864582,7,259,3.418326693,23084,3886,0.1709106398,7,259,251,0.9920948617,Titus Livius (Livy),Ab urbe condita,Livy,Ab urbe condita libri,https://babel.hathitrust.org/cgi/pt?id=hvd.hn2npk&seq=7
HW22H6,urn:cts:greekLit:tlg0032.tlg001,ell,261,0.7087145463,28,320,4.704980843,17008,4288,0.2664677674,33,283,250,0.9960159363,Xenophon,Hellenica,Xenophon.,"Hellenica; books I-IV,",https://babel.hathitrust.org/cgi/pt?id=hvd.hw22h6&seq=33
HW22H7,urn:cts:greekLit:tlg0032.tlg001,ell,258,0.7169128227,28,316,4.104651163,16601,4279,0.2697616991,33,283,250,0.9960159363,Xenophon,Hellenica,Xenophon.,"Hellenica, books I-IV",https://babel.hathitrust.org/cgi/pt?id=hvd.hw22h7&seq=33
HN2223,urn:cts:latinLit:phi0690.phi003,deu,250,0.7598219428,11,260,2.144,18836,5148,0.2793198014,11,260,250,1,Virgil,Aeneid,Virgil.,Gedichte.,https://babel.hathitrust.org/cgi/pt?id=hvd.hn2223&seq=11
32044085176360,urn:cts:greekLit:tlg0032.tlg002,ita,255,0.6665337697,39,348,3.290196078,13312,3953,0.2991423042,68,335,250,0.9328358209,Xenophon,Memorabilia,Xenophon.,Le memorie socratiche.,https://babel.hathitrust.org/cgi/pt?id=hvd.32044085176360&seq=68
HXJWPK,urn:cts:latinLit:phi0474.phi049,deu,253,0.7168315345,10,293,3.42687747,21206,5499,0.2616265188,35,293,249,0.9613899614,"Cicero, Marcus Tullius",Tusculanae Disputationes,"Cicero, Marcus Tullius.",Ciceronis Tusculanarum disputationum libri V.,https://babel.hathitrust.org/cgi/pt?id=hvd.hxjwpk&seq=35
HW2MFE,urn:cts:latinLit:stoa0238.stoa001,lat,251,0.6969640882,20,425,2.80876494,15328,3660,0.2489813225,173,425,248,0.9802371542,Prudentius,Liber Peristephanon,Prudentius,"Opera omnia, ex editione Parmensi, cum notis et interpretatione in usum Delphini variis lectionibus, notis variorum recensu editionum et codicum et indice locupletissimo accurate recensita.",https://babel.hathitrust.org/cgi/pt?id=hvd.hw2mfe&seq=173
32044011006509,urn:cts:latinLit:phi0690.phi002,eng,254,0.6148095036,82,542,2.578740157,27224,2243,0.0828772665,278,531,248,0.9763779528,Virgil,Georgics,Virgil.,"P. Vergili Maronis opera. The works of Virgil,",https://babel.hathitrust.org/cgi/pt?id=hvd.32044011006509&seq=278
32044102855558,urn:cts:greekLit:tlg0003.tlg001,eng,271,0.6157663811,9,349,4.022140221,20554,2855,0.1385533152,63,311,248,0.9959839357,Thucydides,History of the Peloponnesian War,Thucydides.,"Thucydides,",https://babel.hathitrust.org/cgi/pt?id=hvd.32044102855558&seq=63
HN3TUR,urn:cts:greekLit:tlg0003.tlg001,eng,271,0.6000972026,11,351,4.284132841,20305,2862,0.1409516356,65,313,248,0.9959839357,Thucydides,History of the Peloponnesian War,Thucydides,Thucydides.,https://babel.hathitrust.org/cgi/pt?id=hvd.hn3tur&seq=65
32044102855566,urn:cts:greekLit:tlg0003.tlg001,eng,269,0.615492827,11,351,4.092936803,20145,2848,0.1414387703,65,313,247,0.9919678715,Thucydides,History of the Peloponnesian War,Thucydides.,"Thucydides, book I.",https://babel.hathitrust.org/cgi/pt?id=hvd.32044102855566&seq=65
HN31PP,urn:cts:latinLit:phi0959.phi008,lat,252,0.6300660287,9,506,3.202380952,16109,3744,0.2400884239,9,256,247,0.9959677419,Ovid,Tristia,Ovid,Publii Ovidii Nasonis Opera omnia,https://babel.hathitrust.org/cgi/pt?id=hvd.hn31pp&seq=9
HXJUVR,urn:cts:latinLit:phi0690.phi002,eng,253,0.6180800251,82,529,2.683794466,27580,2224,0.0810891326,278,529,246,0.9761904762,Virgil,Georgics,Virgil.,"P. Vergili Maronis opera. The works of Virgil,",https://babel.hathitrust.org/cgi/pt?id=hvd.hxjuvr&seq=278
HN3RU6,urn:cts:latinLit:phi0959.phi007,deu,254,0.6930556374,47,356,3.346456693,22691,4983,0.2204702659,47,292,246,1,Ovid,Fasti,Ovid,P. Ovidi Nasonis Fastorum libri sex.,https://babel.hathitrust.org/cgi/pt?id=hvd.hn3ru6&seq=47
HN658G,urn:cts:latinLit:phi1276.phi001,lat,246,0.6830453753,11,256,2.849593496,21573,3304,0.1562640527,11,256,246,1,Juvenal,Saturae,Juvenal.,D. Junii Juvenalis et Auli Persii Satyræ omni obscoenitate expurgatæ cum interpretatione ac notis,https://babel.hathitrust.org/cgi/pt?id=hvd.hn658g&seq=11
HW2JSZ,urn:cts:greekLit:tlg0012.tlg001,deu,245,0.614248864,11,258,3.714285714,24551,3500,0.1441892899,11,258,245,0.9879032258,Homer,Iliad,Homer.,Ilias.,https://babel.hathitrust.org/cgi/pt?id=hvd.hw2jsz&seq=11
HW1W9W,urn:cts:latinLit:phi0959.phi007,deu,260,0.6937578335,475,809,3.769230769,23793,4992,0.2089566285,475,719,245,1,Ovid,Fasti,Ovid,"P. Ovidii Nasonis Metamorphoses; Auswahl für Schulen, mit erläuternden Anmerkungen und einem mythologisch-geographischen Register versehen von Dr. Johannes Siebelis...besorgt von Dr. Friedrich Polle.",https://babel.hathitrust.org/cgi/pt?id=hvd.hw1w9w&seq=475
HXQ2P5,urn:cts:greekLit:tlg0059.tlg023,ell,244,0.6211394073,139,385,2.790983607,20224,3778,0.2038330166,139,385,244,0.987854251,Plato,Gorgias,Plato.,Platonis et quae vel Platonis esse feruntur vel Platonica solent comitari seripta graece omnia ad codices manuscriptos recensuit variasque inde lectiones,https://babel.hathitrust.org/cgi/pt?id=hvd.hxq2p5&seq=139
HW2LKL,urn:cts:latinLit:phi0474.phi056,deu,266,0.6887877526,38,406,3.172932331,18244,5021,0.2858332876,127,401,244,0.8872727273,"Cicero, Marcus Tullius",Letters to his Friends,"Cicero, Marcus Tullius.",Epistolae selectae temporum ordine compositae.,https://babel.hathitrust.org/cgi/pt?id=hvd.hw2lkl&seq=127
HXJVRY,urn:cts:greekLit:tlg0014.tlg019,ell,244,0.7041201317,38,287,2.87704918,17600,5001,0.2967092264,38,287,244,0.976,Demosthenes,On the False Embassy,Demosthenes.,"Demosthenes,",https://babel.hathitrust.org/cgi/pt?id=hvd.hxjvry&seq=38
HW1ZHE,urn:cts:latinLit:phi0690.phi003,deu,245,0.7523416258,19,272,2.518367347,19631,4778,0.246361129,19,261,243,1,Virgil,Aeneid,Virgil.,"Gedichte,",https://babel.hathitrust.org/cgi/pt?id=hvd.hw1zhe&seq=19
32044085172963,urn:cts:greekLit:tlg0003.tlg001,ita,250,0.6615103149,41,342,2.732,9991,2534,0.2615121949,74,342,243,0.9033457249,Thucydides,History of the Peloponnesian War,Thucydides.,"La grande spedizione ateniese in Sicilia. (Storie, lib. vi et vii.)",https://babel.hathitrust.org/cgi/pt?id=hvd.32044085172963&seq=74
32044098646037,urn:cts:latinLit:phi0860.phi001,lat,257,0.6330591987,21,434,3.221789883,14985,3420,0.2401845302,175,434,243,0.9346153846,"Curtius Rufus, Quintus",Historiarum Alexandri Magni,"Curtius Rufus, Quintus",Quinti Curtii Rufi De rebus gestis Alexandri Magni,https://babel.hathitrust.org/cgi/pt?id=hvd.32044098646037&seq=175
32044085212967,urn:cts:latinLit:phi0959.phi007,deu,246,0.6709133817,37,301,2.56504065,19224,4934,0.2602541612,47,288,242,1,Ovid,Fasti,Ovid,"P. Ovidii Nasonis Fastorum libri sex, zum Schul- und Privatgebrauch,",https://babel.hathitrust.org/cgi/pt?id=hvd.32044085212967&seq=47
HW2G6P,urn:cts:latinLit:phi0690.phi003,deu,242,0.7635705775,9,266,2.099173554,20982,4749,0.2297205663,9,266,242,0.9379844961,Virgil,Aeneid,Virgil.,"Aeneide, für den Schulgebrauch erläutert",https://babel.hathitrust.org/cgi/pt?id=hvd.hw2g6p&seq=9
HW2JXM,urn:cts:latinLit:phi0448.phi002,deu,257,0.679325583,23,310,3.688715953,20907,4202,0.2038373706,44,285,242,1,Julius Caesar,Civil War,"Caesar, Julius.",C. Iulii Caesaris Commentarii de bello civili,https://babel.hathitrust.org/cgi/pt?id=hvd.hw2jxm&seq=44
HW2LTX,urn:cts:latinLit:phi0474.phi056,deu,261,0.6834735579,42,407,3.30651341,18183,4968,0.2824539204,131,403,241,0.8827838828,"Cicero, Marcus Tullius",Letters to his Friends,"Cicero, Marcus Tullius.",Epistolae selectae temporum ordine compositae,https://babel.hathitrust.org/cgi/pt?id=hvd.hw2ltx&seq=131
HN21QT,urn:cts:latinLit:phi0959.phi009,lat,252,0.6461762315,579,885,2.992063492,17027,4418,0.2662917379,623,885,241,0.9163498099,Ovid,Ex Ponto,Ovid,"P. Ovidii Nasonis Opera omnia : in tres tomos divisa : cum integris Nicolai Heinsii, D.F., lectissimisque variorum notis : quibus non pauca, ad suos quæque antiquitatis fontes diligenti comparatione reducta, accesserunt, studio Borchardi Cnippingii.",https://babel.hathitrust.org/cgi/pt?id=hvd.hn21qt&seq=623
HN21QT,urn:cts:latinLit:phi0959.phi008,lat,262,0.647927247,371,697,2.820610687,17972,4645,0.267576505,371,622,241,0.9563492063,Ovid,Tristia,Ovid,"P. Ovidii Nasonis Opera omnia : in tres tomos divisa : cum integris Nicolai Heinsii, D.F., lectissimisque variorum notis : quibus non pauca, ad suos quæque antiquitatis fontes diligenti comparatione reducta, accesserunt, studio Borchardi Cnippingii.",https://babel.hathitrust.org/cgi/pt?id=hvd.hn21qt&seq=371
HW2K6I,urn:cts:greekLit:tlg0032.tlg002,lat,259,0.6049873455,14,357,5.725868726,18924,4827,0.2750568269,14,258,240,0.9795918367,Xenophon,Memorabilia,Xenophon.,Xenophōntos Apomnēmoneumatōn biblia tessara = Commentarii dictorum factorumque Socratis ad defendendum eum scripti a Xenophonte libris IV : cum Apologia Socratis,https://babel.hathitrust.org/cgi/pt?id=hvd.hw2k6i&seq=14
HXJUR2,urn:cts:greekLit:tlg0059.tlg023,eng,244,0.6004956109,39,313,4.159836066,17134,3637,0.2240962683,39,278,239,0.9958333333,Plato,Gorgias,Plato.,"Gorgias,",https://babel.hathitrust.org/cgi/pt?id=hvd.hxjur2&seq=39
32044095065322,urn:cts:greekLit:tlg0003.tlg001,lat,239,0.6125652774,8,246,2.740585774,20524,3163,0.1588559326,8,246,239,1,Thucydides,History of the Peloponnesian War,Thucydides.,De bello Peloponnesiaco libri octo.,https://babel.hathitrust.org/cgi/pt?id=hvd.32044095065322&seq=8
32044105513717,urn:cts:greekLit:tlg0031.tlg005,deu,240,0.6226688138,325,717,2.429166667,11332,2010,0.177292935,476,717,238,0.9834710744,New Testament,Acts,"Hallier, Ludwig.",Untersuchungen über die edessenische Chronik : mit dem syrischen Text und einer Übersetzung,https://babel.hathitrust.org/cgi/pt?id=hvd.32044105513717&seq=476
32044085227155,urn:cts:latinLit:phi0631.phi002,deu,239,0.6715369638,197,531,2.267782427,11129,2865,0.2609850862,197,434,238,1,Sallust,Bellum Iugurthinum,Sallust,C. Sallusti Crispi Opera,https://babel.hathitrust.org/cgi/pt?id=hvd.32044085227155&seq=197
HN3RMH,urn:cts:latinLit:phi0448.phi002,deu,245,0.7013866549,33,289,2.559183673,19601,4180,0.2185466885,33,269,237,1,Julius Caesar,Civil War,"Caesar, Julius.","C. Iulii Caesaris Commentarii de bello civili,",https://babel.hathitrust.org/cgi/pt?id=hvd.hn3rmh&seq=33
HW2MG4,urn:cts:latinLit:phi0690.phi003,lat,238,0.6419122217,420,662,2.172268908,15184,2332,0.1602162189,424,662,237,0.9916317992,Virgil,Aeneid,Virgil,"P. Virgilii Maronis Opera omnia : ex editione Heyniana cum notiset interpretatione in usum Delphini, variis lectionibus, notis variorum, excursibus Heynianis, recensu editionum et codicum et indice locupletissimo accurate recensita.",https://babel.hathitrust.org/cgi/pt?id=hvd.hw2mg4&seq=424
HW2MG4,urn:cts:latinLit:phi0690.phi002,lat,239,0.6394437492,49,416,2.39748954,15574,2216,0.1466407586,176,416,237,0.9834024896,Virgil,Georgics,Virgil,"P. Virgilii Maronis Opera omnia : ex editione Heyniana cum notiset interpretatione in usum Delphini, variis lectionibus, notis variorum, excursibus Heynianis, recensu editionum et codicum et indice locupletissimo accurate recensita.",https://babel.hathitrust.org/cgi/pt?id=hvd.hw2mg4&seq=176
HW2J7O,urn:cts:greekLit:tlg0012.tlg001,deu,237,0.6959130673,9,250,2.400843882,22369,3714,0.1684011693,9,250,237,0.979338843,Homer,Iliad,Homer.,Ilias.,https://babel.hathitrust.org/cgi/pt?id=hvd.hw2j7o&seq=9
32044009593138,urn:cts:latinLit:phi0690.phi002,eng,241,0.6319611346,27,433,2.452282158,26223,2248,0.08649416504,182,422,237,0.9834024896,Virgil,Georgics,Virgil.,"P. Vergili Maronis opera. The works of Virgil,",https://babel.hathitrust.org/cgi/pt?id=hvd.32044009593138&seq=182
32044085123586,urn:cts:greekLit:tlg0012.tlg001,deu,236,0.6621283903,47,284,2.381355932,18859,3836,0.2071732047,47,284,236,0.9915966387,Homer,Iliad,Homer.,Iliade.,https://babel.hathitrust.org/cgi/pt?id=hvd.32044085123586&seq=47
32044020122305,urn:cts:latinLit:phi0474.phi050,deu,239,0.744142186,29,296,2.460251046,17689,4840,0.2847578734,50,296,236,0.955465587,"Cicero, Marcus Tullius",de Natura Deorum,"Cicero, Marcus Tullius.",M. Tulli Ciceronis De natura deorum libri tres,https://babel.hathitrust.org/cgi/pt?id=hvd.32044020122305&seq=50
HW2JG1,urn:cts:greekLit:tlg0059.tlg006,lat,237,0.6027786568,45,296,3.721518987,18827,3602,0.2055146644,45,287,236,0.9711934156,Plato,Theaetetus,Plato.,Platonis Opera omnia...,https://babel.hathitrust.org/cgi/pt?id=hvd.hw2jg1&seq=45
HN277C,urn:cts:greekLit:tlg0016.tlg001,ell,236,0.7117578523,13,272,5.546610169,16815,4011,0.2662240828,13,272,236,0.9076923077,Herodotus,Histories,Herodotus.,Herodotos,https://babel.hathitrust.org/cgi/pt?id=hvd.hn277c&seq=13
HW2MDC,urn:cts:latinLit:phi0631.phi002,deu,237,0.6727092659,185,517,2.240506329,11047,2859,0.2622624853,185,420,236,1,Sallust,Bellum Iugurthinum,Sallust,C. Sallusti Crispi Opera,https://babel.hathitrust.org/cgi/pt?id=hvd.hw2mdc&seq=185
HXJUYK,urn:cts:latinLit:phi0474.phi050,lat,236,0.7017983181,12,249,3.326271186,19356,4874,0.2539519698,12,249,236,0.9915966387,"Cicero, Marcus Tullius",de Natura Deorum,"Cicero, Marcus Tullius.",M. Tullii Ciceronis De natura deorum libros tres ad fidem codd. mss. correctos cum variarum lectionum delectu et notis ex Creuzeri suaque editione majore selectis,https://babel.hathitrust.org/cgi/pt?id=hvd.hxjuyk&seq=12
32044019803691,urn:cts:latinLit:phi1276.phi001,eng,238,0.6470956346,7,285,3.571428571,17698,2973,0.1682817655,32,273,235,0.9710743802,Juvenal,Saturae,Juvenal,Juvenal ;,https://babel.hathitrust.org/cgi/pt?id=hvd.32044019803691&seq=32
HXQ2QN,urn:cts:latinLit:phi0690.phi002,lat,236,0.6376817447,61,424,2.305084746,15313,2191,0.147595325,188,424,234,0.9873417722,Virgil,Georgics,,"Scriptores latini in usum Delphini, cum notis variorum variis lectionibus, conspectu codicum et editionum et indicibus locupletissimus accurate recensiti.",https://babel.hathitrust.org/cgi/pt?id=hvd.hxq2qn&seq=188
HW2LH0,urn:cts:latinLit:phi0893.phi001,lat,235,0.6204059937,2,281,2.727659574,12356,3034,0.2461879565,47,281,233,0.9914893617,Horace,Odes,Horace.,Opera omnia.,https://babel.hathitrust.org/cgi/pt?id=hvd.hw2lh0&seq=47
HNJWYP,urn:cts:latinLit:phi0893.phi001,eng,233,0.6256535135,45,278,3.214592275,16530,3079,0.1884201003,45,278,233,0.9957264957,Horace,Odes,Horace.,Quinti Horatii Flacci Opera = The works of Horace,https://babel.hathitrust.org/cgi/pt?id=hvd.hnjwyp&seq=45
HXK2G7,urn:cts:latinLit:phi0690.phi002,lat,235,0.6369345783,87,450,2.421276596,15263,2163,0.1460819053,214,450,233,0.9831223629,Virgil,Georgics,Virgil,"P. Virgilii Maronis Opera omnia : ex editione Heyniana cum notiset interpretatione in usum Delphini, variis lectionibus, notis variorum, excursibus Heynianis, recensu editionum et codicum et indice locupletissimo accurate recensita.",https://babel.hathitrust.org/cgi/pt?id=hvd.hxk2g7&seq=214
HN31PP,urn:cts:latinLit:phi0959.phi009,lat,232,0.6366883281,259,491,3.038793103,14965,3365,0.2325320938,259,491,232,0.9957081545,Ovid,Ex Ponto,Ovid,Publii Ovidii Nasonis Opera omnia,https://babel.hathitrust.org/cgi/pt?id=hvd.hn31pp&seq=259
HN21QE,urn:cts:latinLit:phi0959.phi009,lat,236,0.620762383,733,1008,4.152542373,16021,3291,0.2123119496,733,964,232,1,Ovid,Ex Ponto,Ovid,"Pvb. Ovidii Nasonis opera omnia, in tres tomos divisa ex accuratissima recensione Nicol. Heinsii. ...",https://babel.hathitrust.org/cgi/pt?id=hvd.hn21qe&seq=733
HW2K1H,urn:cts:greekLit:tlg0032.tlg002,lat,250,0.6193026004,13,364,5.752,17309,4414,0.283304511,13,252,230,0.9583333333,Xenophon,Memorabilia,Xenophon.,Xenophontis quae extant ex librorum scriptorum fide et virorum doctorum conjecturis,https://babel.hathitrust.org/cgi/pt?id=hvd.hw2k1h&seq=13
HNATD4,urn:cts:greekLit:tlg0014.tlg018,eng,231,0.6535800735,36,301,2.632034632,14746,2862,0.2058865965,36,265,229,0.9956521739,Demosthenes,On the Crown,Demosthenes.,Demosthenes On the crown,https://babel.hathitrust.org/cgi/pt?id=hvd.hnatd4&seq=36
HN21QE,urn:cts:latinLit:phi0959.phi008,lat,232,0.6489072228,21,1006,3.431034483,14530,3666,0.2584168443,501,732,229,0.9870689655,Ovid,Tristia,Ovid,"Pvb. Ovidii Nasonis opera omnia, in tres tomos divisa ex accuratissima recensione Nicol. Heinsii. ...",https://babel.hathitrust.org/cgi/pt?id=hvd.hn21qe&seq=501
HN21QI,urn:cts:latinLit:phi0959.phi009,lat,233,0.6237215222,681,952,4.467811159,15242,3237,0.2198354665,681,909,229,1,Ovid,Ex Ponto,Ovid,"Pvb. Ovidii Nasonis opera omnia, in tres tomos divisa ex accuratissima recensione Nicol. Heinsii. ...",https://babel.hathitrust.org/cgi/pt?id=hvd.hn21qi&seq=681
32044024419012,urn:cts:greekLit:tlg0016.tlg001,ell,228,0.634777797,13,245,3.223684211,17760,3482,0.2112906034,13,245,228,0.9785407725,Herodotus,Histories,Herodotus.,Herodotos.,https://babel.hathitrust.org/cgi/pt?id=hvd.32044024419012&seq=13
HW2LGT,urn:cts:latinLit:phi0893.phi001,lat,231,0.6128285631,17,279,2.982683983,19305,3052,0.1645430484,51,279,228,0.9956331878,Horace,Odes,Horace.,Q. Horatii Flacci Opera omnia,https://babel.hathitrust.org/cgi/pt?id=hvd.hw2lgt&seq=51
32044079423216,urn:cts:latinLit:phi0474.phi057,deu,280,0.6239360387,13,551,3.014285714,17127,3718,0.2164443307,13,325,226,0.7220447284,"Cicero, Marcus Tullius",Letters to Atticus,"Cicero, Marcus Tullius.","Epistolae ad Atticum, ad Quintum fratrem et quae vulgo ad familiares dicuntur temporis ordine dispositae",https://babel.hathitrust.org/cgi/pt?id=hvd.32044079423216&seq=13
HXQ2RH,urn:cts:greekLit:tlg0005.tlg001,ell,226,0.6039806408,45,420,1.752212389,9135,1164,0.1282404838,45,420,226,0.6010638298,Theocritus,Εἰδύλλια,Theocritus.,"Theocriti quae exstant omnia. Textum recognovit, ad fidemque codicum mss. quattuor et viginti bibliothecæ regiæ recensuit: item ad proprias copias adjunxit apparatum criticum H. Stephani, Valckenarii, Brunckii, H. Gaisfordii, Kiesslingii aliorumque;",https://babel.hathitrust.org/cgi/pt?id=hvd.hxq2rh&seq=45
HN2222,urn:cts:latinLit:phi0690.phi003,deu,224,0.7660208245,13,236,2.09375,16370,4759,0.2956430335,13,236,224,1,Virgil,Aeneid,Virgil.,Gedichte.,https://babel.hathitrust.org/cgi/pt?id=hvd.hn2222&seq=13
HW2JFU,urn:cts:greekLit:tlg0059.tlg004,lat,225,0.6379858247,261,773,2.484444444,17152,2842,0.1703366562,261,492,224,0.9655172414,Plato,Phaedo,Plato.,Platonis Opera omnia...,https://babel.hathitrust.org/cgi/pt?id=hvd.hw2jfu&seq=261
HN3SF4,urn:cts:latinLit:phi0914.phi001,deu,223,0.7088580806,9,236,3.01793722,15852,3907,0.2506014041,9,236,223,0.9780701754,Titus Livius (Livy),Ab urbe condita,Livy.,Ab urbe condita liber XXI [-XXII],https://babel.hathitrust.org/cgi/pt?id=hvd.hn3sf4&seq=9
HXJV19,urn:cts:latinLit:phi0959.phi001,lat,223,0.6260800374,14,238,2.35426009,15748,2576,0.1676454516,14,238,223,0.9911111111,Ovid,Amores,Ovid,"Publius Ovidius Naso,",https://babel.hathitrust.org/cgi/pt?id=hvd.hxjv19&seq=14
HN27MW,urn:cts:latinLit:phi0448.phi002,deu,232,0.7097959523,27,270,2.793103448,18840,4147,0.2237533437,27,249,223,1,Julius Caesar,Civil War,"Caesar, Julius.",C. Julii Caesaris Commentarii de bello civili;,https://babel.hathitrust.org/cgi/pt?id=hvd.hn27mw&seq=27
32044072014541,urn:cts:latinLit:phi0474.phi037,fra,237,0.612582907,16,327,4.11814346,20361,2522,0.1254753619,105,327,223,1,"Cicero, Marcus Tullius",On Oratory,"Cicero, Marcus Tullius.",M. Tullii Ciceronis Opera : Oeuvres de Cicéron. De oratore liber primus,https://babel.hathitrust.org/cgi/pt?id=hvd.32044072014541&seq=105
HXJWHL,urn:cts:greekLit:tlg0005.tlg001,ell,223,0.6013864879,44,418,1.807174888,9118,1161,0.128449889,44,418,223,0.5946666667,Theocritus,Εἰδύλλια,Theocritus.,"Theocriti quae exstant omnia. Textum recognovit, ad fidemque codicum mss. quattuor et viginti bibliothecæ regiæ recensuit: item ad proprias copias adjunxit apparatum criticum H. Stephani, Valckenarii, Brunckii, H. Gaisfordii, Kiesslingii aliorumque;",https://babel.hathitrust.org/cgi/pt?id=hvd.hxjwhl&seq=44
HN21QI,urn:cts:latinLit:phi0959.phi008,lat,225,0.6554309459,27,937,3.164444444,13506,3581,0.2688057703,459,680,222,1,Ovid,Tristia,Ovid,"Pvb. Ovidii Nasonis opera omnia, in tres tomos divisa ex accuratissima recensione Nicol. Heinsii. ...",https://babel.hathitrust.org/cgi/pt?id=hvd.hn21qi&seq=459
HNNQDV,urn:cts:latinLit:phi0448.phi002,deu,234,0.6956081564,434,713,3.726495726,18699,4164,0.225181654,470,690,221,1,Julius Caesar,Civil War,"Caesar, Julius.",C. Iulii Caesaris Commentarii de Bello Gallico,https://babel.hathitrust.org/cgi/pt?id=hvd.hnnqdv&seq=470
HN2XZU,urn:cts:latinLit:phi0959.phi001,lat,221,0.6224796339,8,230,2.402714932,15730,2595,0.1697229615,8,230,221,0.9910313901,Ovid,Amores,Ovid,Publii Ovidii Nasonis Opera omnia,https://babel.hathitrust.org/cgi/pt?id=hvd.hn2xzu&seq=8
32044020529244,urn:cts:latinLit:phi0474.phi050,deu,221,0.7207674795,25,252,2.981900452,18954,4349,0.2344541785,31,252,220,0.990990991,"Cicero, Marcus Tullius",de Natura Deorum,"Cicero, Marcus Tullius.",M. Tullii Ciceronis De natura deorum libri tres,https://babel.hathitrust.org/cgi/pt?id=hvd.32044020529244&seq=31
32044058131624,urn:cts:latinLit:phi0474.phi055,deu,222,0.7193027449,19,258,2.666666667,17285,4058,0.238237813,37,258,220,0.990990991,"Cicero, Marcus Tullius",De Officiis,"Cicero, Marcus Tullius.",De officiis ad Marcum filium,https://babel.hathitrust.org/cgi/pt?id=hvd.32044058131624&seq=37
HNJXEN,urn:cts:latinLit:phi0914.phi001,deu,221,0.6604931586,11,261,3.529411765,16892,3830,0.2261356352,29,255,219,0.9647577093,Titus Livius (Livy),Ab urbe condita,Livy.,"Ab urbe condita liber XXI, XXII.",https://babel.hathitrust.org/cgi/pt?id=hvd.hnjxen&seq=29
HXJVJA,urn:cts:latinLit:phi0474.phi050,deu,219,0.7382326154,23,248,2.342465753,18897,4360,0.2360416877,29,248,218,0.9909090909,"Cicero, Marcus Tullius",de Natura Deorum,"Cicero, Marcus Tullius.",M. Tullii Ciceronis De natura deorum libri tres,https://babel.hathitrust.org/cgi/pt?id=hvd.hxjvja&seq=29
32044098638927,urn:cts:latinLit:phi0959.phi008,lat,220,0.615961502,9,500,2.8,12247,2618,0.2161622894,9,226,218,1,Ovid,Tristia,Ovid,P. Ovidii Nasonis Opera omnia :,https://babel.hathitrust.org/cgi/pt?id=hvd.32044098638927&seq=9
32044055041784,urn:cts:greekLit:tlg0059.tlg012,lat,219,0.6225529098,153,768,2.643835616,17705,2384,0.1410754828,153,373,218,0.9864253394,Plato,Phaedrus,Plato.,"Platonis Opera omnia,",https://babel.hathitrust.org/cgi/pt?id=hvd.32044055041784&seq=153
32044085213015,urn:cts:latinLit:phi0959.phi007,ita,218,0.6630111201,10,288,2.623853211,13908,3315,0.2375816367,53,288,217,0.9194915254,Ovid,Fasti,Ovid,P. Ovidio Nasone. I Fasti.,https://babel.hathitrust.org/cgi/pt?id=hvd.32044085213015&seq=53
HN64FR,urn:cts:latinLit:phi0893.phi001,lat,218,0.6030471823,8,243,2.697247706,17916,2524,0.1430229563,27,243,217,1,Horace,Odes,Horace.,"Carmina expurgata. Ab mendis denuo mundata & notis illustrata, auctore Josepho Juvencio.",https://babel.hathitrust.org/cgi/pt?id=hvd.hn64fr&seq=27
HNJXEP,urn:cts:latinLit:phi0914.phi001,lat,216,0.730321619,15,234,2.884259259,14149,4016,0.2877654224,15,234,216,0.9818181818,Titus Livius (Livy),Ab urbe condita,Livy.,Ab Urve condita Libri XXI et XXII.,https://babel.hathitrust.org/cgi/pt?id=hvd.hnjxep&seq=15
HN27SG,urn:cts:latinLit:phi0448.phi002,deu,228,0.7021885993,33,308,3.653508772,17800,4157,0.2356600035,70,285,216,1,Julius Caesar,Civil War,"Caesar, Julius.",C. Iulii Caesaris Commentarii de bello civili,https://babel.hathitrust.org/cgi/pt?id=hvd.hn27sg&seq=70
HXJVKZ,urn:cts:latinLit:phi0474.phi036,lat,266,0.6340003828,29,524,3.687969925,15910,4508,0.2967129087,305,524,216,0.9818181818,"Cicero, Marcus Tullius",De Inventione,"Cicero, Marcus Tullius.","M.T. Ciceronis quae exstant omnia opera, cum deperditorum fragmentis in quatuor partes divisa, item indices quinque novi et absolutissimi.",https://babel.hathitrust.org/cgi/pt?id=hvd.hxjvkz&seq=305
HN27XS,urn:cts:greekLit:tlg0003.tlg001,deu,226,0.6449376502,9,250,3.884955752,19814,2817,0.1427956618,9,222,214,1,Thucydides,History of the Peloponnesian War,Thucydides.,Thukydides;,https://babel.hathitrust.org/cgi/pt?id=hvd.hn27xs&seq=9
HN277D,urn:cts:greekLit:tlg0016.tlg001,ell,214,0.6575214225,11,226,3.060747664,16026,3497,0.2358416823,11,226,214,0.9907407407,Herodotus,Histories,Herodotus.,Herodotos,https://babel.hathitrust.org/cgi/pt?id=hvd.hn277d&seq=11
32044010434686,urn:cts:latinLit:phi1351.phi004,eng,213,0.7245458916,14,226,2.248826291,14804,3616,0.2590622952,14,226,213,1,"Tacitus, Cornelius",Historiae,"Tacitus, Cornelius.",Historiae. The history according to the text of Orelli.,https://babel.hathitrust.org/cgi/pt?id=hvd.32044010434686&seq=14
32044085148989,urn:cts:greekLit:tlg0059.tlg023,deu,219,0.6396276479,37,295,3.844748858,16433,3844,0.2422941211,81,295,213,0.9906976744,Plato,Gorgias,Plato,Platon's Gorgias.,https://babel.hathitrust.org/cgi/pt?id=hvd.32044085148989&seq=81
HN1C9U,urn:cts:latinLit:phi0474.phi050,deu,219,0.7293255991,30,279,2.785388128,16730,4085,0.2502655964,42,266,213,0.9466666667,"Cicero, Marcus Tullius",de Natura Deorum,"Cicero, Marcus Tullius.",M. Tullii Ciceronis De natura deorum libri tres,https://babel.hathitrust.org/cgi/pt?id=hvd.hn1c9u&seq=42
HW2MEZ,urn:cts:latinLit:phi0959.phi001,lat,213,0.6408492269,43,612,2.44600939,12745,2480,0.2008996452,401,612,212,1,Ovid,Amores,Ovid,P. Ovidii Nasonis Opera omnia :,https://babel.hathitrust.org/cgi/pt?id=hvd.hw2mez&seq=401
HN1VFF,urn:cts:greekLit:tlg0032.tlg002,ell,218,0.7078718176,16,273,3.614678899,15620,4269,0.2825908003,44,258,212,0.9860465116,Xenophon,Memorabilia,Xenophon,Xenophon's Memorabilien,https://babel.hathitrust.org/cgi/pt?id=hvd.hn1vff&seq=44
HN4MXD,urn:cts:latinLit:phi0959.phi008,lat,212,0.6830373341,145,357,2.410377358,12942,3672,0.2972768331,145,357,212,0.9953051643,Ovid,Tristia,Ovid,"Opera,",https://babel.hathitrust.org/cgi/pt?id=hvd.hn4mxd&seq=145
HXJVRR,urn:cts:greekLit:tlg0032.tlg002,ell,219,0.6883509948,16,273,3.940639269,16231,4270,0.2711426467,44,258,212,0.9860465116,Xenophon,Memorabilia,Xenophon.,Xenophon's Memorabilien,https://babel.hathitrust.org/cgi/pt?id=hvd.hxjvrr&seq=44
32044105220966,urn:cts:greekLit:tlg4029.tlg001,ell,216,0.6786969356,14,255,2.810185185,10525,2737,0.2618421192,45,255,211,1,Procopius,De Bellis,,Fonti per la storia d'Italia pubblicate dall'Istituto storico italiano.,https://babel.hathitrust.org/cgi/pt?id=hvd.32044105220966&seq=45
HN277E,urn:cts:greekLit:tlg0016.tlg001,ell,211,0.6360833011,9,222,4.45971564,14774,3981,0.2835955079,9,222,211,0.9859813084,Herodotus,Histories,Herodotus.,Herodotos,https://babel.hathitrust.org/cgi/pt?id=hvd.hn277e&seq=9
HN2NQ4,urn:cts:latinLit:phi0959.phi008,lat,212,0.645876143,371,822,3.273584906,14822,3673,0.261610204,371,580,210,1,Ovid,Tristia,Ovid,P. Ovidii Nasonis Opera omnia : in tres tomos divisa,https://babel.hathitrust.org/cgi/pt?id=hvd.hn2nq4&seq=371
HXK2G7,urn:cts:latinLit:phi0690.phi003,lat,211,0.6499052149,454,668,2.047393365,13368,2106,0.1632300296,457,668,210,0.9905660377,Virgil,Aeneid,Virgil,"P. Virgilii Maronis Opera omnia : ex editione Heyniana cum notiset interpretatione in usum Delphini, variis lectionibus, notis variorum, excursibus Heynianis, recensu editionum et codicum et indice locupletissimo accurate recensita.",https://babel.hathitrust.org/cgi/pt?id=hvd.hxk2g7&seq=457
HN27Y2,urn:cts:greekLit:tlg0003.tlg001,deu,213,0.679107438,7,230,2.511737089,17919,2781,0.1575677992,7,214,208,1,Thucydides,History of the Peloponnesian War,Thucydides.,Thukydides;,https://babel.hathitrust.org/cgi/pt?id=hvd.hn27y2&seq=7
HW2IVZ,urn:cts:greekLit:tlg0014.tlg019,ell,208,0.6660304633,24,233,2.307692308,14428,2554,0.1837586397,24,233,208,0.9904761905,Demosthenes,On the False Embassy,Demosthenes.,"Demosthenes de Falsa Legatione,",https://babel.hathitrust.org/cgi/pt?id=hvd.hw2ivz&seq=24
HN3L7R,urn:cts:latinLit:phi1318.phi001,eng,207,0.6701344808,31,241,3.951690821,11864,3308,0.2925632785,31,241,207,0.981042654,"Pliny, the Younger",Epistulae,Pliny,"C. Plini Caecili Secundi Epistulae selectae. Selected letters of Pliny,",https://babel.hathitrust.org/cgi/pt?id=hvd.hn3l7r&seq=31
HW2JFX,urn:cts:greekLit:tlg0059.tlg012,lat,209,0.6342030395,41,587,3.215311005,17133,2556,0.1560045495,41,248,206,0.9903846154,Plato,Phaedrus,Plato.,Platonis Opera omnia...,https://babel.hathitrust.org/cgi/pt?id=hvd.hw2jfx&seq=41
32044014551006,urn:cts:latinLit:phi0474.phi039,deu,208,0.6799699222,17,240,2.985576923,18944,2756,0.1478668375,29,235,206,0.9951690821,"Cicero, Marcus Tullius",Brutus,"Cicero, Marcus Tullius.",Ciceros Brutus,https://babel.hathitrust.org/cgi/pt?id=hvd.32044014551006&seq=29
HN4SLN,urn:cts:latinLit:phi0690.phi003,lat,207,0.7397026842,21,436,2.628019324,18886,3905,0.2138529764,230,436,205,0.9903381643,Virgil,Aeneid,Virgil.,Opera.,https://babel.hathitrust.org/cgi/pt?id=hvd.hn4sln&seq=230
HN4QF4,urn:cts:latinLit:phi0893.phi004,eng,207,0.6017461219,359,806,4.265700483,20940,2185,0.1066831595,359,580,205,0.9234234234,Horace,Satires,Horace.,Quinti Horatii Flacci Opera omnia.,https://babel.hathitrust.org/cgi/pt?id=hvd.hn4qf4&seq=359
HN27MZ,urn:cts:latinLit:phi0448.phi002,deu,209,0.7415509159,35,252,2.813397129,16546,4044,0.2502701454,35,238,204,1,Julius Caesar,Civil War,"Caesar, Julius.",Commentarii de bello civili,https://babel.hathitrust.org/cgi/pt?id=hvd.hn27mz&seq=35
32044085200582,urn:cts:latinLit:phi0893.phi004,eng,207,0.6055195078,365,812,4.169082126,20847,2195,0.107624655,365,584,204,0.9272727273,Horace,Satires,Horace.,"Quinti Horatii Flacci Opera omnia,",https://babel.hathitrust.org/cgi/pt?id=hvd.32044085200582&seq=365
HNJWZ3,urn:cts:latinLit:phi0893.phi001,deu,206,0.6789083549,15,228,2.54368932,16213,3052,0.1913843207,25,228,204,1,Horace,Odes,Horace.,Die Oden und Epoden Für den Schulgebranch;,https://babel.hathitrust.org/cgi/pt?id=hvd.hnjwz3&seq=25
HXQ2P7,urn:cts:greekLit:tlg0059.tlg010,ell,204,0.6083791102,429,638,2.553921569,17745,2766,0.1650967682,429,638,204,0.9714285714,Plato,Philebus,Plato.,Platonis et quae vel Platonis esse feruntur vel Platonica solent comitari seripta graece omnia ad codices manuscriptos recensuit variasque inde lectiones,https://babel.hathitrust.org/cgi/pt?id=hvd.hxq2p7&seq=429
HN3SLE,urn:cts:latinLit:phi0972.phi001,lat,223,0.6362412255,10,291,4.367713004,14846,3758,0.2626418855,57,259,203,1,Petronius Arbiter,Satyricon,Petronius Arbiter.,Petronii Arbitri Satirarum reliquiae,https://babel.hathitrust.org/cgi/pt?id=hvd.hn3sle&seq=57
32044011237906,urn:cts:latinLit:phi0972.phi001,lat,222,0.6410348122,10,293,4.301801802,14015,3756,0.2782280179,57,259,203,1,Petronius Arbiter,Satyricon,Petronius Arbiter.,Petronii Arbitri Satirarum reliquiae,https://babel.hathitrust.org/cgi/pt?id=hvd.32044011237906&seq=57
HW2JFU,urn:cts:greekLit:tlg0059.tlg011,lat,203,0.6175144647,543,747,2.566502463,15232,2291,0.1558649437,543,747,203,0.9902439024,Plato,Symposium,Plato.,Platonis Opera omnia...,https://babel.hathitrust.org/cgi/pt?id=hvd.hw2jfu&seq=543
HN4QEZ,urn:cts:latinLit:phi0893.phi004,eng,204,0.6114305882,357,799,3.808823529,20362,2182,0.1105342901,357,576,202,0.9181818182,Horace,Satires,Horace.,Opera omnia.,https://babel.hathitrust.org/cgi/pt?id=hvd.hn4qez&seq=357
HN4QEY,urn:cts:latinLit:phi0893.phi004,eng,204,0.6133586848,353,795,3.754901961,20324,2186,0.1108885694,353,572,202,0.9181818182,Horace,Satires,Horace.,Opera omnia.,https://babel.hathitrust.org/cgi/pt?id=hvd.hn4qey&seq=353
32044095062568,urn:cts:greekLit:tlg0003.tlg001,lat,201,0.6066529108,9,212,2.910447761,17544,2656,0.1558520699,9,212,201,0.9852941176,Thucydides,History of the Peloponnesian War,Thucydides.,De bello Peloponnesiaco libri octo.,https://babel.hathitrust.org/cgi/pt?id=hvd.32044095062568&seq=9
HW1VZN,urn:cts:greekLit:tlg0059.tlg023,deu,222,0.6099871879,32,302,4.891891892,17897,3643,0.2064749301,32,236,201,0.9804878049,Plato,Gorgias,Plato.,Platons Gorgias für den Schulgebrauch,https://babel.hathitrust.org/cgi/pt?id=hvd.hw1vzn&seq=32
HW20VE,urn:cts:greekLit:tlg0003.tlg001,deu,211,0.6051647653,13,247,3.322274882,18895,2428,0.1293879064,13,213,201,1,Thucydides,History of the Peloponnesian War,Thucydides.,Thukydides;,https://babel.hathitrust.org/cgi/pt?id=hvd.hw20ve&seq=13
HN2NR8,urn:cts:latinLit:phi0959.phi001,lat,206,0.6078120915,331,865,3.466019417,16374,2555,0.16362131,331,532,201,0.995049505,Ovid,Amores,Ovid,P. Ovidii Nasonis Opera omnia : in tres tomos divisa,https://babel.hathitrust.org/cgi/pt?id=hvd.hn2nr8&seq=331
HXJV1J,urn:cts:latinLit:phi0959.phi006,lat,203,0.6644245848,294,520,2.866995074,11688,2638,0.2303773396,319,520,200,0.9900990099,Ovid,Metamorphoses,Ovid,P. Ovidii Nasonis Opera omnia :,https://babel.hathitrust.org/cgi/pt?id=hvd.hxjv1j&seq=319
HW2LGY,urn:cts:latinLit:phi0893.phi001,deu,200,0.6655324098,2,243,2.51,15703,3057,0.1965581718,45,243,199,1,Horace,Odes,Horace.,Des Q. Horatius Flaccus sämmtliche Werke für den Schulgebrauch,https://babel.hathitrust.org/cgi/pt?id=hvd.hw2lgy&seq=45
HNXAWR,urn:cts:greekLit:tlg0059.tlg023,deu,200,0.7016172921,195,515,2.765,15865,3528,0.2316822952,195,393,198,0.9949748744,Plato,Gorgias,Plato.,Ausgewählte schriften.,https://babel.hathitrust.org/cgi/pt?id=hvd.hnxawr&seq=195
32044059089276,urn:cts:latinLit:stoa0022.stoa052,ita,198,0.9978114478,11,427,0,8218,199,0.02455865111,11,427,198,0.4748201439,"Ambrose, Saint, Bishop of Milan",Expositio Psalmi CXVIII,"Glück, Christian Friedrich von",Commentario alle Pandette,https://babel.hathitrust.org/cgi/pt?id=hvd.32044059089276&seq=11
HNXAWJ,urn:cts:greekLit:tlg0059.tlg023,ell,198,0.6942434763,35,233,2.96969697,15824,3524,0.2329097584,35,233,198,0.9949748744,Plato,Gorgias,Plato.,Ausgewählte Schriften : für den Schulgebrauch erklärt.,https://babel.hathitrust.org/cgi/pt?id=hvd.hnxawj&seq=35
32044021020359,urn:cts:greekLit:tlg0006.tlg016,ell,197,0.6439906083,13,216,3,14460,3364,0.246760725,13,216,197,0.9656862745,Euripides,Orestes,Euripides.,Euripidis Orestes ad fidem manuscriptorum emendata et brevibus notis emendationum potissimum rationes reddentibus instructa. In usum studiosae juventutis.,https://babel.hathitrust.org/cgi/pt?id=hvd.32044021020359&seq=13
HN2E87,urn:cts:greekLit:tlg0014.tlg018,eng,200,0.696106536,18,306,2.515,13826,2967,0.2303523354,18,215,197,0.9949494949,Demosthenes,On the Crown,Demosthenes,Dēmosthenous Peri tou stephanou Demosthenes On the crown;,https://babel.hathitrust.org/cgi/pt?id=hvd.hn2e87&seq=18
RSM9T1,urn:cts:greekLit:tlg0014.tlg018,eng,201,0.6968012151,18,306,2.71641791,13944,2946,0.2274438777,18,215,197,0.9949494949,Demosthenes,On the Crown,Demosthenes.,On the crown;,https://babel.hathitrust.org/cgi/pt?id=hvd.rsm9t1&seq=18
32044085080679,urn:cts:greekLit:tlg0085.tlg005,eng,201,0.6119787404,24,292,2.71641791,7092,1710,0.2492725824,33,230,196,0.9898989899,Aeschylus,Agamemnon,Aeschylus.,Agamemnōn triglōttos. Graece.,https://babel.hathitrust.org/cgi/pt?id=hvd.32044085080679&seq=33
HN21QG,urn:cts:latinLit:phi0959.phi001,lat,196,0.6232818768,294,489,2.739795918,12639,2532,0.2023469481,294,489,196,1,Ovid,Amores,Ovid,"Pvb. Ovidii Nasonis opera omnia, in tres tomos divisa ex accuratissima recensione Nicol. Heinsii. ...",https://babel.hathitrust.org/cgi/pt?id=hvd.hn21qg&seq=294
HXJUY9,urn:cts:latinLit:phi0474.phi050,lat,228,0.6850809373,33,735,3.50877193,15386,4416,0.2834766298,42,249,196,0.9423076923,"Cicero, Marcus Tullius",de Natura Deorum,"Cicero, Marcus Tullius.",De natura deorum libri tres,https://babel.hathitrust.org/cgi/pt?id=hvd.hxjuy9&seq=42
HW2LGX,urn:cts:latinLit:phi0893.phi001,deu,196,0.6579119315,32,229,2.908163265,15333,3059,0.2042056784,35,229,195,1,Horace,Odes,Horace,Des Q. Horatius Flaccus Sämmtliche Werke für den Schulgebrauch erklar̈t.,https://babel.hathitrust.org/cgi/pt?id=hvd.hw2lgx&seq=35
HXJUNZ,urn:cts:latinLit:phi1348.abo012,lat,195,0.6267385318,32,432,2.6,9090,2112,0.2365367772,238,432,194,0.9948717949,Suetonius,Divus Augustus,Suetonius,Opera;,https://babel.hathitrust.org/cgi/pt?id=hvd.hxjunz&seq=238
HXG92F,urn:cts:greekLit:tlg0081.tlg016,lat,198,0.6513253569,34,414,4.484848485,10994,2788,0.2542640146,56,414,194,0.5403899721,Dionysius of Halicarnassus,Ars Rhetorica,Dionysius,"Technē rētorikē : quae vulgo integra Dionysio Halicarnassensi tribuitur, emendata, nova versione Latina et commentario illustrata",https://babel.hathitrust.org/cgi/pt?id=hvd.hxg92f&seq=56
HW2JFY,urn:cts:greekLit:tlg0059.tlg005,lat,196,0.6474004521,416,622,2.729591837,13625,2839,0.2161044072,416,609,194,1,Plato,Cratylus,Plato.,Platonis Opera omnia...,https://babel.hathitrust.org/cgi/pt?id=hvd.hw2jfy&seq=416
HN2NQ4,urn:cts:latinLit:phi0959.phi009,lat,193,0.6209996549,581,773,4.020725389,13032,3296,0.2595967445,581,773,193,1,Ovid,Ex Ponto,Ovid,P. Ovidii Nasonis Opera omnia : in tres tomos divisa,https://babel.hathitrust.org/cgi/pt?id=hvd.hn2nq4&seq=581
32044102850369,urn:cts:greekLit:tlg0012.tlg001,eng,193,0.6353875863,14,206,2.191709845,15107,2108,0.140968222,14,206,193,1,Homer,Iliad,Homer.,"Homer's Iliad, books IV-VI.",https://babel.hathitrust.org/cgi/pt?id=hvd.32044102850369&seq=14
HXIJRD,urn:cts:latinLit:phi0474.phi010,lat,193,0.6337852021,95,291,3.740932642,15323,2826,0.1935330332,100,291,192,1,"Cicero, Marcus Tullius",Pro A. Cluentio,"Cicero, Marcus Tullius.",Ciceronis Orationes.,https://babel.hathitrust.org/cgi/pt?id=hvd.hxijrd&seq=100
HN21QF,urn:cts:latinLit:phi0959.phi001,lat,192,0.6171735991,294,485,2.807291667,12853,2490,0.195499023,294,485,192,1,Ovid,Amores,Ovid,"Pvb. Ovidii Nasonis opera omnia, in tres tomos divisa ex accuratissima recensione Nicol. Heinsii. ...",https://babel.hathitrust.org/cgi/pt?id=hvd.hn21qf&seq=294
HN312M,urn:cts:latinLit:phi0690.phi002,fra,200,0.6498145792,43,489,3.195,18354,2222,0.1217429196,242,435,192,0.9896907216,Virgil,Georgics,Virgil.,"-Oeuvres de Virgile : texte latin, publié d'apres les travaux les pluz recents de la philologie, avec un commentaire critique et explicatif, une introduction et une notice",https://babel.hathitrust.org/cgi/pt?id=hvd.hn312m&seq=242
HNJWG4,urn:cts:greekLit:tlg0525.tlg001,eng,196,0.6234923213,16,227,4.076530612,11920,3069,0.284810075,36,227,191,0.9947916667,Pausanias,Description of Greece,Pausanias,The Attica of Pausanias;,https://babel.hathitrust.org/cgi/pt?id=hvd.hnjwg4&seq=36
HW1ZQ6,urn:cts:greekLit:tlg0032.tlg001,ell,192,0.7626978199,16,213,2.489583333,15767,4121,0.2706515251,21,213,191,0.9896373057,Xenophon,Hellenica,Xenophon.,Griechische Geschichte für den Schulgebrauch,https://babel.hathitrust.org/cgi/pt?id=hvd.hw1zq6&seq=21
32044085172823,urn:cts:greekLit:tlg0003.tlg001,eng,191,0.6472532848,17,326,3.235602094,11736,2879,0.2508124745,17,206,190,1,Thucydides,History of the Peloponnesian War,Thucydides.,"The first book of the history of Thucydides : from Bekker's text ; with Smith's English and Valla's Latin translations, to which are subjoined Explanatory and critical notes.",https://babel.hathitrust.org/cgi/pt?id=hvd.32044085172823&seq=17
HXQ4FG,urn:cts:latinLit:stoa0238.stoa007,lat,189,0.6668823485,100,288,2.164021164,13110,2216,0.1845512485,100,288,189,1,Prudentius,Contra Orationem Symmachia,Prudentius,"Opera omnia, ex editione Parmensi, cum notis et interpretatione in usum Delphini variis lectionibus, notis variorum recensu editionum et codicum et indice locupletissimo accurate recensita.",https://babel.hathitrust.org/cgi/pt?id=hvd.hxq4fg&seq=100
HW2JG2,urn:cts:greekLit:tlg0059.tlg008,lat,192,0.6780355643,98,337,2.416666667,13708,2935,0.2210899758,145,337,189,0.9792746114,Plato,Statesman,Plato.,Platonis Opera omnia...,https://babel.hathitrust.org/cgi/pt?id=hvd.hw2jg2&seq=145
32044100860311,urn:cts:greekLit:tlg0031.tlg005,ell,189,0.7216575928,12,221,1.592592593,9964,1868,0.1886104211,31,221,188,0.9842931937,New Testament,Acts,,Novum Testamentum Graece et Latine,https://babel.hathitrust.org/cgi/pt?id=hvd.32044100860311&seq=31
32044102850377,urn:cts:greekLit:tlg0012.tlg001,eng,186,0.6073258004,13,203,2.360215054,14422,1908,0.1343017346,13,203,186,0.9738219895,Homer,Iliad,Homer.,Homer's Iliad.,https://babel.hathitrust.org/cgi/pt?id=hvd.32044102850377&seq=13
HXJVSG,urn:cts:greekLit:tlg0003.tlg001,deu,191,0.6127814043,14,221,4.340314136,16772,2445,0.1467982761,33,221,186,0.9841269841,Thucydides,History of the Peloponnesian War,Thucydides.,Thukydides,https://babel.hathitrust.org/cgi/pt?id=hvd.hxjvsg&seq=33
HXQ4IY,urn:cts:latinLit:phi1276.phi001,eng,186,0.6016875522,18,384,3.666666667,9871,2332,0.2336246359,18,384,186,0.5068119891,Juvenal,Saturae,"Madan, Martin","A new and literal translation of Juvenal and Persius, with explanatory notes in which these difficult satirists are rendered easy and familiar to the reader.",https://babel.hathitrust.org/cgi/pt?id=hvd.hxq4iy&seq=18
HN1YXZ,urn:cts:greekLit:tlg0014.tlg018,eng,186,0.6229980499,43,422,3.35483871,15095,2650,0.183040124,43,422,186,0.4894736842,Demosthenes,On the Crown,Demosthenes,"Demosthenes, with English notes",https://babel.hathitrust.org/cgi/pt?id=hvd.hn1yxz&seq=43
32044085192250,urn:cts:latinLit:phi0474.phi039,deu,202,0.6652537641,23,337,4.608910891,18588,3348,0.1831352661,63,247,185,1,"Cicero, Marcus Tullius",Brutus,"Cicero, Marcus Tullius.",Ciceros Brutus,https://babel.hathitrust.org/cgi/pt?id=hvd.32044085192250&seq=63
HXJVIT,urn:cts:latinLit:phi0474.phi056,lat,188,0.6670176785,15,268,4.670212766,13947,4172,0.2984259963,32,268,185,0.7805907173,"Cicero, Marcus Tullius",Letters to his Friends,"Cicero, Marcus Tullius.",Ausgewahlte briefe,https://babel.hathitrust.org/cgi/pt?id=hvd.hxjvit&seq=32
HN4QF7,urn:cts:latinLit:phi0893.phi004,lat,185,0.6680354979,13,199,2.162162162,10700,2126,0.2000921834,13,199,185,0.9893048128,Horace,Satires,Horace,"Q. Horati Flacci Opera,",https://babel.hathitrust.org/cgi/pt?id=hvd.hn4qf7&seq=13
32044085114478,urn:cts:greekLit:tlg0006.tlg005,ita,185,0.6286410672,23,209,2.281081081,8591,1452,0.167806938,23,209,185,0.9893048128,Euripides,Hippolytus,Euripides.,"Hippolytos,",https://babel.hathitrust.org/cgi/pt?id=hvd.32044085114478&seq=23
HW2LGO,urn:cts:latinLit:phi0893.phi004,lat,184,0.6331314061,364,549,3.934782609,15262,2299,0.1527138842,364,549,184,0.9892473118,Horace,Satires,Horace.,"Eclogae, cvm scholiis veteribvs castigavit et notis illvstravit Gvilielmvs Baxtervs, varias lectiones et observationes",https://babel.hathitrust.org/cgi/pt?id=hvd.hw2lgo&seq=364
32044085148278,urn:cts:greekLit:tlg0059.tlg004,ell,190,0.6204535144,30,250,3.194736842,16113,2961,0.1880220189,56,242,184,0.9839572193,Plato,Phaedo,Plato.,Platonis Phaedo,https://babel.hathitrust.org/cgi/pt?id=hvd.32044085148278&seq=56
HXJV1H,urn:cts:latinLit:phi0959.phi001,lat,185,0.6424167042,39,578,2.481081081,10927,2153,0.2026727749,395,578,184,1,Ovid,Amores,Ovid,P. Ovidii Nasonis Opera omnia :,https://babel.hathitrust.org/cgi/pt?id=hvd.hxjv1h&seq=395
HN3J34,urn:cts:greekLit:tlg0012.tlg002,eng,184,0.6408625341,12,196,2.608695652,13630,2195,0.1645931334,12,196,184,0.9945945946,Homer,Odyssey,Homer.,Homer's Odyssey.,https://babel.hathitrust.org/cgi/pt?id=hvd.hn3j34&seq=12
32044098638901,urn:cts:latinLit:phi0959.phi001,lat,185,0.6218960985,45,586,2.518918919,10846,2149,0.2034452279,403,586,184,1,Ovid,Amores,Ovid,P. Ovidii Nasonis Opera omnia :,https://babel.hathitrust.org/cgi/pt?id=hvd.32044098638901&seq=403
32044014514947,urn:cts:greekLit:tlg0003.tlg001,deu,186,0.6328328185,15,205,2.5,15675,2444,0.1590454398,22,205,184,1,Thucydides,History of the Peloponnesian War,Thucydides.,Thukydides' sechstes buch. von Franz Müller. Mit einem anhang: Litteratur zur sprache des Thukydides.,https://babel.hathitrust.org/cgi/pt?id=hvd.32044014514947&seq=22
32044004481016,urn:cts:latinLit:phi0959.phi004,deu,189,0.6192623622,15,236,2.968253968,18365,2369,0.1317309401,35,229,183,0.9384615385,Ovid,Ars Amatoria,Ovid,P. Ovidi Nasonis De arte amatoria libri tres,https://babel.hathitrust.org/cgi/pt?id=hvd.32044004481016&seq=35
32044054204201,urn:cts:latinLit:stoa0122a.stoa001,lat,188,0.6359979971,25,436,3.388297872,15938,3088,0.2076444981,25,207,183,1,"Philastrius, Saint, Bishop of Brescia",Diversarum hereseon liber,,Corporis haereseologici,https://babel.hathitrust.org/cgi/pt?id=hvd.32044054204201&seq=25
HN3SVG,urn:cts:latinLit:phi0690.phi002,lat,183,0.718569048,106,291,1.710382514,14312,2280,0.1647380002,106,291,183,0.9838709677,Virgil,Georgics,Virgil.,"P. Virgilius Maro in usum scholarum, ad Londinensem heynii editionem exactus.",https://babel.hathitrust.org/cgi/pt?id=hvd.hn3svg&seq=106
HXQ2P5,urn:cts:greekLit:tlg0059.tlg006,ell,183,0.6423448521,391,580,2.912568306,14370,3233,0.2391590796,391,580,183,0.9631578947,Plato,Theaetetus,Plato.,Platonis et quae vel Platonis esse feruntur vel Platonica solent comitari seripta graece omnia ad codices manuscriptos recensuit variasque inde lectiones,https://babel.hathitrust.org/cgi/pt?id=hvd.hxq2p5&seq=391
32044054123591,urn:cts:latinLit:stoa0122a.stoa001,lat,191,0.6279633903,23,434,4.230366492,16297,3082,0.2041463978,23,205,183,1,"Philastrius, Saint, Bishop of Brescia",Diversarum hereseon liber,,Corporis haereseologici,https://babel.hathitrust.org/cgi/pt?id=hvd.32044054123591&seq=23
HN21B6,urn:cts:latinLit:phi0474.phi039,lat,187,0.6808315446,14,218,3.604278075,16873,2766,0.1677060024,23,204,182,1,"Cicero, Marcus Tullius",Brutus,"Cicero, Marcus Tullius.","Ciceros Brutus, De claribus oratoribus",https://babel.hathitrust.org/cgi/pt?id=hvd.hn21b6&seq=23
HNAJSA,urn:cts:greekLit:tlg0062.tlg063,lat,199,0.6127225002,10,545,3.854271357,12258,2677,0.2157513043,10,191,182,1,Lucian of Samosata,Hermotimus,Lucian,Opera.,https://babel.hathitrust.org/cgi/pt?id=hvd.hnajsa&seq=10
HW2K0Z,urn:cts:greekLit:tlg0003.tlg001,lat,183,0.6054910243,11,196,3.278688525,15680,2388,0.1577268323,14,196,182,0.9945355191,Thucydides,History of the Peloponnesian War,Thucydides.,De bello Peloponnesiaco libri octo.,https://babel.hathitrust.org/cgi/pt?id=hvd.hw2k0z&seq=14
HN27Y1,urn:cts:greekLit:tlg0003.tlg001,deu,183,0.6735685769,9,209,2.404371585,15904,2332,0.1487945707,9,192,182,0.9891304348,Thucydides,History of the Peloponnesian War,Thucydides.,Thukydides;,https://babel.hathitrust.org/cgi/pt?id=hvd.hn27y1&seq=9
HW32FM,urn:cts:greekLit:tlg0001.tlg001,ell,183,0.605982806,13,206,3.426229508,10381,2130,0.2155126115,13,203,182,0.9528795812,Apollonius Rhodius,Argonautica,Apollonius,Apollonii Rhodii Argonauticorum libri quatuor,https://babel.hathitrust.org/cgi/pt?id=hvd.hw32fm&seq=13
HXJVSR,urn:cts:greekLit:tlg0014.tlg018,eng,181,0.6288334145,39,224,3.082872928,14732,2563,0.1813185354,39,224,181,0.9731182796,Demosthenes,On the Crown,Demosthenes.,De corona.,https://babel.hathitrust.org/cgi/pt?id=hvd.hxjvsr&seq=39
HW2LTH,urn:cts:latinLit:phi0893.phi004,lat,182,0.6177398613,365,721,4.164835165,15931,2302,0.147121477,365,549,181,0.9783783784,Horace,Satires,Horace.,"Eclogae,",https://babel.hathitrust.org/cgi/pt?id=hvd.hw2lth&seq=365
HNJTT1,urn:cts:latinLit:phi0893.phi004,eng,183,0.6165761103,15,219,4.50273224,17070,2175,0.1323513522,32,219,180,0.9574468085,Horace,Satires,Horace.,"Opera omnia, works ;",https://babel.hathitrust.org/cgi/pt?id=hvd.hnjtt1&seq=32
32044005035225,urn:cts:latinLit:phi0690.phi002,eng,185,0.6789158313,135,344,2.394594595,12682,2454,0.2115558139,149,344,180,0.9183673469,Virgil,Georgics,Virgil.,P. Virgilii Maronis Bucolica et Georgica;,https://babel.hathitrust.org/cgi/pt?id=hvd.32044005035225&seq=149
HXJWFL,urn:cts:greekLit:tlg0003.tlg001,ell,181,0.6365620817,12,198,2.856353591,13257,2807,0.2232559937,19,198,180,1,Thucydides,History of the Peloponnesian War,Thucydides.,"Thucydides I. and II. with collation of the two Cambridge MSS. and the Aldine and Juntine edition,",https://babel.hathitrust.org/cgi/pt?id=hvd.hxjwfl&seq=19
32044010652717,urn:cts:latinLit:phi1351.phi004,eng,183,0.7205693302,59,263,2.371584699,12766,3162,0.2571954416,84,263,180,1,"Tacitus, Cornelius",Historiae,"Tacitus, Cornelius.",Historiae. The history according to the text of Orelli.,https://babel.hathitrust.org/cgi/pt?id=hvd.32044010652717&seq=84
HN2BYN,urn:cts:greekLit:tlg0003.tlg001,eng,179,0.6319019629,19,415,4.184357542,12935,2131,0.1649899852,19,415,179,0.4508816121,Thucydides,History of the Peloponnesian War,Thucydides.,"Thucydides, book VII.",https://babel.hathitrust.org/cgi/pt?id=hvd.hn2byn&seq=19
32044020997334,urn:cts:latinLit:phi0893.phi004,lat,180,0.6140339967,27,554,2.866666667,9905,2298,0.2370640945,372,554,179,0.9781420765,Horace,Satires,Horace.,"Q. Horatius Flaccus,",https://babel.hathitrust.org/cgi/pt?id=hvd.32044020997334&seq=372
HNRMAR,urn:cts:greekLit:tlg0019.tlg006,ita,179,0.603961431,39,220,2.938547486,7329,2049,0.280590734,39,220,179,0.9835164835,Aristophanes,Birds,Aristophanes.,"Gli uccelli,",https://babel.hathitrust.org/cgi/pt?id=hvd.hnrmar&seq=39
HN1ZD7,urn:cts:latinLit:phi0474.phi056,fra,195,0.6483620115,50,474,4.148717949,12340,3584,0.2941167514,152,440,179,0.6193771626,"Cicero, Marcus Tullius",Letters to his Friends,"Cicero, Marcus Tullius.",Choix de lettres.,https://babel.hathitrust.org/cgi/pt?id=hvd.hn1zd7&seq=152
HW3J2E,urn:cts:greekLit:tlg0003.tlg001,eng,178,0.6248749708,9,205,3.876404494,12901,2130,0.1645769079,9,205,178,0.9035532995,Thucydides,History of the Peloponnesian War,Thucydides.,"Thucydides, book VII.",https://babel.hathitrust.org/cgi/pt?id=hvd.hw3j2e&seq=9
HW3J2D,urn:cts:greekLit:tlg0003.tlg001,eng,178,0.6188047248,9,205,3.95505618,12899,2118,0.1635772685,9,205,178,0.9035532995,Thucydides,History of the Peloponnesian War,Thucydides.,"Thucydides, book VII.",https://babel.hathitrust.org/cgi/pt?id=hvd.hw3j2d&seq=9
HN5FB6,urn:cts:latinLit:phi0893.phi004,lat,178,0.6757650345,421,598,2.235955056,12057,2132,0.1803664199,421,598,178,1,Horace,Satires,Horace.,Q. Horatius Flaccus.,https://babel.hathitrust.org/cgi/pt?id=hvd.hn5fb6&seq=421
HXJ99E,urn:cts:greekLit:tlg0033.tlg002,ell,177,0.6457853719,22,268,2.09039548,11416,1892,0.1726034255,22,268,177,0.7165991903,Pindar,Pythian,Pindar.,Carmina et fragmenta Graece.,https://babel.hathitrust.org/cgi/pt?id=hvd.hxj99e&seq=22
32044085219467,urn:cts:latinLit:phi0119.phi005,lat,180,0.6559160376,50,237,2.727777778,10383,2681,0.2603867961,50,227,176,0.9887640449,"Plautus, Titus Maccius",Captivi,"Plautus, Titus Maccius.",M.A. Plauti Captivi.,https://babel.hathitrust.org/cgi/pt?id=hvd.32044085219467&seq=50
32044098646128,urn:cts:latinLit:phi1348.abo013,lat,176,0.604433793,418,593,2.8125,12124,1812,0.154412361,418,593,176,1,Suetonius,Tiberius,Suetonius,"Opera omnia, ex editione Baumgarten-Crusii, cum notis et interpretatione in usum Delphini variis lectionibus, notis variorum recensu editionum et codicum et indice locupletissimo accurate recensita.",https://babel.hathitrust.org/cgi/pt?id=hvd.32044098646128&seq=418
32044085176048,urn:cts:greekLit:tlg0032.tlg006,ita,175,0.6480711025,70,246,2.165714286,10366,1802,0.1736008178,70,246,175,0.988700565,Xenophon,Anabasis,Xenophon.,La spedizione di Ciro.,https://babel.hathitrust.org/cgi/pt?id=hvd.32044085176048&seq=70
HW2L62,urn:cts:latinLit:phi0474.phi055,deu,175,0.7552719802,18,193,2.68,15087,3791,0.2544885092,18,193,175,0.9943181818,"Cicero, Marcus Tullius",De Officiis,"Cicero, Marcus Tullius.",M. Tullii Ciceronis De officiis libri tres.,https://babel.hathitrust.org/cgi/pt?id=hvd.hw2l62&seq=18
AH3VQ9,urn:cts:latinLit:stoa0040.stoa077,lat,177,0.6709593325,31,238,2.875706215,9673,2874,0.2987733981,46,238,175,0.9067357513,Augustine,Retractationum,Augustine,Sancti Aureli Augustini Retractationum libri dvo.,https://babel.hathitrust.org/cgi/pt?id=hvd.ah3vq9&seq=46
32044010620110,urn:cts:latinLit:stoa0040.stoa077,lat,177,0.6543567854,27,234,3.276836158,10494,2873,0.2754911471,42,234,175,0.9067357513,Augustine,Retractationum,,Corpus scriptorum ecclesiasticorum Latinorum.,https://babel.hathitrust.org/cgi/pt?id=hvd.32044010620110&seq=42
32044085201218,urn:cts:latinLit:phi0893.phi004,lat,181,0.6033929345,25,224,2.464088398,14116,2436,0.1873346127,25,201,175,0.988700565,Horace,Satires,Horace.,Q. Horatii Flacci Satirae,https://babel.hathitrust.org/cgi/pt?id=hvd.32044085201218&seq=25
32044014632624,urn:cts:greekLit:tlg0098.tlg001,ell,185,0.6019928222,23,575,4.254054054,13657,3035,0.2406775877,51,224,173,0.9942528736,Zenobius Sophista,Epitome collectionum Lucilli Tarrhaei et Didymi,,Corpus Paroemiographorum Graecorum,https://babel.hathitrust.org/cgi/pt?id=hvd.32044014632624&seq=51
32044020164240,urn:cts:greekLit:tlg0014.tlg018,deu,182,0.6389802754,383,713,3.401098901,16626,2202,0.1327315894,532,704,172,0.9942196532,Demosthenes,On the Crown,Demosthenes,Neun philippische reden erklärt von C. Rehdantz.,https://babel.hathitrust.org/cgi/pt?id=hvd.32044020164240&seq=532
HXHQZ2,urn:cts:latinLit:phi0893.phi004,lat,172,0.6461698859,9,181,2.61627907,7942,2190,0.2783143734,9,181,172,0.9942196532,Horace,Satires,Horace.,Opera : ad mss. codices ... plvrimis in locis emendavit notisque illvstravit ...,https://babel.hathitrust.org/cgi/pt?id=hvd.hxhqz2&seq=9
32044081690760,urn:cts:greekLit:tlg0031.tlg001,lat,174,0.6511680569,42,346,2.149425287,10459,1697,0.1636685199,63,241,172,0.9608938547,New Testament,Gospel according to Matthew,,Novum Testamentum Graece et Latine,https://babel.hathitrust.org/cgi/pt?id=hvd.32044081690760&seq=63
HXJVLI,urn:cts:latinLit:phi0474.phi039,deu,195,0.6502139188,27,521,5.517948718,18090,3179,0.1783366582,261,431,171,1,"Cicero, Marcus Tullius",Brutus,"Cicero, Marcus Tullius.",Ciceros Orator ad M. Brutum : für den Schulgebrauch,https://babel.hathitrust.org/cgi/pt?id=hvd.hxjvli&seq=261
HNJXG3,urn:cts:latinLit:phi0474.phi037,eng,171,0.7318935682,9,180,2.192982456,15025,2987,0.2091231194,9,180,171,0.9941860465,"Cicero, Marcus Tullius",On Oratory,"Cicero, Marcus Tullius.",M. Tullii Ciceronis De oratore libri tres,https://babel.hathitrust.org/cgi/pt?id=hvd.hnjxg3&seq=9
32044015187396,urn:cts:greekLit:tlg0006.tlg003,ell,171,0.6334200953,7,188,2.859649123,14015,2752,0.1971274126,16,188,170,0.9826589595,Euripides,Medea,Euripides.,"Medea, literally translated into English prose, from the text of Porson, with the original Greek ...",https://babel.hathitrust.org/cgi/pt?id=hvd.32044015187396&seq=16
HXJ98A,urn:cts:greekLit:tlg2200.tlg00401,ell,171,0.6679961863,47,519,2.894736842,11916,2554,0.2195048634,47,216,170,1,Libanius,Oratio 1,Libanius.,Libanii Sophistae orationes et declamationes. Ad fidem codicum mspt. recensuit et perpetua adnotatione illustravit Io. Iacobus Reiske.,https://babel.hathitrust.org/cgi/pt?id=hvd.hxj98a&seq=47
HXQAJ7,urn:cts:latinLit:phi0474.phi037,eng,170,0.6972558494,9,178,2.905882353,15285,2975,0.204396547,9,178,170,1,"Cicero, Marcus Tullius",On Oratory,"Cicero, Marcus Tullius.",M. Tullii Ciceronis De oratore ad Quintum Fratrem libri tres,https://babel.hathitrust.org/cgi/pt?id=hvd.hxqaj7&seq=9
32044085124303,urn:cts:greekLit:tlg0012.tlg002,eng,170,0.6640077938,11,182,2.252941176,12384,2075,0.1702541795,11,182,170,0.988372093,Homer,Odyssey,Homer.,Homer's Odyssey.,https://babel.hathitrust.org/cgi/pt?id=hvd.32044085124303&seq=11
HW2JG1,urn:cts:greekLit:tlg0059.tlg007,lat,174,0.6835324699,353,539,3.287356322,11742,2847,0.2538177099,361,533,170,0.9826589595,Plato,Sophist,Plato.,Platonis Opera omnia...,https://babel.hathitrust.org/cgi/pt?id=hvd.hw2jg1&seq=361
AH6DNR,urn:cts:greekLit:tlg0031.tlg003,deu,169,0.6835171974,294,462,2.213017751,8200,2089,0.2549364798,294,462,169,1,New Testament,Gospel according to Luke,"Weiss, Bernhard",Die vier Evangelien im berichtigten Text : mit kurzer Erlaüterung zum Handgebrauch bei der Schriftlektüre,https://babel.hathitrust.org/cgi/pt?id=hvd.ah6dnr&seq=294
HXQ4DM,urn:cts:latinLit:stoa0255.stoa010,lat,172,0.7026671797,188,432,2.575581395,10681,2984,0.2913914259,256,432,169,0.9548022599,"Seneca, Lucius Annaeus",de Ira,"Seneca, Lucius Annaeus","L. Annæ Senecæ, pars prima; sive opera philosophica ...",https://babel.hathitrust.org/cgi/pt?id=hvd.hxq4dm&seq=256
AH6DNS,urn:cts:greekLit:tlg0031.tlg003,deu,169,0.6775115975,298,466,2.307692308,8089,2087,0.2581026151,298,466,169,1,New Testament,Gospel according to Luke,"Weiss, Bernhard",Die vier Evangelien im berichtigten Text : mit kurzer Erlaüterung zum Handgebrauch bei der Schriftlektüre,https://babel.hathitrust.org/cgi/pt?id=hvd.ah6dns&seq=298
HW2LBI,urn:cts:latinLit:phi0474.phi039,deu,180,0.7064957848,13,304,3.616666667,16412,3041,0.1891538546,49,216,168,1,"Cicero, Marcus Tullius",Brutus,"Cicero, Marcus Tullius.","Cicero, Brutus de claris oratoribus",https://babel.hathitrust.org/cgi/pt?id=hvd.hw2lbi&seq=49
32044085192235,urn:cts:latinLit:phi0474.phi039,lat,169,0.6155846179,14,209,6,13640,2982,0.2316560858,25,201,167,0.9435028249,"Cicero, Marcus Tullius",Brutus,"Cicero, Marcus Tullius.",Ciceros Brutus de claribus oratoribus,https://babel.hathitrust.org/cgi/pt?id=hvd.32044085192235&seq=25
HN2NR8,urn:cts:latinLit:phi0959.phi004,lat,170,0.6672430514,533,867,3.929411765,13405,2451,0.1937003668,533,702,167,0.9823529412,Ovid,Ars Amatoria,Ovid,P. Ovidii Nasonis Opera omnia : in tres tomos divisa,https://babel.hathitrust.org/cgi/pt?id=hvd.hn2nr8&seq=533
HXJV2D,urn:cts:latinLit:phi0893.phi004,lat,168,0.6163716749,29,657,4.148809524,14598,2144,0.1491351848,322,488,166,0.994011976,Horace,Satires,Horace.,"Q. Horatii Flacci Eclogae cum selectis scholiastarum veterum et Guilielmi Baxteri, Io. Matthiae Gesneri et Io. Car. Zeunii annotationibus.",https://babel.hathitrust.org/cgi/pt?id=hvd.hxjv2d&seq=322
32044098645310,urn:cts:latinLit:stoa0238.stoa007,lat,165,0.6563490201,120,284,2.145454545,11235,1961,0.1900449161,120,284,165,1,Prudentius,Contra Orationem Symmachia,Prudentius,"Opera omnia, ex editione Parmensi, cum notis et interpretatione in usum Delphini variis lectionibus, notis variorum recensu editionum et codicum et indice locupletissimo accurate recensita.",https://babel.hathitrust.org/cgi/pt?id=hvd.32044098645310&seq=120
HXQ4LH,urn:cts:latinLit:phi1348.abo012,lat,165,0.6552440761,233,397,2.296969697,12144,2012,0.1752114346,233,397,165,1,Suetonius,Divus Augustus,Suetonius,"C. Suetonii Tranquilli Duodecim Caesares, et minora quae supersunt opera; Baumgartenii-crusii commentario",https://babel.hathitrust.org/cgi/pt?id=hvd.hxq4lh&seq=233
HXJVTC,urn:cts:greekLit:tlg0014.tlg018,ell,166,0.6252956577,251,434,3.734939759,13270,2705,0.2190573505,267,434,165,0.9821428571,Demosthenes,On the Crown,Demosthenes.,Ausgewählte reden des Demosthenes,https://babel.hathitrust.org/cgi/pt?id=hvd.hxjvtc&seq=267
32044095340402,urn:cts:latinLit:phi0690.phi002,lat,164,0.6879275736,81,245,2.054878049,11051,2177,0.1978263283,81,245,164,0.9939393939,Virgil,Georgics,Virgil.,Opera : Recensuit Otto Ribbeck.,https://babel.hathitrust.org/cgi/pt?id=hvd.32044095340402&seq=81
HN26YH,urn:cts:greekLit:tlg0007.tlg070,lat,178,0.601518139,37,264,4.786516854,7935,2036,0.2789152855,37,204,164,0.9761904762,Plutarch,Quomodo adulator ab amico internoscatur,Plutarch,Libellus De discrimine amici et adulatoris Graece primum seorsim edidit varietatem lectione notavit animadversiones Xylandre aliorumque ut et indicem vocum Graecarum adiecit C.A. Krigel.,https://babel.hathitrust.org/cgi/pt?id=hvd.hn26yh&seq=37
HN3T4A,urn:cts:latinLit:phi0631.phi001,deu,167,0.6145816001,25,567,2.928143713,10518,1807,0.1831083806,25,190,164,0.9879518072,Sallust,Catilinae Coniuratio,Sallust,Opera.,https://babel.hathitrust.org/cgi/pt?id=hvd.hn3t4a&seq=25
HXJV19,urn:cts:latinLit:phi0959.phi004,lat,163,0.6996476266,240,403,2.233128834,11132,2445,0.2252126731,240,403,163,0.993902439,Ovid,Ars Amatoria,Ovid,"Publius Ovidius Naso,",https://babel.hathitrust.org/cgi/pt?id=hvd.hxjv19&seq=240
32044050964311,urn:cts:latinLit:phi0893.phi004,lat,163,0.6710823215,13,177,2.595092025,10154,2141,0.2113575942,13,177,163,0.9878787879,Horace,Satires,Horace.,Opera.,https://babel.hathitrust.org/cgi/pt?id=hvd.32044050964311&seq=13
HXK2G9,urn:cts:latinLit:phi0690.phi003,lat,175,0.6433400652,10,454,3.931428571,10530,1919,0.1902388706,10,173,163,0.993902439,Virgil,Aeneid,Virgil,"P. Virgilii Maronis Opera omnia : ex editione Heyniana cum notiset interpretatione in usum Delphini, variis lectionibus, notis variorum, excursibus Heynianis, recensu editionum et codicum et indice locupletissimo accurate recensita.",https://babel.hathitrust.org/cgi/pt?id=hvd.hxk2g9&seq=10
HW2MFE,urn:cts:latinLit:stoa0238.stoa007,lat,164,0.6638767351,42,852,2.268292683,11288,1927,0.185742373,690,852,163,1,Prudentius,Contra Orationem Symmachia,Prudentius,"Opera omnia, ex editione Parmensi, cum notis et interpretatione in usum Delphini variis lectionibus, notis variorum recensu editionum et codicum et indice locupletissimo accurate recensita.",https://babel.hathitrust.org/cgi/pt?id=hvd.hw2mfe&seq=690
HN5FB6,urn:cts:latinLit:phi0893.phi005,lat,163,0.6231283384,599,761,2.325153374,11277,1516,0.1377334866,599,761,163,1,Horace,Epistulae,Horace.,Q. Horatius Flaccus.,https://babel.hathitrust.org/cgi/pt?id=hvd.hn5fb6&seq=599
32044085080455,urn:cts:greekLit:tlg0085.tlg004,eng,167,0.6828944706,383,567,2.437125749,14298,2709,0.1950428796,383,545,163,1,Aeschylus,Seven Against Thebes,Aeschylus.,The tragedies.,https://babel.hathitrust.org/cgi/pt?id=hvd.32044085080455&seq=383
HXJVSH,urn:cts:greekLit:tlg0003.tlg001,deu,163,0.6460091187,13,183,3.693251534,14120,2119,0.1498346138,13,183,163,0.9532163743,Thucydides,History of the Peloponnesian War,Thucydides.,Thukydides,https://babel.hathitrust.org/cgi/pt?id=hvd.hxjvsh&seq=13
HN2XZU,urn:cts:latinLit:phi0959.phi004,lat,162,0.6901835887,232,394,2.277777778,11150,2422,0.2232365595,232,394,162,0.9938650307,Ovid,Ars Amatoria,Ovid,Publii Ovidii Nasonis Opera omnia,https://babel.hathitrust.org/cgi/pt?id=hvd.hn2xzu&seq=232
32044085227155,urn:cts:latinLit:phi0631.phi001,deu,164,0.6341987521,33,510,2.402439024,7779,1544,0.2026420869,33,194,162,1,Sallust,Catilinae Coniuratio,Sallust,C. Sallusti Crispi Opera,https://babel.hathitrust.org/cgi/pt?id=hvd.32044085227155&seq=33
32044085227429,urn:cts:latinLit:phi0631.phi002,fra,163,0.7230060136,25,200,2.466257669,12329,2733,0.2277631982,39,200,161,0.9938271605,Sallust,Bellum Iugurthinum,Sallust,Œuvres de Salluste : Guerre de Jugurtha,https://babel.hathitrust.org/cgi/pt?id=hvd.32044085227429&seq=39
HXJVRI,urn:cts:greekLit:tlg0006.tlg015,lat,160,0.6080446012,491,651,2.49375,15369,1812,0.121286006,491,651,160,0.9937888199,Euripides,The Phoenician Women,Euripides.,Euripidis Tragoediae,https://babel.hathitrust.org/cgi/pt?id=hvd.hxjvri&seq=491
HW2LBH,urn:cts:latinLit:phi0474.phi039,deu,169,0.7002903857,14,291,4.00591716,15126,2779,0.1870639468,50,209,160,1,"Cicero, Marcus Tullius",Brutus,"Cicero, Marcus Tullius.",Brutus de claris oratoribus : für den Schulgebrauch erklärt,https://babel.hathitrust.org/cgi/pt?id=hvd.hw2lbh&seq=50
HN25U8,urn:cts:greekLit:tlg0014.tlg018,ell,160,0.6364500547,16,176,3.69375,12271,2757,0.2429863161,16,176,160,0.9937888199,Demosthenes,On the Crown,Demosthenes,Ausgewählte reden des Demosthenes,https://babel.hathitrust.org/cgi/pt?id=hvd.hn25u8&seq=16
HW2IVW,urn:cts:greekLit:tlg0014.tlg018,ell,160,0.6561231232,257,417,3.275,11991,2728,0.2455845198,257,417,160,0.9937888199,Demosthenes,On the Crown,Demosthenes.,Ausgewählte reden des Demosthenes,https://babel.hathitrust.org/cgi/pt?id=hvd.hw2ivw&seq=257
32044095139341,urn:cts:greekLit:tlg0006.tlg015,lat,160,0.6174461708,21,181,2.425,15395,1813,0.1210589961,21,181,160,0.9937888199,Euripides,The Phoenician Women,Euripides.,Euripidis Tragoediae,https://babel.hathitrust.org/cgi/pt?id=hvd.32044095139341&seq=21
HXJWFJ,urn:cts:greekLit:tlg0003.tlg001,ell,160,0.6330942315,9,168,2.675,12008,2291,0.2004421189,9,168,160,1,Thucydides,History of the Peloponnesian War,Thucydides.,"Thucydides I. and II. with collation of the two Cambridge MSS. and the Aldine and Juntine edition,",https://babel.hathitrust.org/cgi/pt?id=hvd.hxjwfj&seq=9
32044069760742,urn:cts:greekLit:tlg0031.tlg005,ell,159,0.652356093,7,173,2.490566038,8129,1774,0.2190565446,7,173,159,0.9520958084,New Testament,Acts,,"Novum Testamentum graece / ad antiquos testes denuo recensuit, apparatum criticum omni studio perfectum apposuit, commentationem isagogicam praetexuit",https://babel.hathitrust.org/cgi/pt?id=hvd.32044069760742&seq=7
HW2LGV,urn:cts:latinLit:phi0893.phi004,deu,159,0.6004723601,23,184,3.314465409,13579,2138,0.1616215922,23,184,159,0.9814814815,Horace,Satires,Horace,Des Q. Horatius Flaccus Sämmtliche Werke für den Schulgebrauch erklar̈t.,https://babel.hathitrust.org/cgi/pt?id=hvd.hw2lgv&seq=23
32044100860279,urn:cts:greekLit:tlg0031.tlg005,ell,159,0.6672696546,7,173,2.308176101,7848,1782,0.2276546371,7,173,159,0.9520958084,New Testament,Acts,,"Novum Testamentum graece / ad antiquos testes denuo recensuit, apparatum criticum omni studio perfectum apposuit, commentationem isagogicam praetexuit",https://babel.hathitrust.org/cgi/pt?id=hvd.32044100860279&seq=7
32044081690760,urn:cts:greekLit:tlg0031.tlg004,lat,159,0.617737275,604,768,2.283018868,9736,1367,0.1406819468,604,768,159,0.9636363636,New Testament,Gospel of John,,Novum Testamentum Graece et Latine,https://babel.hathitrust.org/cgi/pt?id=hvd.32044081690760&seq=604
HX5PYI,urn:cts:greekLit:tlg0014.tlg018,eng,160,0.6330755669,180,613,3.54375,13348,2621,0.2070891247,455,613,158,0.9937106918,Demosthenes,On the Crown,Demosthenes.,"Demosthenes,",https://babel.hathitrust.org/cgi/pt?id=hvd.hx5pyi&seq=455
HW2MDC,urn:cts:latinLit:phi0631.phi001,deu,160,0.638795175,25,496,2.23125,7565,1471,0.199178508,25,182,158,1,Sallust,Catilinae Coniuratio,Sallust,C. Sallusti Crispi Opera,https://babel.hathitrust.org/cgi/pt?id=hvd.hw2mdc&seq=25
HXJVRX,urn:cts:greekLit:tlg0014.tlg018,eng,160,0.6358893167,178,611,3.5375,13335,2619,0.2076488176,453,611,158,0.9937106918,Demosthenes,On the Crown,Demosthenes.,"Demosthenes,",https://babel.hathitrust.org/cgi/pt?id=hvd.hxjvrx&seq=453
HN68YT,urn:cts:latinLit:phi0631.phi002,lat,158,0.6198759509,198,362,3.778481013,13542,3083,0.2481368032,198,359,157,0.9691358025,Sallust,Bellum Iugurthinum,Sallust,"C. Sallustii Crispi Bellum Catilinarium, et Jugurthinum, : Ad ultimam Wassii editionem diligenter castigata, : cum commentariis Johannis Min-ellii.",https://babel.hathitrust.org/cgi/pt?id=hvd.hn68yt&seq=198
AH5ICV,urn:cts:greekLit:tlg0031.tlg005,ell,157,0.6515665358,1007,1173,2.50955414,7858,1754,0.223819123,1007,1173,157,0.9401197605,New Testament,Acts,,"Novum Testamentum graece / ad antiquos testes denuo recensuit, apparatum criticum omni studio perfectum apposuit, commentationem isagogicam praetexuit",https://babel.hathitrust.org/cgi/pt?id=hvd.ah5icv&seq=1007
HW2JFV,urn:cts:greekLit:tlg0059.tlg022,lat,159,0.663707034,363,543,3.119496855,11842,2326,0.2070373563,369,524,156,1,Plato,Protagoras,Plato.,Platonis Opera omnia...,https://babel.hathitrust.org/cgi/pt?id=hvd.hw2jfv&seq=369
HXQ4IW,urn:cts:latinLit:phi1276.phi001,eng,156,0.6210257984,26,324,5.275641026,14093,2357,0.1690569827,26,324,156,0.5217391304,Juvenal,Saturae,Juvenal.,"A new and literal translation of Juvenal and Persius, with copious explanatory notes, by which these difficult satirists are rendered easy and familiar to the reader",https://babel.hathitrust.org/cgi/pt?id=hvd.hxq4iw&seq=26
HN64GG,urn:cts:latinLit:phi0893.phi004,fra,156,0.6055591875,10,276,7.506410256,9645,2078,0.2172752336,10,276,156,0.5842696629,Horace,Satires,Horace,"Les poësies d'Horace,",https://babel.hathitrust.org/cgi/pt?id=hvd.hn64gg&seq=10
AH6DNR,urn:cts:greekLit:tlg0031.tlg004,deu,154,0.6474690297,463,620,2.246753247,7320,1545,0.2111628842,463,620,154,0.9746835443,New Testament,Gospel of John,"Weiss, Bernhard",Die vier Evangelien im berichtigten Text : mit kurzer Erlaüterung zum Handgebrauch bei der Schriftlektüre,https://babel.hathitrust.org/cgi/pt?id=hvd.ah6dnr&seq=463
AH6DNS,urn:cts:greekLit:tlg0031.tlg004,deu,154,0.6450353348,467,624,2.292207792,7267,1541,0.2120345352,467,624,154,0.9746835443,New Testament,Gospel of John,"Weiss, Bernhard",Die vier Evangelien im berichtigten Text : mit kurzer Erlaüterung zum Handgebrauch bei der Schriftlektüre,https://babel.hathitrust.org/cgi/pt?id=hvd.ah6dns&seq=467
HN1ZD7,urn:cts:latinLit:phi0474.phi057,fra,157,0.6613086752,61,472,3.694267516,10452,2833,0.2747756434,61,410,154,0.44,"Cicero, Marcus Tullius",Letters to Atticus,"Cicero, Marcus Tullius.",Choix de lettres.,https://babel.hathitrust.org/cgi/pt?id=hvd.hn1zd7&seq=61
HXJV1R,urn:cts:latinLit:phi1276.phi001,eng,153,0.6257740388,20,316,4.555555556,13876,2332,0.1695918179,20,316,153,0.5151515152,Juvenal,Saturae,Juvenal.,"A new and literal translation of Juvenal and Persius, with copious explanatory notes...",https://babel.hathitrust.org/cgi/pt?id=hvd.hxjv1r&seq=20
HXJV1J,urn:cts:latinLit:phi0959.phi004,lat,153,0.7296442954,37,189,2.071895425,9105,2344,0.2659759549,37,189,153,1,Ovid,Ars Amatoria,Ovid,P. Ovidii Nasonis Opera omnia :,https://babel.hathitrust.org/cgi/pt?id=hvd.hxjv1j&seq=37
HXJV1I,urn:cts:latinLit:phi0959.phi004,lat,153,0.7304730583,41,193,2.045751634,9099,2341,0.2656047832,41,193,153,1,Ovid,Ars Amatoria,Ovid,P. Ovidii Nasonis Opera omnia :,https://babel.hathitrust.org/cgi/pt?id=hvd.hxjv1i&seq=41
HW2MF0,urn:cts:latinLit:phi0959.phi004,lat,153,0.7323026091,13,165,2.032679739,9147,2340,0.2641281976,13,165,153,1,Ovid,Ars Amatoria,Ovid,P. Ovidii Nasonis Opera omnia :,https://babel.hathitrust.org/cgi/pt?id=hvd.hw2mf0&seq=13
32044085209310,urn:cts:latinLit:phi0550.phi001,fra,168,0.6031129106,9,214,4.464285714,11178,3223,0.2817452816,60,214,152,0.9806451613,Lucretius,De Rerum Natura,"Lucretius Carus, Titus.","Extraits de Lucrèce, avec un commentaire, des notes et une étudie sur la poésie, la philosophie, la physique, le texte et la langue de Lucrèce,",https://babel.hathitrust.org/cgi/pt?id=hvd.32044085209310&seq=60
32044085080455,urn:cts:greekLit:tlg0085.tlg003,eng,152,0.7117961154,133,287,2.243421053,12719,2565,0.2093929954,133,287,152,0.9806451613,Aeschylus,Prometheus Bound,Aeschylus.,The tragedies.,https://babel.hathitrust.org/cgi/pt?id=hvd.32044085080455&seq=133
32044085108199,urn:cts:greekLit:tlg0014.tlg018,ell,151,0.6394082503,14,168,2.854304636,9318,2551,0.2819002149,14,168,151,0.9741935484,Demosthenes,On the Crown,Demosthenes,Discours sur la couronne.,https://babel.hathitrust.org/cgi/pt?id=hvd.32044085108199&seq=14
32044083853465,urn:cts:latinLit:phi0631.phi002,eng,155,0.7326766661,157,327,3.419354839,12407,2841,0.2389469747,157,307,151,1,Sallust,Bellum Iugurthinum,Sallust,C. Sallusti Crispi Catilina et Jugurtha,https://babel.hathitrust.org/cgi/pt?id=hvd.32044083853465&seq=157
HX5Q47,urn:cts:greekLit:tlg0011.tlg007,eng,158,0.6118914839,97,489,3.525316456,14254,1717,0.1217339729,336,489,151,0.9805194805,Sophocles,Oedipus at Colonus,Sophocles.,Sophocles;,https://babel.hathitrust.org/cgi/pt?id=hvd.hx5q47&seq=336
32044085080455,urn:cts:greekLit:tlg0085.tlg005,eng,160,0.6856238385,22,725,2.30625,14580,2155,0.1508226053,575,725,151,1,Aeschylus,Agamemnon,Aeschylus.,The tragedies.,https://babel.hathitrust.org/cgi/pt?id=hvd.32044085080455&seq=575
HN2XNM,urn:cts:greekLit:tlg0011.tlg007,ell,151,0.6227468926,275,426,2.443708609,6655,1761,0.2683758063,275,426,151,0.9934210526,Sophocles,Oedipus at Colonus,Sophocles.,"Tragoediae septem, cum annotatione Brunckii et Schaeferi. Accedunt deperditarum tragoediarum fragmenta.",https://babel.hathitrust.org/cgi/pt?id=hvd.hn2xnm&seq=275
32044074315037,urn:cts:latinLit:phi0893.phi001,ita,157,0.608341002,104,450,3.292993631,15858,2198,0.1457639447,283,441,150,0.9433962264,Horace,Odes,"Pascoli, Giovanni",Lyra romana ad uso delle scuole classiche.,https://babel.hathitrust.org/cgi/pt?id=hvd.32044074315037&seq=283
HW2LBG,urn:cts:latinLit:phi0474.phi039,lat,150,0.7324965177,27,179,2.793333333,11613,2918,0.2566359998,27,179,150,0.9803921569,"Cicero, Marcus Tullius",Brutus,"Cicero, Marcus Tullius.",Ciceros Brutus : de claris oratoribus,https://babel.hathitrust.org/cgi/pt?id=hvd.hw2lbg&seq=27
32044029849254,urn:cts:greekLit:tlg0018.tlg022,ell,153,0.7450539083,367,646,2.477124183,10816,3224,0.2981444849,497,646,150,1,Philo Judaeus,De Vita Mosis (Lib. I-II),Philo,Philonis Alexandrini opera quae supersunt,https://babel.hathitrust.org/cgi/pt?id=hvd.32044029849254&seq=497
HX5Q49,urn:cts:greekLit:tlg0011.tlg007,eng,158,0.6030551979,97,493,3.702531646,14362,1736,0.1212852288,340,493,150,0.974025974,Sophocles,Oedipus at Colonus,Sophocles.,Sophocles;,https://babel.hathitrust.org/cgi/pt?id=hvd.hx5q49&seq=340
32044052757820,urn:cts:greekLit:tlg0018.tlg022,ell,153,0.742988783,35,314,2.549019608,10801,3224,0.2987182198,165,314,150,1,Philo Judaeus,De Vita Mosis (Lib. I-II),Philo,Philonis Alexandrini opera quae supersunt,https://babel.hathitrust.org/cgi/pt?id=hvd.32044052757820&seq=165
AH6DNS,urn:cts:greekLit:tlg0031.tlg001,deu,150,0.6799711977,38,190,2.373333333,7250,1920,0.2653462942,38,190,150,0.9803921569,New Testament,Gospel according to Matthew,"Weiss, Bernhard",Die vier Evangelien im berichtigten Text : mit kurzer Erlaüterung zum Handgebrauch bei der Schriftlektüre,https://babel.hathitrust.org/cgi/pt?id=hvd.ah6dns&seq=38
HNFG1B,urn:cts:greekLit:tlg1443.tlg002,eng,150,0.7155950431,143,293,2.266666667,8945,2544,0.2976945605,143,293,150,0.9933774834,Ignatius of Antioch,Epistulae interpolatae et epistulae suppositiciae (recensio longior) [Sp.],,The Apostolic Fathers ...,https://babel.hathitrust.org/cgi/pt?id=hvd.hnfg1b&seq=143
32044085215747,urn:cts:latinLit:phi1276.phi001,eng,151,0.6000421487,16,409,5.801324503,14046,2065,0.1468714692,16,300,149,0.5228070175,Juvenal,Saturae,Juvenal,"A literal translation of those satires of Juvenal and Persius which are read in Trinity College, Dublin; with copious explanatory notes.",https://babel.hathitrust.org/cgi/pt?id=hvd.32044085215747&seq=16
AH6DNR,urn:cts:greekLit:tlg0031.tlg001,deu,149,0.6895194682,34,186,2.214765101,7346,1907,0.2600416035,34,186,149,0.9738562092,New Testament,Gospel according to Matthew,"Weiss, Bernhard",Die vier Evangelien im berichtigten Text : mit kurzer Erlaüterung zum Handgebrauch bei der Schriftlektüre,https://babel.hathitrust.org/cgi/pt?id=hvd.ah6dnr&seq=34
HXPP5G,urn:cts:greekLit:tlg0085.tlg005,lat,154,0.6360445383,194,475,2.733766234,8688,1678,0.2021288702,271,419,149,1,Aeschylus,Agamemnon,Aeschylus.,Aeschyli Prometheus vinctus : ad fidem manuscriptorum emendavit notas et glossarium adjecit Carolu Jacobus Blomfield.,https://babel.hathitrust.org/cgi/pt?id=hvd.hxpp5g&seq=271
HXPP6V,urn:cts:greekLit:tlg0014.tlg018,lat,154,0.6126322679,22,221,4.298701299,13044,2758,0.2270882388,38,201,149,0.9085365854,Demosthenes,On the Crown,"Dobson, William Stephen",Oratores attici et quos sic vocant sophistae.,https://babel.hathitrust.org/cgi/pt?id=hvd.hxpp6v&seq=38
32044020037081,urn:cts:latinLit:phi0959.phi001,deu,152,0.6944722572,9,233,2.335526316,13224,2471,0.1927500209,41,193,149,0.9738562092,Ovid,Amores,Ovid,Amorum libri tres.,https://babel.hathitrust.org/cgi/pt?id=hvd.32044020037081&seq=41
HN5HEE,urn:cts:greekLit:tlg0014.tlg018,ell,151,0.7072605268,36,897,2.61589404,10379,2551,0.2525440945,441,588,148,1,Demosthenes,On the Crown,Demosthenes,Les plaidoyers politiques,https://babel.hathitrust.org/cgi/pt?id=hvd.hn5hee&seq=441
HN4MXC,urn:cts:latinLit:phi0959.phi001,lat,156,0.6447781873,17,511,3,9322,2527,0.280531274,364,511,148,1,Ovid,Amores,Ovid,"Opera,",https://babel.hathitrust.org/cgi/pt?id=hvd.hn4mxc&seq=364
HNNC5B,urn:cts:greekLit:tlg1725.tlg001,lat,159,0.6359792099,6,427,4.672955975,9770,2526,0.2701124709,66,340,148,0.5381818182,Theophilus,Ad Autolycum,,Corpus apologetarum Christianorum saeculi secundi,https://babel.hathitrust.org/cgi/pt?id=hvd.hnnc5b&seq=66
AH6SDU,urn:cts:greekLit:tlg1551.tlg001,lat,163,0.6426092207,14,376,5.447852761,10111,3010,0.2987299717,102,376,148,0.5381818182,Oracula Sibyllina,Oracula,,"Chrēsmoi sibylliakoi = Oracula sibyllina : textu ad codices manuscriptos recognito , Maianis supplementis aucto, cum Castalionis versione metrica innumeris paene locis emendata, et suppleta; commentario, perpetuo, excursibus et indicibus",https://babel.hathitrust.org/cgi/pt?id=hvd.ah6sdu&seq=102
HXJVSQ,urn:cts:greekLit:tlg0014.tlg018,ell,149,0.7256534794,38,590,2.288590604,10229,2545,0.2569083501,443,590,148,1,Demosthenes,On the Crown,Demosthenes.,"Les plaidovers politiques de Démosthène. Texte grec pub.d'après les travaux les plus récents de la philologie, avec un commentaire critique et explicatif, une préface et des notices sur chaque discours",https://babel.hathitrust.org/cgi/pt?id=hvd.hxjvsq&seq=443
HN64FR,urn:cts:latinLit:phi0893.phi004,lat,147,0.7192154341,291,437,2.156462585,11870,2080,0.178514436,291,437,147,1,Horace,Satires,Horace.,"Carmina expurgata. Ab mendis denuo mundata & notis illustrata, auctore Josepho Juvencio.",https://babel.hathitrust.org/cgi/pt?id=hvd.hn64fr&seq=291
HNXAWM,urn:cts:greekLit:tlg0059.tlg004,ell,151,0.6549459055,18,190,3.40397351,11960,2963,0.2487810949,42,190,147,0.9865771812,Plato,Phaedo,Plato.,Ausgewählte Schriften : für den Schulgebrauch erklärt.,https://babel.hathitrust.org/cgi/pt?id=hvd.hnxawm&seq=42
HXJUV7,urn:cts:latinLit:phi0660.phi001,deu,147,0.6807829165,19,167,2.054421769,8041,1433,0.1782981932,19,167,147,0.9865771812,Tibullus,Elegiae,Tibullus.,"Die Elegien des Albius Tibullus und einiger Zeitgenossen,",https://babel.hathitrust.org/cgi/pt?id=hvd.hxjuv7&seq=19
32044085148294,urn:cts:greekLit:tlg0059.tlg022,lat,150,0.6384319915,28,198,3.133333333,12249,2159,0.1869244369,41,186,146,1,Plato,Protagoras,Plato.,Protagoras.,https://babel.hathitrust.org/cgi/pt?id=hvd.32044085148294&seq=41
HW2QXL,urn:cts:latinLit:phi0690.phi003,deu,146,0.743544297,13,162,2.123287671,13431,2529,0.1907537102,13,162,146,0.9733333333,Virgil,Aeneid,Virgil.,Aeneide. Für den Schulgebrauch erläutert,https://babel.hathitrust.org/cgi/pt?id=hvd.hw2qxl&seq=13
HW2M7X,urn:cts:latinLit:stoa0089.stoa005,lat,147,0.6158267995,239,647,2.496598639,9545,1176,0.1250448328,239,383,145,1,Claudian,de raptu Proserpinae,"Claudianus, Claudius",Opera omnia,https://babel.hathitrust.org/cgi/pt?id=hvd.hw2m7x&seq=239
HXJVRY,urn:cts:greekLit:tlg0014.tlg021,ell,146,0.6663301738,401,566,3.191780822,11336,2761,0.2664603599,419,566,145,0.9797297297,Demosthenes,Against Meidias,Demosthenes.,"Demosthenes,",https://babel.hathitrust.org/cgi/pt?id=hvd.hxjvry&seq=419
HXPP6V,urn:cts:greekLit:tlg0014.tlg019,lat,147,0.6643280635,204,366,3.537414966,11409,2894,0.2674985409,222,366,144,0.9931034483,Demosthenes,On the False Embassy,"Dobson, William Stephen",Oratores attici et quos sic vocant sophistae.,https://babel.hathitrust.org/cgi/pt?id=hvd.hxpp6v&seq=222
HNJWXM,urn:cts:latinLit:phi0690.phi002,lat,145,0.7081712651,11,225,2.531034483,11339,2194,0.1955784949,82,225,144,1,Virgil,Georgics,Virgil.,Opera;,https://babel.hathitrust.org/cgi/pt?id=hvd.hnjwxm&seq=82
HXJVSQ,urn:cts:greekLit:tlg0014.tlg019,ell,145,0.7660687126,14,407,2.082758621,9541,2666,0.2880673021,264,407,144,1,Demosthenes,On the False Embassy,Demosthenes.,"Les plaidovers politiques de Démosthène. Texte grec pub.d'après les travaux les plus récents de la philologie, avec un commentaire critique et explicatif, une préface et des notices sur chaque discours",https://babel.hathitrust.org/cgi/pt?id=hvd.hxjvsq&seq=264
AH44P2,urn:cts:greekLit:tlg0031.tlg003,eng,143,0.6315874414,293,443,2.622377622,13488,1872,0.1438809346,293,443,143,0.9470198675,New Testament,Gospel according to Luke,,The Greek Testament : with notes grammatical and exegetical,https://babel.hathitrust.org/cgi/pt?id=hvd.ah44p2&seq=293
HXQ2P6,urn:cts:greekLit:tlg0059.tlg007,ell,143,0.6556042186,341,487,2.461538462,10755,2647,0.2627452776,341,487,143,0.9727891156,Plato,Sophist,Plato.,Platonis et quae vel Platonis esse feruntur vel Platonica solent comitari seripta graece omnia ad codices manuscriptos recensuit variasque inde lectiones,https://babel.hathitrust.org/cgi/pt?id=hvd.hxq2p6&seq=341
HN5HEE,urn:cts:greekLit:tlg0014.tlg019,ell,143,0.750576164,262,405,2.272727273,9731,2627,0.2785435185,262,405,143,0.9930555556,Demosthenes,On the False Embassy,Demosthenes,Les plaidoyers politiques,https://babel.hathitrust.org/cgi/pt?id=hvd.hn5hee&seq=262
32044085201267,urn:cts:latinLit:phi0893.phi004,ita,143,0.6261205031,24,173,4.041958042,9257,2114,0.2247856623,24,173,143,0.9533333333,Horace,Satires,Horace.,Satire;,https://babel.hathitrust.org/cgi/pt?id=hvd.32044085201267&seq=24
AH44NZ,urn:cts:greekLit:tlg0031.tlg003,eng,143,0.626720554,295,445,2.706293706,13468,1866,0.1440352426,295,445,143,0.9470198675,New Testament,Gospel according to Luke,,The Greek Testament : with notes grammatical and exegetical,https://babel.hathitrust.org/cgi/pt?id=hvd.ah44nz&seq=295
HW2M6A,urn:cts:latinLit:phi0474.phi035,lat,143,0.726351861,37,182,2.776223776,10590,2928,0.2817039581,41,182,142,1,"Cicero, Marcus Tullius",Philippicae,"Cicero, Marcus Tullius.",Ausgewaehlte reden.,https://babel.hathitrust.org/cgi/pt?id=hvd.hw2m6a&seq=41
HXQ2P6,urn:cts:greekLit:tlg0059.tlg005,ell,142,0.6224729171,197,338,2.929577465,10694,2640,0.2609118038,197,338,142,1,Plato,Cratylus,Plato.,Platonis et quae vel Platonis esse feruntur vel Platonica solent comitari seripta graece omnia ad codices manuscriptos recensuit variasque inde lectiones,https://babel.hathitrust.org/cgi/pt?id=hvd.hxq2p6&seq=197
32044010557775,urn:cts:latinLit:phi0959.phi002,eng,153,0.6385653614,17,188,3.379084967,10650,2348,0.2246314053,45,188,142,0.9861111111,Ovid,Epistulae,Ovid,P. Ovidii Nasonis Heroides XIV,https://babel.hathitrust.org/cgi/pt?id=hvd.32044010557775&seq=45
HNJWVY,urn:cts:latinLit:phi0893.phi004,lat,144,0.7054234301,39,509,2.229166667,12392,2137,0.1799504352,367,509,142,0.993006993,Horace,Satires,Horace.,Q. Horatii Flacci Opera omnia.,https://babel.hathitrust.org/cgi/pt?id=hvd.hnjwvy&seq=367
32044079423216,urn:cts:latinLit:phi0474.phi058,deu,141,0.6706388618,137,559,2.673758865,8635,2194,0.2522540514,137,559,141,0.3333333333,"Cicero, Marcus Tullius",Letters to his brother Quintus,"Cicero, Marcus Tullius.","Epistolae ad Atticum, ad Quintum fratrem et quae vulgo ad familiares dicuntur temporis ordine dispositae",https://babel.hathitrust.org/cgi/pt?id=hvd.32044079423216&seq=137
HXIJRD,urn:cts:latinLit:phi0474.phi013,lat,140,0.6060831964,612,762,3.107142857,11241,1714,0.1637225855,612,762,140,0.9271523179,"Cicero, Marcus Tullius",In Catilinam,"Cicero, Marcus Tullius.",Ciceronis Orationes.,https://babel.hathitrust.org/cgi/pt?id=hvd.hxijrd&seq=612
32044004454633,urn:cts:latinLit:phi0893.phi005,eng,140,0.6069351878,585,736,4.592857143,13303,1557,0.1192667099,585,736,140,0.9210526316,Horace,Epistulae,Horace.,Opera omnia;,https://babel.hathitrust.org/cgi/pt?id=hvd.32044004454633&seq=585
HXQ4LH,urn:cts:latinLit:phi1348.abo011,lat,143,0.6174638454,73,537,2.41958042,10928,1437,0.133569721,73,212,139,0.9928571429,Suetonius,Divus Julius,Suetonius,"C. Suetonii Tranquilli Duodecim Caesares, et minora quae supersunt opera; Baumgartenii-crusii commentario",https://babel.hathitrust.org/cgi/pt?id=hvd.hxq4lh&seq=73
32044038413795,urn:cts:greekLit:tlg0059.tlg022,ell,143,0.6293713255,25,177,3.65034965,9855,2088,0.2214998651,35,173,139,1,Plato,Protagoras,Plato,"Protagoras, with the commentary of Hermann Sauppe,",https://babel.hathitrust.org/cgi/pt?id=hvd.32044038413795&seq=35
AH65PE,urn:cts:greekLit:tlg1443.tlg002,eng,138,0.7147703006,145,283,2.202898551,8340,2301,0.2888922116,145,283,138,0.9928057554,Ignatius of Antioch,Epistulae interpolatae et epistulae suppositiciae (recensio longior) [Sp.],,The Apostolic Fathers ...,https://babel.hathitrust.org/cgi/pt?id=hvd.ah65pe&seq=145
32044085200582,urn:cts:latinLit:phi0893.phi005,eng,138,0.6022175229,587,736,4.760869565,13133,1529,0.1185803233,587,736,138,0.92,Horace,Epistulae,Horace.,"Quinti Horatii Flacci Opera omnia,",https://babel.hathitrust.org/cgi/pt?id=hvd.32044085200582&seq=587
AH5HZ5,urn:cts:greekLit:tlg0031.tlg005,ell,138,0.6425878239,503,644,3.036231884,6648,1893,0.2871130117,503,644,138,0.9718309859,New Testament,Acts,,Novum Testamentum graece;,https://babel.hathitrust.org/cgi/pt?id=hvd.ah5hz5&seq=503
32044079423216,urn:cts:latinLit:phi0474.phi056,deu,165,0.6371623459,41,604,3.103030303,9835,2457,0.2463309264,329,604,138,0.5,"Cicero, Marcus Tullius",Letters to his Friends,"Cicero, Marcus Tullius.","Epistolae ad Atticum, ad Quintum fratrem et quae vulgo ad familiares dicuntur temporis ordine dispositae",https://babel.hathitrust.org/cgi/pt?id=hvd.32044079423216&seq=329
HXQ8SH,urn:cts:latinLit:phi0914.phi001,deu,141,0.6047362126,9,160,3.24822695,13901,2353,0.1705167488,9,146,138,1,Titus Livius (Livy),Ab urbe condita,Livy.,Ab urbe condita.,https://babel.hathitrust.org/cgi/pt?id=hvd.hxq8sh&seq=9
HN4QF4,urn:cts:latinLit:phi0893.phi005,eng,138,0.6009819092,583,732,4.768115942,13222,1534,0.1182627946,583,732,138,0.92,Horace,Epistulae,Horace.,Quinti Horatii Flacci Opera omnia.,https://babel.hathitrust.org/cgi/pt?id=hvd.hn4qf4&seq=583
HW2MF1,urn:cts:latinLit:phi0959.phi007,lat,138,0.680954844,459,602,2.536231884,8932,1594,0.181853483,466,602,137,1,Ovid,Fasti,Ovid,P. Ovidii Nasonis Opera omnia :,https://babel.hathitrust.org/cgi/pt?id=hvd.hw2mf1&seq=466
HNQKII,urn:cts:greekLit:tlg0012.tlg001,deu,137,0.657055776,17,290,2.700729927,13092,1883,0.1455004609,17,290,137,0.5,Homer,Iliad,Homer.,Ilias.,https://babel.hathitrust.org/cgi/pt?id=hvd.hnqkii&seq=17
HW2PX7,urn:cts:greekLit:tlg0010.tlg011,lat,142,0.6086290609,41,206,2.992957746,6733,1500,0.2351716857,52,189,137,0.9927536232,Isocrates,Panegyricus,Isocrates.,Isocratis Panegyricus,https://babel.hathitrust.org/cgi/pt?id=hvd.hw2px7&seq=52
HW2C4U,urn:cts:latinLit:phi0631.phi002,deu,137,0.7465548862,13,285,2.094890511,10529,2436,0.2348010299,13,285,137,0.5018315018,Sallust,Bellum Iugurthinum,Sallust,"De bello Iugurthino liber. Für den Schulgebrauch,",https://babel.hathitrust.org/cgi/pt?id=hvd.hw2c4u&seq=13
AH5ICV,urn:cts:greekLit:tlg0031.tlg004,ell,137,0.6230099632,856,1002,2.430656934,6886,1366,0.1998024684,856,1002,137,0.9319727891,New Testament,Gospel of John,,"Novum Testamentum graece / ad antiquos testes denuo recensuit, apparatum criticum omni studio perfectum apposuit, commentationem isagogicam praetexuit",https://babel.hathitrust.org/cgi/pt?id=hvd.ah5icv&seq=856
HN4QF7,urn:cts:latinLit:phi0893.phi005,lat,137,0.6627966776,224,360,2.138686131,7745,1508,0.1945567807,224,360,137,1,Horace,Epistulae,Horace,"Q. Horati Flacci Opera,",https://babel.hathitrust.org/cgi/pt?id=hvd.hn4qf7&seq=224
32044081690018,urn:cts:greekLit:tlg0031.tlg004,lat,137,0.6254705224,832,978,2.510948905,6862,1363,0.2002323252,832,978,137,0.9319727891,New Testament,Gospel of John,,"Novum Testamentum graece / ad antiquos testes denuo recensuit, apparatum criticum omni studio perfectum apposuit, commentationem isagogicam praetexuit",https://babel.hathitrust.org/cgi/pt?id=hvd.32044081690018&seq=832
HNJXG4,urn:cts:latinLit:phi0474.phi037,eng,137,0.6902550609,13,173,2.883211679,12661,1896,0.1587580241,13,150,136,0.9855072464,"Cicero, Marcus Tullius",On Oratory,"Cicero, Marcus Tullius.",M. Tullii Ciceronis De oratore libri tres,https://babel.hathitrust.org/cgi/pt?id=hvd.hnjxg4&seq=13
32044019244102,urn:cts:greekLit:tlg0085.tlg005,deu,137,0.6083390393,10,156,2.598540146,12051,1652,0.1380189847,21,156,136,1,Aeschylus,Agamemnon,Aeschylus.,"Aeschylos' Agamemnon,",https://babel.hathitrust.org/cgi/pt?id=hvd.32044019244102&seq=21
AH44P2,urn:cts:greekLit:tlg0031.tlg004,eng,136,0.6019576359,448,595,2.544117647,14217,1371,0.09886029115,448,595,136,0.9189189189,New Testament,Gospel of John,,The Greek Testament : with notes grammatical and exegetical,https://babel.hathitrust.org/cgi/pt?id=hvd.ah44p2&seq=448
HNDFIJ,urn:cts:greekLit:tlg0032.tlg002,ell,137,0.6585466756,658,815,2.510948905,8646,1881,0.2238114587,673,815,136,0.951048951,Xenophon,Memorabilia,Xenophon.,"Xenophōntos Hellēnika, ekdothenta meta scholiōn",https://babel.hathitrust.org/cgi/pt?id=hvd.hndfij&seq=673
HW42J5,urn:cts:greekLit:tlg0085.tlg005,eng,138,0.6504583447,23,532,2.427536232,13222,1626,0.1247798866,397,532,136,1,Aeschylus,Agamemnon,Aeschylus.,The tragedies of Aeschylus,https://babel.hathitrust.org/cgi/pt?id=hvd.hw42j5&seq=397
HXJVP6,urn:cts:greekLit:tlg0006.tlg005,deu,136,0.604621904,605,740,2.875,12358,1442,0.1187215488,605,740,136,1,Euripides,Hippolytus,Euripides.,Ausgewählte tragödien des Euripides,https://babel.hathitrust.org/cgi/pt?id=hvd.hxjvp6&seq=605
HXPP5R,urn:cts:greekLit:tlg0026.tlg002,ell,149,0.6699791338,247,500,3.577181208,5807,1647,0.2942518268,247,386,135,0.9642857143,Aeschines,On the Embassy,Aeschines.,Opera graece. Ad fidem codicum manuscriptorum recognovit animadversionibusque illustravit J.H. Bremius.,https://babel.hathitrust.org/cgi/pt?id=hvd.hxpp5r&seq=247
HN4QEZ,urn:cts:latinLit:phi0893.phi005,eng,135,0.6093054541,579,727,4.296296296,12972,1533,0.121518683,579,727,135,0.9060402685,Horace,Epistulae,Horace.,Opera omnia.,https://babel.hathitrust.org/cgi/pt?id=hvd.hn4qez&seq=579
32044085192466,urn:cts:latinLit:phi0474.phi040,ita,141,0.6739141923,19,182,3.035460993,7678,2181,0.2855795626,44,179,135,0.9926470588,"Cicero, Marcus Tullius",Orator,"Cicero, Marcus Tullius.","L'Orator,",https://babel.hathitrust.org/cgi/pt?id=hvd.32044085192466&seq=44
HXQ2XN,urn:cts:greekLit:tlg0094.tlg003,ell,135,0.6372565808,10,177,2.466666667,6717,1841,0.2744224474,10,177,135,0.8035714286,Pseudo-Plutarch,Placita Philosophorum,Plutarch.,"Ploutarchou tou Chairōneōs Ta ēthika = Plutarchi Chaeronensis Moralia, id est Opera, exceptis vitis, reliqua",https://babel.hathitrust.org/cgi/pt?id=hvd.hxq2xn&seq=10
32044069760734,urn:cts:greekLit:tlg0031.tlg004,lat,135,0.6189018277,838,984,2.533333333,6767,1356,0.2017833326,838,984,135,0.9183673469,New Testament,Gospel of John,,"Novum Testamentum graece / ad antiquos testes denuo recensuit, apparatum criticum omni studio perfectum apposuit, commentationem isagogicam praetexuit",https://babel.hathitrust.org/cgi/pt?id=hvd.32044069760734&seq=838
HN4QEY,urn:cts:latinLit:phi0893.phi005,eng,135,0.6189743957,575,723,4.088888889,12953,1535,0.1218383688,575,723,135,0.9060402685,Horace,Epistulae,Horace.,Opera omnia.,https://babel.hathitrust.org/cgi/pt?id=hvd.hn4qey&seq=575
HXJRVV,urn:cts:latinLit:phi0690.phi002,lat,136,0.7170298211,49,304,2.845588235,8635,2210,0.2623332721,168,304,133,0.9708029197,Virgil,Georgics,Virgil.,Publii Virgilii Maronis Opera,https://babel.hathitrust.org/cgi/pt?id=hvd.hxjrvv&seq=168
32044072017270,urn:cts:latinLit:phi0631.phi002,deu,134,0.7466928793,113,302,2.141791045,10614,2467,0.2374625264,113,245,133,1,Sallust,Bellum Iugurthinum,Sallust,C. Sallusti Crispi De coniuratione Catilinae et De bello Iugurthino libri : ex historiarum libris quinque deperditis orationes et epistulae,https://babel.hathitrust.org/cgi/pt?id=hvd.32044072017270&seq=113
HW42J4,urn:cts:greekLit:tlg0085.tlg005,eng,135,0.6214830719,21,513,2.785185185,13044,1609,0.1259810974,381,513,133,1,Aeschylus,Agamemnon,Aeschylus.,The tragedies of Aeschylus,https://babel.hathitrust.org/cgi/pt?id=hvd.hw42j4&seq=381
HW2J3H,urn:cts:greekLit:tlg0006.tlg016,eng,132,0.6302980289,19,156,3.28030303,10266,1708,0.1730724244,19,156,132,0.9565217391,Euripides,Orestes,Euripides.,"The Orestes of Euripides : from the text, and with a translation of the notes of Porson; critical and explanatory remarks, original and selected; illustrations of idioms from Matthiæ, Dawes, Viger &c &c.; examination questions, and copious indexes",https://babel.hathitrust.org/cgi/pt?id=hvd.hw2j3h&seq=19
HW1ZOP,urn:cts:greekLit:tlg0059.tlg004,ell,136,0.6578663487,318,471,3.536764706,11018,2780,0.2521318469,338,471,132,0.9850746269,Plato,Phaedo,Plato.,Platons Ausgewählte Schriften für den Schulgebrauch.,https://babel.hathitrust.org/cgi/pt?id=hvd.hw1zop&seq=338
32044085095651,urn:cts:greekLit:tlg0086.tlg010,ell,135,0.6007592047,15,155,3.103703704,6286,1490,0.2452881509,23,155,132,0.992481203,Aristotle,Nicomachean Ethics,Aristotle.,"Nicomachean Ethics,",https://babel.hathitrust.org/cgi/pt?id=hvd.32044085095651&seq=23
32044085190312,urn:cts:latinLit:phi0474.phi022,lat,132,0.6694184194,64,390,3,8816,2183,0.2525347174,64,194,131,1,"Cicero, Marcus Tullius",Pro P. Sestio,"Cicero, Marcus Tullius.","Orationes VI : Pro Sulla, Pro Sextio, Pro Milone, Pro Archia P., Pro Ligario, et Pro Rege Deiotaro",https://babel.hathitrust.org/cgi/pt?id=hvd.32044085190312&seq=64
HN265J,urn:cts:greekLit:tlg0011.tlg002,lat,133,0.6088957723,323,477,2.293233083,10684,1301,0.126393875,345,477,131,0.984962406,Sophocles,Antigone,Sophocles.,Sophclis Tragoediae superstites et perditarum fragmenta,https://babel.hathitrust.org/cgi/pt?id=hvd.hn265j&seq=345
HN265J,urn:cts:greekLit:tlg0011.tlg007,lat,132,0.652947464,171,308,2.310606061,9548,1742,0.1937119186,177,308,131,0.9924242424,Sophocles,Oedipus at Colonus,Sophocles.,Sophclis Tragoediae superstites et perditarum fragmenta,https://babel.hathitrust.org/cgi/pt?id=hvd.hn265j&seq=177
HXQ2XJ,urn:cts:greekLit:tlg0007.tlg089,ell,131,0.6773752441,9,139,2.526717557,6830,1947,0.2857540836,9,139,131,1,Plutarch,De Iside et Osiride,Plutarch.,"Ploutarchou tou Chairōneōs Ta ēthika = Plutarchi Chaeronensis Moralia, id est Opera, exceptis vitis, reliqua",https://babel.hathitrust.org/cgi/pt?id=hvd.hxq2xj&seq=9
AH44NZ,urn:cts:greekLit:tlg0031.tlg001,eng,132,0.6162078504,61,205,2.537878788,12372,1601,0.1342608513,65,205,131,0.9290780142,New Testament,Gospel according to Matthew,,The Greek Testament : with notes grammatical and exegetical,https://babel.hathitrust.org/cgi/pt?id=hvd.ah44nz&seq=65
AH5HPB,urn:cts:greekLit:tlg0031.tlg005,lat,131,0.6059215324,519,657,3.27480916,10219,1826,0.1831553955,519,657,131,0.9424460432,New Testament,Acts,,"He Kaine Diatheke = Novum Testamentum Graecum domini nostri Jesu Christi; cum scholiis theologicis et philologicis, in quibus....",https://babel.hathitrust.org/cgi/pt?id=hvd.ah5hpb&seq=519
HW2LGP,urn:cts:latinLit:phi0893.phi004,lat,141,0.6213197832,260,513,3.631205674,11824,2421,0.2309318985,260,390,131,1,Horace,Satires,Horace.,"Q. Horatii Flacci Eclogae : una cum scholiis perpetuis, tam veteribus quàm novis",https://babel.hathitrust.org/cgi/pt?id=hvd.hw2lgp&seq=260
HXHQZ2,urn:cts:latinLit:phi0893.phi005,lat,131,0.619173288,182,313,2.740458015,6044,1494,0.2473213091,182,313,131,0.9924242424,Horace,Epistulae,Horace.,Opera : ad mss. codices ... plvrimis in locis emendavit notisque illvstravit ...,https://babel.hathitrust.org/cgi/pt?id=hvd.hxhqz2&seq=182
32044018989582,urn:cts:latinLit:stoa0252.stoa002,lat,151,0.6251245876,36,473,4.78807947,11723,1871,0.1648144884,76,208,131,0.984962406,Sedulius,Carmen Paschale,,Corpus scriptorum ecclesiasticorum Latinorum.,https://babel.hathitrust.org/cgi/pt?id=hvd.32044018989582&seq=76
HXJUSI,urn:cts:greekLit:tlg0011.tlg002,ell,133,0.6188059594,321,475,2.263157895,10583,1302,0.1279297515,343,475,131,0.984962406,Sophocles,Antigone,Sophocles.,Sophclis Tragoediae superstites et perditarum fragmenta,https://babel.hathitrust.org/cgi/pt?id=hvd.hxjusi&seq=343
HXJUSI,urn:cts:greekLit:tlg0011.tlg007,ell,132,0.6677349403,169,306,2.303030303,9393,1713,0.194161916,175,306,131,0.9924242424,Sophocles,Oedipus at Colonus,Sophocles.,Sophclis Tragoediae superstites et perditarum fragmenta,https://babel.hathitrust.org/cgi/pt?id=hvd.hxjusi&seq=175
32044038446274,urn:cts:latinLit:stoa0252.stoa002,lat,152,0.6222012333,38,475,5.302631579,11621,1883,0.1680564257,78,210,131,0.984962406,Sedulius,Carmen Paschale,Sedulius,Sedulii Opera omnia,https://babel.hathitrust.org/cgi/pt?id=hvd.32044038446274&seq=78
AH44P2,urn:cts:greekLit:tlg0031.tlg001,eng,131,0.6097988767,59,203,2.679389313,12340,1606,0.1351891839,63,203,130,0.9219858156,New Testament,Gospel according to Matthew,,The Greek Testament : with notes grammatical and exegetical,https://babel.hathitrust.org/cgi/pt?id=hvd.ah44p2&seq=63
HXJP4F,urn:cts:greekLit:tlg0019.tlg009,ell,130,0.6414738944,20,151,2.369230769,6517,1672,0.2590801316,20,151,130,0.9848484848,Aristophanes,Frogs,Aristophanes.,Aristophanis Ranae;,https://babel.hathitrust.org/cgi/pt?id=hvd.hxjp4f&seq=20
HXJA97,urn:cts:greekLit:tlg0011.tlg005,ell,134,0.6606863762,109,432,3.350746269,8707,2191,0.2660859144,109,238,130,1,Sophocles,Electra,Sophocles.,Sophocles quae exstant omnia cum veterum grammaticorum scholiis : superstites tragoedias VII ad optimorum exemplarium fidem,https://babel.hathitrust.org/cgi/pt?id=hvd.hxja97&seq=109
HX6V14,urn:cts:greekLit:tlg0019.tlg009,ell,130,0.629700827,20,151,2.384615385,6579,1652,0.253712954,20,151,130,0.9848484848,Aristophanes,Frogs,Aristophanes.,Aristophanis Ranae;,https://babel.hathitrust.org/cgi/pt?id=hvd.hx6v14&seq=20
HW2M7O,urn:cts:latinLit:phi0474.phi022,lat,130,0.6744342097,166,295,3.015384615,7732,2163,0.2907328786,166,295,130,1,"Cicero, Marcus Tullius",Pro P. Sestio,"Ernesti, Johann August","Clavis Ciceroniana, sive, Indices rerum et verborum philologico-critici in opera Ciceronis : accedunt Graeca Ciceronis necessariis observationibus illustrata",https://babel.hathitrust.org/cgi/pt?id=hvd.hw2m7o&seq=166
HXJWPF,urn:cts:greekLit:tlg0059.tlg004,deu,134,0.6574173509,462,614,3.23880597,10936,2728,0.2501782228,482,614,130,0.977443609,Plato,Phaedo,Plato.,Platons ausgewählte schriften : für den schulgebrauch,https://babel.hathitrust.org/cgi/pt?id=hvd.hxjwpf&seq=482
32044085159432,urn:cts:greekLit:tlg0007.tlg055,ell,135,0.6441157516,38,189,2.925925926,6942,1762,0.2680880257,61,189,129,1,Plutarch,Cicero,Plutarch,"Vie de Cicéron suivie du Paralléle de Démosthéne et de Cicéron; texte grec revu sur le manuscrit de Madrid, accompagné d'une notice sur Plutarque et sur les sources de la Vie de Cicéron,",https://babel.hathitrust.org/cgi/pt?id=hvd.32044085159432&seq=61
HNJVSK,urn:cts:latinLit:stoa0089.stoa004,lat,129,0.6598772975,80,208,2.364341085,7526,1256,0.1671287878,80,208,129,1,Claudian,de consulatu Stilichonis,"Claudianus, Claudius",Opera omnia,https://babel.hathitrust.org/cgi/pt?id=hvd.hnjvsk&seq=80
32044085241818,urn:cts:latinLit:phi0690.phi002,lat,151,0.6328773613,78,833,8.185430464,15629,2226,0.1695922241,78,206,129,1,Virgil,Georgics,Virgil.,Publii Virgilii Maronis Opera notis ex editione Heyniana excerptis illustrata.,https://babel.hathitrust.org/cgi/pt?id=hvd.32044085241818&seq=78
32044010737096,urn:cts:greekLit:tlg0059.tlg011,ell,131,0.6973146836,77,218,3.022900763,9795,2229,0.2386734986,85,213,129,1,Plato,Symposium,Plato,Symposion.,https://babel.hathitrust.org/cgi/pt?id=hvd.32044010737096&seq=85
HXQ2XP,urn:cts:greekLit:tlg0007.tlg138,ell,129,0.6129739439,339,471,2.88372093,6916,1677,0.243186209,339,471,129,0.969924812,Plutarch,De communibus notitiis adversus Stoicos,Plutarch.,"Ploutarchou tou Chairōneōs Ta ēthika = Plutarchi Chaeronensis Moralia, id est Opera, exceptis vitis, reliqua",https://babel.hathitrust.org/cgi/pt?id=hvd.hxq2xp&seq=339
32044085148500,urn:cts:greekLit:tlg0059.tlg024,lat,133,0.6842349245,25,358,2.684210526,10151,2319,0.2413913936,25,161,129,0.9416058394,Plato,Meno,Plato.,"Platonis dialogi IV, Meno, Crito, Alcibiades uterque,",https://babel.hathitrust.org/cgi/pt?id=hvd.32044085148500&seq=25
HN2XNM,urn:cts:greekLit:tlg0011.tlg004,ell,129,0.6282934077,137,267,2.395348837,5543,1503,0.2742084402,137,267,129,0.9847328244,Sophocles,Oedipus Tyrannus,Sophocles.,"Tragoediae septem, cum annotatione Brunckii et Schaeferi. Accedunt deperditarum tragoediarum fragmenta.",https://babel.hathitrust.org/cgi/pt?id=hvd.hn2xnm&seq=137
32044098638877,urn:cts:latinLit:stoa0089.stoa004,lat,129,0.6465738102,76,204,2.364341085,7463,1262,0.1692366781,76,204,129,1,Claudian,de consulatu Stilichonis,"Claudianus, Claudius",Opera omnia,https://babel.hathitrust.org/cgi/pt?id=hvd.32044098638877&seq=76
HW2K6H,urn:cts:greekLit:tlg0032.tlg003,lat,133,0.6201726991,21,383,5.864661654,9574,2452,0.2672107514,21,148,128,1,Xenophon,Economics,Xenophon.,"Xenophōntos Oikonomikos, Symposion, Hierōn, Agēsilaos = Xenophontis Oeconomicus, Convivium, Hiero, Agesilaus",https://babel.hathitrust.org/cgi/pt?id=hvd.hw2k6h&seq=21
32044085227189,urn:cts:latinLit:phi0631.phi002,deu,129,0.7465253543,102,283,2.395348837,10035,2454,0.2486143001,102,229,128,1,Sallust,Bellum Iugurthinum,Sallust,"De coniuratione Catilinae ; et, De bello Iugurthino : libri ex historiarum libris quinque deperditis orationes et epistulae",https://babel.hathitrust.org/cgi/pt?id=hvd.32044085227189&seq=102
HW2LGT,urn:cts:latinLit:phi0893.phi004,lat,130,0.7093677456,31,453,2.623076923,10531,2133,0.2133569329,326,453,128,1,Horace,Satires,Horace.,Q. Horatii Flacci Opera omnia,https://babel.hathitrust.org/cgi/pt?id=hvd.hw2lgt&seq=326
HWK7VI,urn:cts:greekLit:tlg0031.tlg005,ell,127,0.6267112039,501,630,3.220472441,6345,1716,0.2729431105,501,630,127,0.9769230769,New Testament,Acts,,Novum Testamentum Graece. Ad antiquissimos testes denuo recensuit delectuque critico ac prolegomenis instruxit Constant. de Tischendorf.,https://babel.hathitrust.org/cgi/pt?id=hvd.hwk7vi&seq=501
32044085114718,urn:cts:greekLit:tlg0006.tlg003,eng,137,0.6106105006,25,197,3.394160584,11750,1470,0.1303831673,49,175,127,1,Euripides,Medea,Euripides.,"The Medea of Euripides, from the text, and with a translation of the notes of Porson;",https://babel.hathitrust.org/cgi/pt?id=hvd.32044085114718&seq=49
32044018989582,urn:cts:latinLit:stoa0252.stoa008,lat,152,0.6555670538,52,471,4.592105263,11337,2818,0.2710689208,238,365,127,0.9921875,Sedulius,Opus Paschale,,Corpus scriptorum ecclesiasticorum Latinorum.,https://babel.hathitrust.org/cgi/pt?id=hvd.32044018989582&seq=238
32044038446274,urn:cts:latinLit:stoa0252.stoa008,lat,151,0.6607406148,54,473,4.59602649,11153,2815,0.2741119452,240,367,127,0.9921875,Sedulius,Opus Paschale,Sedulius,Sedulii Opera omnia,https://babel.hathitrust.org/cgi/pt?id=hvd.32044038446274&seq=240
HW3Q1H,urn:cts:latinLit:phi0893.phi001,eng,127,0.6128381899,32,276,3.409448819,5518,1597,0.2885130627,32,276,127,0.5183673469,Horace,Odes,Horace,"A poetical translation of the works of Horace : with the original text, and critical notes collected from his best Latin and French commentators",https://babel.hathitrust.org/cgi/pt?id=hvd.hw3q1h&seq=32
32044083619148,urn:cts:latinLit:phi0119.phi012,deu,129,0.6208691383,28,175,3.23255814,13226,1716,0.1313084218,37,164,126,0.984375,"Plautus, Titus Maccius",Miles Gloriosus,"Plautus, Titus Maccius.","Ausgewählte Komödien des T. Maccius Plautus,",https://babel.hathitrust.org/cgi/pt?id=hvd.32044083619148&seq=37
32044035035682,urn:cts:greekLit:tlg0019.tlg004,eng,132,0.6214931027,56,344,5.424242424,8282,1599,0.2011934999,56,294,126,0.5271966527,Aristophanes,Wasps,Aristophanes.,"The wasps of Aristophanes : acted at Athens at the Lenæan Festival, B.C. 422.",https://babel.hathitrust.org/cgi/pt?id=hvd.32044035035682&seq=56
32044051103000,urn:cts:greekLit:tlg0012.tlg001,deu,132,0.6309326569,63,485,2.734848485,5970,1457,0.243895368,359,485,126,0.9921259843,Homer,Iliad,Homer.,Einundzwanzigstes und zweiundzwanzigstes buch (Ph and Ch) der Ilias.,https://babel.hathitrust.org/cgi/pt?id=hvd.32044051103000&seq=359
HN6R3K,urn:cts:latinLit:phi0690.phi002,deu,128,0.7319173668,79,216,2.8515625,10246,2186,0.2146470447,79,203,125,1,Virgil,Georgics,Virgil.,Gedichte. Erklaert,https://babel.hathitrust.org/cgi/pt?id=hvd.hn6r3k&seq=79
HW2G6O,urn:cts:latinLit:phi0690.phi003,deu,125,0.7516479121,9,133,2.104,11074,2286,0.2087536003,9,133,125,1,Virgil,Aeneid,Virgil.,"Aeneide, für den Schulgebrauch,",https://babel.hathitrust.org/cgi/pt?id=hvd.hw2g6o&seq=9
HN7VDJ,urn:cts:latinLit:phi0893.phi001,fra,144,0.6402133977,26,466,8.965277778,14607,3103,0.2189503157,212,466,125,0.4901960784,Horace,Odes,Horace,OEuvres complètes d'Horace,https://babel.hathitrust.org/cgi/pt?id=hvd.hn7vdj&seq=212
HXG92Y,urn:cts:greekLit:tlg0005.tlg001,ell,129,0.6049103683,63,375,3.953488372,8660,1561,0.1817500696,94,296,125,0.6157635468,Theocritus,Εἰδύλλια,,Poetae minores Graeci,https://babel.hathitrust.org/cgi/pt?id=hvd.hxg92y&seq=94
HW2LTO,urn:cts:latinLit:phi0631.phi002,deu,125,0.7592016325,107,231,2.064,9553,2448,0.261737802,107,231,125,1,Sallust,Bellum Iugurthinum,Sallust,"De Conjuratione Catalinae et De bello Jugurthino, libri ex historiarum libris quinque deperditis, orationes et epistolae.",https://babel.hathitrust.org/cgi/pt?id=hvd.hw2lto&seq=107
HN6R3L,urn:cts:latinLit:phi0690.phi002,deu,127,0.7336308646,85,221,2.858267717,10122,2186,0.2175016491,85,209,125,1,Virgil,Georgics,Virgil.,Gedichte. Lat. Erklært,https://babel.hathitrust.org/cgi/pt?id=hvd.hn6r3l&seq=85
HXIKEC,urn:cts:greekLit:tlg0006.tlg002,lat,125,0.6063537271,15,139,2.272,7851,1200,0.1573896476,15,139,125,1,Euripides,Alcestis,Euripides,Euripidis Alcestis.,https://babel.hathitrust.org/cgi/pt?id=hvd.hxikec&seq=15
HW2LTH,urn:cts:latinLit:phi0893.phi005,lat,127,0.6310173432,30,743,3.755905512,10722,1611,0.1509968474,551,676,124,0.9841269841,Horace,Epistulae,Horace.,"Eclogae,",https://babel.hathitrust.org/cgi/pt?id=hvd.hw2lth&seq=551
32044050520832,urn:cts:greekLit:tlg0011.tlg002,eng,125,0.6065893836,29,344,3.056,9991,1330,0.1369009953,219,344,124,0.9841269841,Sophocles,Antigone,Sophocles.,"Plays, with original explanatory English notes.",https://babel.hathitrust.org/cgi/pt?id=hvd.32044050520832&seq=219
HN2M6R,urn:cts:latinLit:phi0690.phi002,deu,128,0.722372271,89,482,2.9609375,10417,2191,0.2106922937,89,212,124,1,Virgil,Georgics,Virgil.,Vergil's Gedichte,https://babel.hathitrust.org/cgi/pt?id=hvd.hn2m6r&seq=89
HN265I,urn:cts:greekLit:tlg0011.tlg005,ell,124,0.6617341822,27,150,2.10483871,9484,1464,0.1601242394,27,150,124,1,Sophocles,Electra,Sophocles.,Sophclis Tragoediae superstites et perditarum fragmenta,https://babel.hathitrust.org/cgi/pt?id=hvd.hn265i&seq=27
HXJUQG,urn:cts:greekLit:tlg0011.tlg005,ell,124,0.6633682727,25,148,2.153225806,9419,1458,0.1606767568,25,148,124,1,Sophocles,Electra,Sophocles.,Sophclis Tragoediae superstites et perditarum fragmenta,https://babel.hathitrust.org/cgi/pt?id=hvd.hxjuqg&seq=25
HN22G7,urn:cts:latinLit:phi0631.phi002,deu,124,0.7630548105,97,220,2.217741935,9140,2657,0.2964683079,97,220,124,1,Sallust,Bellum Iugurthinum,Sallust,De coniuratione Catilinae et De bello Iugurthino libri ex historiarum libris quinque deperditis orationes epistolae.,https://babel.hathitrust.org/cgi/pt?id=hvd.hn22g7&seq=97
HXUW7J,urn:cts:latinLit:phi1348.abo013,lat,124,0.617797777,418,541,2.596774194,8417,1269,0.1552432631,418,541,124,1,Suetonius,Tiberius,Suetonius,"Opera omnia, ex editione Baumgarten-Crusii, cum notis et interpretatione in usum Delphini variis lectionibus, notis variorum recensu editionum et codicum et indice locupletissimo accurate recensita.",https://babel.hathitrust.org/cgi/pt?id=hvd.hxuw7j&seq=418
32044010675171,urn:cts:greekLit:tlg0085.tlg005,eng,124,0.6421908922,32,264,4.830645161,8707,2034,0.2455949781,32,264,124,0.5321888412,Aeschylus,Agamemnon,Aeschylus.,The Agamemnon of Aeschylus;,https://babel.hathitrust.org/cgi/pt?id=hvd.32044010675171&seq=32
HW2J8D,urn:cts:greekLit:tlg0012.tlg001,deu,124,0.6965800259,7,130,2.322580645,11679,1857,0.1604328353,7,130,124,1,Homer,Iliad,Homer.,Ilias.,https://babel.hathitrust.org/cgi/pt?id=hvd.hw2j8d&seq=7
HXQ2P3,urn:cts:greekLit:tlg0059.tlg022,ell,123,0.6243857078,452,574,3.479674797,9757,2112,0.2329925707,452,574,123,1,Plato,Protagoras,Plato.,Platonis et quae vel Platonis esse feruntur vel Platonica solent comitari seripta graece omnia ad codices manuscriptos recensuit variasque inde lectiones,https://babel.hathitrust.org/cgi/pt?id=hvd.hxq2p3&seq=452
32044085181212,urn:cts:latinLit:phi0620.phi001,deu,125,0.637604493,178,409,3.256,11367,1513,0.1342212244,178,301,123,0.9919354839,"Propertius, Sextus",Elegiae,"Schulze, K. P.","Römische Elegiker : eine Auswahl aus Catull, Tibull, Properz und Ovid, für den Schulgebrauch",https://babel.hathitrust.org/cgi/pt?id=hvd.32044085181212&seq=178
HW2J7P,urn:cts:greekLit:tlg0012.tlg001,deu,123,0.6663191218,11,134,2.43902439,12347,1666,0.137909895,11,134,123,0.9919354839,Homer,Iliad,Homer.,Ilias.,https://babel.hathitrust.org/cgi/pt?id=hvd.hw2j7p&seq=11
32044023338700,urn:cts:greekLit:tlg0527.tlg005,ell,123,0.6137354119,153,280,2.674796748,12352,1480,0.1207441956,153,280,123,0.9609375,Old Testament,Deuteronomy,,"The Old Testament in Greek, according to the text of Codex Vaticanus, supplemented from other uncial manuscripts, with a critical apparatus containing the variants of the chief ancient authorities for the text of the Septuagint.",https://babel.hathitrust.org/cgi/pt?id=hvd.32044023338700&seq=153
HXJV2D,urn:cts:latinLit:phi0893.phi005,lat,124,0.6075973986,36,684,3.717741935,10928,1562,0.1452650536,489,612,122,0.9838709677,Horace,Epistulae,Horace.,"Q. Horatii Flacci Eclogae cum selectis scholiastarum veterum et Guilielmi Baxteri, Io. Matthiae Gesneri et Io. Car. Zeunii annotationibus.",https://babel.hathitrust.org/cgi/pt?id=hvd.hxjv2d&seq=489
AH3VQ2,urn:cts:latinLit:stoa0162.stoa004,lat,153,0.6203125629,71,753,3.790849673,8204,2179,0.2710171627,245,396,122,0.8026315789,"Jerome, Saint",Epistulae,Augustine,S. Avreli Avgvstini Hipponiensis episcopi Epistvlae.,https://babel.hathitrust.org/cgi/pt?id=hvd.ah3vq2&seq=245
HW2JWT,urn:cts:greekLit:tlg0005.tlg001,deu,123,0.6039234431,69,318,4.089430894,11338,1589,0.1479456891,69,270,122,0.603960396,Theocritus,Εἰδύλλια,Theocritus.,Theokrits Idyllen. Mit Deutscher erklärung von Ad. Th. Hermann Fritzsche ...,https://babel.hathitrust.org/cgi/pt?id=hvd.hw2jwt&seq=69
32044050964311,urn:cts:latinLit:phi0893.phi005,lat,122,0.6310378552,178,301,3.106557377,7620,1495,0.1968218777,178,301,122,0.9838709677,Horace,Epistulae,Horace.,Opera.,https://babel.hathitrust.org/cgi/pt?id=hvd.32044050964311&seq=178
HN4SLN,urn:cts:latinLit:phi0690.phi002,lat,123,0.7471181068,29,224,2.463414634,11450,2208,0.1989187312,101,224,122,0.9838709677,Virgil,Georgics,Virgil.,Opera.,https://babel.hathitrust.org/cgi/pt?id=hvd.hn4sln&seq=101
32044098645336,urn:cts:latinLit:stoa0238.stoa004,lat,126,0.7028718047,47,209,2.603174603,7270,1983,0.2802161935,88,209,122,1,Prudentius,Cathemerina,Prudentius,"Opera omnia, ex editione Parmensi, cum notis et interpretatione in usum Delphini variis lectionibus, notis variorum recensu editionum et codicum et indice locupletissimo accurate recensita.",https://babel.hathitrust.org/cgi/pt?id=hvd.32044098645336&seq=88
32044085227171,urn:cts:latinLit:phi0631.phi002,lat,127,0.726738189,134,388,4.196850394,8585,2481,0.2978691961,141,262,122,1,Sallust,Bellum Iugurthinum,Sallust,"Catilina, Iugurtha, Historiarum fragmenta.",https://babel.hathitrust.org/cgi/pt?id=hvd.32044085227171&seq=141
32044014783484,urn:cts:latinLit:stoa0162.stoa004,lat,156,0.6133692523,30,753,3.679487179,8388,2180,0.263556934,245,395,122,0.8079470199,"Jerome, Saint",Epistulae,,Corpus scriptorum ecclesiasticorum Latinorum.,https://babel.hathitrust.org/cgi/pt?id=hvd.32044014783484&seq=245
HN3STZ,urn:cts:latinLit:phi0690.phi002,deu,124,0.7216912753,80,212,3.185483871,9522,2188,0.2312748328,80,200,121,1,Virgil,Georgics,Virgil.,"Gedichte,",https://babel.hathitrust.org/cgi/pt?id=hvd.hn3stz&seq=80
32044085200749,urn:cts:latinLit:phi0893.phi004,fra,127,0.6111453178,20,509,3.417322835,10946,2016,0.1833958827,257,381,121,0.968,Horace,Satires,Horace.,Quinti Horati Flacci Opera.,https://babel.hathitrust.org/cgi/pt?id=hvd.32044085200749&seq=257
HN265I,urn:cts:greekLit:tlg0011.tlg006,ell,123,0.6496760621,300,721,2.341463415,9209,1438,0.1603853468,311,430,120,1,Sophocles,Philoctetes,Sophocles.,Sophclis Tragoediae superstites et perditarum fragmenta,https://babel.hathitrust.org/cgi/pt?id=hvd.hn265i&seq=311
HW1VOD,urn:cts:greekLit:tlg0003.tlg001,deu,124,0.6235950215,30,162,2.483870968,10366,1336,0.1316273583,43,162,120,1,Thucydides,History of the Peloponnesian War,Thucydides.,"Thukydides' zweites Buch, Kap. 1-65. Erklärende Ausgabe nebst Einleitung in die Thukydideslektüre für den Schul- und Privatgebrauch",https://babel.hathitrust.org/cgi/pt?id=hvd.hw1vod&seq=43
HXJUQG,urn:cts:greekLit:tlg0011.tlg006,ell,123,0.6615598076,300,721,2.341463415,9151,1442,0.1617996885,311,430,120,1,Sophocles,Philoctetes,Sophocles.,Sophclis Tragoediae superstites et perditarum fragmenta,https://babel.hathitrust.org/cgi/pt?id=hvd.hxjuqg&seq=311
32044085226413,urn:cts:latinLit:phi1002.phi001,lat,122,0.648098624,33,159,2.762295082,6374,1634,0.2676081458,33,152,120,1,Quintilian,Institutio Oratoria,Quintilian.,"M. Fabi Quinctiliani Institutionum oratoriarum liber X, denuo recognitus et annotatione critica et grammatica instructus a M. Christ. Gottl. Herzog.",https://babel.hathitrust.org/cgi/pt?id=hvd.32044085226413&seq=33
HN2XNM,urn:cts:greekLit:tlg0011.tlg005,ell,120,0.6319599114,9,128,2.441666667,5179,1489,0.2935341002,9,128,120,1,Sophocles,Electra,Sophocles.,"Tragoediae septem, cum annotatione Brunckii et Schaeferi. Accedunt deperditarum tragoediarum fragmenta.",https://babel.hathitrust.org/cgi/pt?id=hvd.hn2xnm&seq=9
32044095339958,urn:cts:greekLit:tlg0032.tlg001,ell,124,0.6619970093,19,178,3.830645161,8985,2079,0.2420543609,52,170,119,1,Xenophon,Hellenica,Xenophon.,Opera omnia ...,https://babel.hathitrust.org/cgi/pt?id=hvd.32044095339958&seq=52
HN265I,urn:cts:greekLit:tlg0011.tlg001,ell,119,0.6460432831,169,288,2.033613445,9411,1236,0.1357059693,169,288,119,0.9916666667,Sophocles,Trachiniae,Sophocles.,Sophclis Tragoediae superstites et perditarum fragmenta,https://babel.hathitrust.org/cgi/pt?id=hvd.hn265i&seq=169
HXJUQG,urn:cts:greekLit:tlg0011.tlg001,ell,119,0.6517111994,169,288,2.050420168,9321,1231,0.1364431622,169,288,119,0.9916666667,Sophocles,Trachiniae,Sophocles.,Sophclis Tragoediae superstites et perditarum fragmenta,https://babel.hathitrust.org/cgi/pt?id=hvd.hxjuqg&seq=169
32044097077960,urn:cts:latinLit:phi0474.phi013,eng,119,0.7113324888,93,305,2.12605042,6583,1690,0.2622343013,93,305,119,0.558685446,"Cicero, Marcus Tullius",In Catilinam,"Cicero, Marcus Tullius.",M. Tulli Ciceronis Orationes et epistolae selectae. Selected orations and letters of Cicero;,https://babel.hathitrust.org/cgi/pt?id=hvd.32044097077960&seq=93
HX5Q47,urn:cts:greekLit:tlg0011.tlg004,eng,123,0.651810525,75,304,2.788617886,11112,1482,0.1352686446,185,304,119,0.9916666667,Sophocles,Oedipus Tyrannus,Sophocles.,Sophocles;,https://babel.hathitrust.org/cgi/pt?id=hvd.hx5q47&seq=185
HW2LQ3,urn:cts:latinLit:phi0690.phi002,deu,121,0.6952517712,89,223,5.520661157,10205,2192,0.2170465829,89,207,118,0.9915966387,Virgil,Georgics,Virgil.,Gedichte.,https://babel.hathitrust.org/cgi/pt?id=hvd.hw2lq3&seq=89
HW2JWV,urn:cts:greekLit:tlg0005.tlg001,deu,118,0.6375908071,62,260,3.220338983,9732,1532,0.164182426,62,260,118,0.5929648241,Theocritus,Εἰδύλλια,Theocritus.,Theokrits Idyllen : für den Schul- und Privatgebrauch,https://babel.hathitrust.org/cgi/pt?id=hvd.hw2jwv&seq=62
HXJVLI,urn:cts:latinLit:phi0474.phi040,deu,140,0.6270511305,12,515,4.685714286,12473,2215,0.1768034285,38,159,118,0.9672131148,"Cicero, Marcus Tullius",Orator,"Cicero, Marcus Tullius.",Ciceros Orator ad M. Brutum : für den Schulgebrauch,https://babel.hathitrust.org/cgi/pt?id=hvd.hxjvli&seq=38
32044018878835,urn:cts:greekLit:tlg0011.tlg004,eng,118,0.633579448,137,256,3.13559322,8697,1528,0.1817009597,137,256,118,0.9833333333,Sophocles,Oedipus Tyrannus,Sophocles.,"Plays, with original explanatory English notes.",https://babel.hathitrust.org/cgi/pt?id=hvd.32044018878835&seq=137
HX5Q49,urn:cts:greekLit:tlg0011.tlg004,eng,123,0.6368084868,32,308,2.837398374,11133,1469,0.132894009,189,308,118,0.9833333333,Sophocles,Oedipus Tyrannus,Sophocles.,Sophocles;,https://babel.hathitrust.org/cgi/pt?id=hvd.hx5q49&seq=189
HXQ4FF,urn:cts:latinLit:stoa0238.stoa004,lat,121,0.7026479209,33,183,2.595041322,6994,1903,0.280114688,66,183,118,1,Prudentius,Cathemerina,Prudentius,"Opera omnia, ex editione Parmensi, cum notis et interpretatione in usum Delphini variis lectionibus, notis variorum recensu editionum et codicum et indice locupletissimo accurate recensita.",https://babel.hathitrust.org/cgi/pt?id=hvd.hxq4ff&seq=66
HW2M7W,urn:cts:latinLit:stoa0089.stoa008,lat,118,0.6504842203,476,593,2.56779661,7012,1193,0.1719727701,476,593,118,1,Claudian,In Eutropium,"Claudianus, Claudius",Opera omnia,https://babel.hathitrust.org/cgi/pt?id=hvd.hw2m7w&seq=476
32044085192300,urn:cts:latinLit:phi0474.phi040,deu,135,0.643594376,12,211,4.281481481,11871,2179,0.1832129374,38,159,118,0.9672131148,"Cicero, Marcus Tullius",Orator,"Cicero, Marcus Tullius.",Orator ad M. Brutum.,https://babel.hathitrust.org/cgi/pt?id=hvd.32044085192300&seq=38
HNJXEL,urn:cts:latinLit:phi0914.phi001,deu,117,0.7071229574,15,131,2.709401709,11586,2114,0.1852172952,15,131,117,1,Titus Livius (Livy),Ab urbe condita,Livy.,Ab urbe condita.,https://babel.hathitrust.org/cgi/pt?id=hvd.hnjxel&seq=15
32044085243046,urn:cts:latinLit:phi0690.phi002,deu,117,0.7453775958,75,191,2.179487179,8846,2182,0.2492101567,75,191,117,1,Virgil,Georgics,Virgil.,Gedichte.,https://babel.hathitrust.org/cgi/pt?id=hvd.32044085243046&seq=75
HN2221,urn:cts:latinLit:phi0690.phi002,deu,117,0.7450881499,73,189,2.239316239,8742,2184,0.252657426,73,189,117,1,Virgil,Georgics,Virgil.,Gedichte.,https://babel.hathitrust.org/cgi/pt?id=hvd.hn2221&seq=73
32044085170744,urn:cts:greekLit:tlg0005.tlg001,ell,118,0.6682621655,13,236,3.101694915,8727,1862,0.2142207081,36,236,117,0.5820895522,Theocritus,Εἰδύλλια,Theocritus.,Theocriti carmina;,https://babel.hathitrust.org/cgi/pt?id=hvd.32044085170744&seq=36
32044085114445,urn:cts:greekLit:tlg0006.tlg005,lat,116,0.647527497,15,130,2.396551724,10323,1475,0.1465267562,15,130,116,1,Euripides,Hippolytus,Euripides.,Euripidis Hippolytus Coronifer,https://babel.hathitrust.org/cgi/pt?id=hvd.32044085114445&seq=15
HXJU7G,urn:cts:greekLit:tlg0019.tlg011,ell,124,0.6187219094,19,186,3.064516129,9963,1473,0.1603803909,19,134,116,1,Aristophanes,Wealth,Aristophanes.,"The Plutus of Aristophanes. From the text of Dindorf. With critical and explanatory remarks, partly original, partly selected from the scolia and various commentators.",https://babel.hathitrust.org/cgi/pt?id=hvd.hxju7g&seq=19
HN265J,urn:cts:greekLit:tlg0011.tlg004,lat,119,0.6519008197,29,162,2.352941176,8678,1481,0.1787700733,47,162,116,1,Sophocles,Oedipus Tyrannus,Sophocles.,Sophclis Tragoediae superstites et perditarum fragmenta,https://babel.hathitrust.org/cgi/pt?id=hvd.hn265j&seq=47
32044085135341,urn:cts:greekLit:tlg0010.tlg011,lat,125,0.6181263211,32,203,3.952,11023,1402,0.1336500095,70,185,116,1,Isocrates,Panegyricus,Isocrates,Isocratis Panegyricus.,https://babel.hathitrust.org/cgi/pt?id=hvd.32044085135341&seq=70
32044085113736,urn:cts:greekLit:tlg0006.tlg005,lat,116,0.6418235782,25,140,2.474137931,10308,1472,0.1464963103,25,140,116,1,Euripides,Hippolytus,Euripides.,"Fabulæ quatuor, scilicet Hippolytus Coronifer, Alcestis, Iphigenia in Aulide, Iphigenia in Tauis.",https://babel.hathitrust.org/cgi/pt?id=hvd.32044085113736&seq=25
HXJUSI,urn:cts:greekLit:tlg0011.tlg004,ell,119,0.6587078052,27,160,2.394957983,8549,1478,0.1813681038,45,160,116,1,Sophocles,Oedipus Tyrannus,Sophocles.,Sophclis Tragoediae superstites et perditarum fragmenta,https://babel.hathitrust.org/cgi/pt?id=hvd.hxjusi&seq=45
HW2BMH,urn:cts:greekLit:tlg0059.tlg022,ell,118,0.6069651141,27,154,4.084745763,8759,2070,0.2445791453,35,150,115,0.9913793103,Plato,Protagoras,Plato.,"Platons ausgewählte Dialoge,",https://babel.hathitrust.org/cgi/pt?id=hvd.hw2bmh&seq=35
32044005540935,urn:cts:latinLit:phi0893.phi005,eng,115,0.6285854339,187,301,3.060869565,9013,1508,0.1709938574,187,301,115,1,Horace,Epistulae,Horace.,The Satires and epistles of Horace.,https://babel.hathitrust.org/cgi/pt?id=hvd.32044005540935&seq=187
32044018833079,urn:cts:greekLit:tlg2021.tlg002,ell,126,0.6391522844,137,378,3.246031746,7067,1736,0.2516337277,153,269,115,0.9829059829,Epiphanius,Panarion (Adversus Haereses),Methodius,Methodius von Olympus,https://babel.hathitrust.org/cgi/pt?id=hvd.32044018833079&seq=153
HN64GI,urn:cts:latinLit:phi0893.phi004,lat,114,0.7055144914,195,308,2.429824561,8451,1948,0.2388510487,195,308,114,1,Horace,Satires,Horace.,"Carmina,",https://babel.hathitrust.org/cgi/pt?id=hvd.hn64gi&seq=195
HN64FR,urn:cts:latinLit:phi0893.phi005,lat,116,0.63019106,438,589,6.75,9530,1569,0.1696978086,438,551,114,1,Horace,Epistulae,Horace.,"Carmina expurgata. Ab mendis denuo mundata & notis illustrata, auctore Josepho Juvencio.",https://babel.hathitrust.org/cgi/pt?id=hvd.hn64fr&seq=438
HN65KD,urn:cts:latinLit:phi0893.phi004,lat,114,0.6633961504,213,327,3.192982456,9523,1912,0.2094041309,213,327,114,0.9913043478,Horace,Satires,Horace.,"Carmina expurgata,",https://babel.hathitrust.org/cgi/pt?id=hvd.hn65kd&seq=213
HW42LD,urn:cts:greekLit:tlg0019.tlg001,eng,114,0.6412166417,43,158,2.833333333,8805,1320,0.1549141427,43,158,114,0.9827586207,Aristophanes,Acharnians,Aristophanes.,The Acharnians of Aristophanes.,https://babel.hathitrust.org/cgi/pt?id=hvd.hw42ld&seq=43
32044058247651,urn:cts:latinLit:phi0690.phi002,deu,113,0.7214961251,65,178,2.752212389,9326,2391,0.2610299635,65,178,113,0.9912280702,Virgil,Georgics,Virgil.,"Bucolica und Georgica,",https://babel.hathitrust.org/cgi/pt?id=hvd.32044058247651&seq=65
HXJFDT,urn:cts:greekLit:tlg0032.tlg003,lat,115,0.6638884878,27,336,4.217391304,7612,2150,0.2974924838,27,139,113,1,Xenophon,Economics,Xenophon.,"Œconomiens, Convivium, Hiero, Agesilans.",https://babel.hathitrust.org/cgi/pt?id=hvd.hxjfdt&seq=27
HNXAWR,urn:cts:greekLit:tlg0059.tlg022,deu,113,0.6963434833,579,691,2.513274336,8856,1888,0.2192698379,579,691,113,1,Plato,Protagoras,Plato.,Ausgewählte schriften.,https://babel.hathitrust.org/cgi/pt?id=hvd.hnxawr&seq=579
HXQ2XI,urn:cts:greekLit:tlg0007.tlg084a,ell,113,0.6377657586,91,205,2.637168142,5964,1682,0.282514732,91,205,113,0.9826086957,Plutarch,Quaestiones Romanae,Plutarch.,"Ploutarchou tou Chairōneōs Ta ēthika = Plutarchi Chaeronensis Moralia, id est Opera, exceptis vitis, reliqua",https://babel.hathitrust.org/cgi/pt?id=hvd.hxq2xi&seq=91
HX5Q48,urn:cts:greekLit:tlg0011.tlg006,eng,116,0.6419017597,136,550,3.310344828,10143,1451,0.1458010012,397,510,113,0.9912280702,Sophocles,Philoctetes,Sophocles.,Sophocles;,https://babel.hathitrust.org/cgi/pt?id=hvd.hx5q48&seq=397
HN1I4F,urn:cts:latinLit:phi0620.phi001,deu,113,0.6985290632,95,208,2.442477876,9167,1956,0.2148271673,95,208,113,0.9912280702,"Propertius, Sextus",Elegiae,"Schulze, Karl Paul","Römische elegiker. Eine Auswahl aus Catull, Tibull, Properz.",https://babel.hathitrust.org/cgi/pt?id=hvd.hn1i4f&seq=95
HXJWPF,urn:cts:greekLit:tlg0059.tlg022,deu,113,0.6881713834,33,145,2.654867257,8908,1892,0.2181119436,33,145,113,1,Plato,Protagoras,Plato.,Platons ausgewählte schriften : für den schulgebrauch,https://babel.hathitrust.org/cgi/pt?id=hvd.hxjwpf&seq=33
32044085113777,urn:cts:greekLit:tlg0006.tlg018,fra,113,0.6022838821,409,521,2.548672566,7234,1640,0.2300552417,409,521,113,1,Euripides,Iphigenia in Aulis,Euripides.,"Sept tragédies d'Euripide; texte grec, recension nouvelle avec un commentaire critique et explicatif,",https://babel.hathitrust.org/cgi/pt?id=hvd.32044085113777&seq=409
HW2BKM,urn:cts:greekLit:tlg0085.tlg005,ell,112,0.7026648267,25,136,2.133928571,6367,1625,0.2684855873,25,136,112,1,Aeschylus,Agamemnon,Aeschylus.,"Aischylou Oresteia = Aeschyli Orestea: Agamemnon, Choephori, Eumenides",https://babel.hathitrust.org/cgi/pt?id=hvd.hw2bkm&seq=25
HW2M7A,urn:cts:latinLit:stoa0045.stoa011,lat,128,0.6065576184,206,462,3.2890625,8336,1594,0.2132472842,206,321,112,0.9655172414,"Ausonius, Decimus Magnus",Epistulae,"Ausonius, Decimus Magnus.","D. Magni Ausonii Burdigalensis Opera omnia : ex editione Bipontina, cum notis et interpretatione in usum Delphini, variis lectionibus, notis variorum recensu editionum et codicum et indice locupletissimo accurate recensita.",https://babel.hathitrust.org/cgi/pt?id=hvd.hw2m7a&seq=206
32044085114551,urn:cts:greekLit:tlg0006.tlg018,fra,112,0.6021382671,31,143,2.589285714,7204,1626,0.2316100926,31,143,112,0.9911504425,Euripides,Iphigenia in Aulis,Euripides.,Iphigénie à Aulis.,https://babel.hathitrust.org/cgi/pt?id=hvd.32044085114551&seq=31
HXJUXK,urn:cts:latinLit:stoa0045.stoa011,lat,127,0.6033011541,200,430,3.118110236,8210,1600,0.2162947456,200,315,112,0.9655172414,"Ausonius, Decimus Magnus",Epistulae,"Ausonius, Decimus Magnus.","D. Magni Ausonii Burdigalensis Opera omnia : ex editione Bipontina, cum notis et interpretatione in usum Delphini, variis lectionibus, notis variorum recensu editionum et codicum et indice locupletissimo accurate recensita.",https://babel.hathitrust.org/cgi/pt?id=hvd.hxjuxk&seq=200
HNJXDH,urn:cts:latinLit:phi0474.phi035,deu,112,0.7101090688,18,129,2.375,6458,1754,0.2719950958,18,129,112,1,"Cicero, Marcus Tullius",Philippicae,"Cicero, Marcus Tullius",Erste und zweite philippische Rede : für den Schulgebrauch,https://babel.hathitrust.org/cgi/pt?id=hvd.hnjxdh&seq=18
32044081858003,urn:cts:greekLit:tlg0031.tlg003,ell,112,0.6059884559,225,341,4.357142857,14435,2414,0.1681813695,225,341,112,0.9572649573,New Testament,Gospel according to Luke,,Codex Graecus quatuor evangeliorum ex bibliotheca Universitatis Pestinensis cum interpretatione Hungarica editus a Samuele Markfi.,https://babel.hathitrust.org/cgi/pt?id=hvd.32044081858003&seq=225
HXJHA8,urn:cts:greekLit:tlg0085.tlg005,deu,112,0.6872772926,198,309,2.508928571,9747,1631,0.1692879229,198,309,112,1,Aeschylus,Agamemnon,Aeschylus.,Orestie.,https://babel.hathitrust.org/cgi/pt?id=hvd.hxjha8&seq=198
32044085080448,urn:cts:greekLit:tlg0085.tlg005,lat,115,0.704672634,143,262,2.060869565,6622,1662,0.2644118089,151,262,112,1,Aeschylus,Agamemnon,Aeschylus.,Quæ supersunt omnia:,https://babel.hathitrust.org/cgi/pt?id=hvd.32044085080448&seq=151
HXJVMW,urn:cts:greekLit:tlg0006.tlg018,fra,112,0.6008670305,393,505,2.607142857,7319,1616,0.2239019025,393,505,112,0.9911504425,Euripides,Iphigenia in Aulis,Euripides.,"Sept tragédies d'Euripide; texte grec, recension nouvelle avec un commentaire critique et explicatif,",https://babel.hathitrust.org/cgi/pt?id=hvd.hxjvmw&seq=393
HW42J8,urn:cts:greekLit:tlg0085.tlg005,deu,112,0.6809938709,38,149,2.625,9793,1637,0.1690963052,38,149,112,1,Aeschylus,Agamemnon,Aeschylus.,Äschylos Orestie,https://babel.hathitrust.org/cgi/pt?id=hvd.hw42j8&seq=38
HXQ2P7,urn:cts:greekLit:tlg0059.tlg011,ell,112,0.6108660683,13,124,4.196428571,8471,1990,0.2496129169,13,124,112,1,Plato,Symposium,Plato.,Platonis et quae vel Platonis esse feruntur vel Platonica solent comitari seripta graece omnia ad codices manuscriptos recensuit variasque inde lectiones,https://babel.hathitrust.org/cgi/pt?id=hvd.hxq2p7&seq=13
HNJTT7,urn:cts:latinLit:phi0893.phi004,fra,114,0.6409845413,227,407,3.587719298,8691,2028,0.2346381062,297,407,111,1,Horace,Satires,Horace.,Q. Horatius Flaccus.,https://babel.hathitrust.org/cgi/pt?id=hvd.hnjtt7&seq=297
32044020590717,urn:cts:latinLit:phi0474.phi013,lat,111,0.6315139269,285,395,3.117117117,6420,1590,0.2543544376,285,395,111,1,"Cicero, Marcus Tullius",In Catilinam,"Cicero, Marcus Tullius.",M. Tullii Ciceronis orationes,https://babel.hathitrust.org/cgi/pt?id=hvd.32044020590717&seq=285
HN3SMS,urn:cts:latinLit:phi1351.phi002,deu,111,0.6089932986,27,139,2.162162162,11832,745,0.06327530582,27,139,111,0.982300885,"Tacitus, Cornelius",Germania,"Tacitus, Cornelius.",Tacitus' Germania : für den Schulgebrauch,https://babel.hathitrust.org/cgi/pt?id=hvd.hn3sms&seq=27
HW2M7N,urn:cts:latinLit:phi0474.phi013,lat,111,0.6436936515,49,159,2.927927928,6531,1604,0.2521245712,49,159,111,1,"Cicero, Marcus Tullius",In Catilinam,"Ernesti, Johann August","Clavis Ciceroniana, sive, Indices rerum et verborum philologico-critici in opera Ciceronis : accedunt Graeca Ciceronis necessariis observationibus illustrata",https://babel.hathitrust.org/cgi/pt?id=hvd.hw2m7n&seq=49
32044050766955,urn:cts:latinLit:phi0975.phi001,ita,110,0.6126663082,7,120,3.263636364,5965,1650,0.2741853917,7,120,110,0.9649122807,Phaedrus,Fabulae,Phaedrus,Le favole di Fedro.,https://babel.hathitrust.org/cgi/pt?id=hvd.32044050766955&seq=7
HH1SBH,urn:cts:latinLit:phi0893.phi001,eng,117,0.6035114824,10,302,4,5017,1507,0.2996909734,10,214,110,0.5365853659,Horace,Odes,Horace.,"A poetical translation of the works of Horace; with the original text, and critical notes.",https://babel.hathitrust.org/cgi/pt?id=hvd.hh1sbh&seq=10
HXQ2XJ,urn:cts:greekLit:tlg0007.tlg092,ell,110,0.7041927464,247,357,2.318181818,5809,1641,0.2826582599,247,357,110,0.990990991,Plutarch,De Defectu Oraculorum,Plutarch.,"Ploutarchou tou Chairōneōs Ta ēthika = Plutarchi Chaeronensis Moralia, id est Opera, exceptis vitis, reliqua",https://babel.hathitrust.org/cgi/pt?id=hvd.hxq2xj&seq=247
32044085113769,urn:cts:greekLit:tlg0006.tlg018,fra,110,0.6126444069,378,489,2.518181818,7065,1590,0.2287852475,378,489,110,0.9821428571,Euripides,Iphigenia in Aulis,Euripides.,Sept tragédies. Texte grec recension nouvelle avec un commentaire critique et explicatif une introduction et des notices par Henri Weil.,https://babel.hathitrust.org/cgi/pt?id=hvd.32044085113769&seq=378
HW2J9U,urn:cts:greekLit:tlg0019.tlg002,ell,110,0.6587928929,21,130,2.481818182,6373,1544,0.2434815066,21,130,110,1,Aristophanes,Knights,Aristophanes.,Equites.,https://babel.hathitrust.org/cgi/pt?id=hvd.hw2j9u&seq=21
HW2JFY,urn:cts:greekLit:tlg0059.tlg013,lat,110,0.6596281019,209,318,2.536363636,7660,1930,0.2662402884,209,318,110,1,Plato,Alcibiades 1,Plato.,Platonis Opera omnia...,https://babel.hathitrust.org/cgi/pt?id=hvd.hw2jfy&seq=209
HW2K1M,urn:cts:greekLit:tlg0032.tlg006,ell,110,0.6666504378,13,122,3.263636364,7208,1872,0.2615519271,13,122,110,1,Xenophon,Anabasis,Xenophon.,Izbor iz spisa Ksenofontovih z srednje škole.,https://babel.hathitrust.org/cgi/pt?id=hvd.hw2k1m&seq=13
HXJA96,urn:cts:greekLit:tlg0011.tlg007,ell,109,0.6539703077,139,247,3.348623853,7224,1826,0.2618398777,139,247,109,1,Sophocles,Oedipus at Colonus,Sophocles.,Sophocles quae exstant omnia cum veterum grammaticorum scholiis : superstites tragoedias VII ad optimorum exemplarium fidem,https://babel.hathitrust.org/cgi/pt?id=hvd.hxja96&seq=139
HN6H39,urn:cts:latinLit:phi0474.phi013,fra,109,0.6453451589,18,147,2.825688073,6390,1658,0.2690344296,18,147,109,0.8384615385,"Cicero, Marcus Tullius",In Catilinam,"Cicero, Marcus Tullius.","In L. Catilinam orationes quatuor. Texte Latin, Publié avec des notices,",https://babel.hathitrust.org/cgi/pt?id=hvd.hn6h39&seq=18
HN3RB9,urn:cts:greekLit:tlg0006.tlg013,eng,110,0.6292777915,45,269,3.2,6522,1478,0.2312116347,45,262,109,0.5,Euripides,Iphigenia in Tauris,Euripides.,"Iphigenia in Tauris,",https://babel.hathitrust.org/cgi/pt?id=hvd.hn3rb9&seq=45
32044085219533,urn:cts:latinLit:phi0119.phi005,ita,110,0.6007549166,41,167,2.654545455,5824,1187,0.2038243184,59,167,109,1,"Plautus, Titus Maccius",Captivi,"Plautus, Titus Maccius.",(I) captivi;,https://babel.hathitrust.org/cgi/pt?id=hvd.32044085219533&seq=59
HXJUNP,urn:cts:latinLit:phi1348.abo011,lat,112,0.6476738517,46,828,2.875,7261,1654,0.2427180505,46,154,109,1,Suetonius,Divus Julius,Suetonius,C. Suetoni Tranquilli Opera;,https://babel.hathitrust.org/cgi/pt?id=hvd.hxjunp&seq=46
HNKYAF,urn:cts:latinLit:phi0119.phi012,lat,110,0.663025309,338,451,2.463636364,6703,1889,0.2932997306,343,451,109,1,"Plautus, Titus Maccius",Miles Gloriosus,"Plautus, Titus Maccius.",M. Accii Plauti Comoediæ : cum selectis variorum notis et novis commentariis,https://babel.hathitrust.org/cgi/pt?id=hvd.hnkyaf&seq=343
HXJUWV,urn:cts:latinLit:phi0119.phi012,lat,109,0.6697400119,343,451,2.403669725,6684,1894,0.294926433,343,451,109,1,"Plautus, Titus Maccius",Miles Gloriosus,"Plautus, Titus Maccius.",M. Accii Plauti Comoediæ : cum selectis variorum notis et novis commentariis,https://babel.hathitrust.org/cgi/pt?id=hvd.hxjuwv&seq=343
HX5PWT,urn:cts:greekLit:tlg0085.tlg004,eng,109,0.6394154504,41,150,2.100917431,8911,1023,0.1182085377,41,150,109,0.9909090909,Aeschylus,Seven Against Thebes,Aeschylus.,Aischylou Hepta epi Thēbas,https://babel.hathitrust.org/cgi/pt?id=hvd.hx5pwt&seq=41
HW3Q1I,urn:cts:latinLit:phi0893.phi001,eng,116,0.6358520442,10,302,3.5,5059,1500,0.2962563407,10,214,109,0.5317073171,Horace,Odes,Horace,"A poetical translation of the works of Horace : with the original text, and critical notes collected from his best Latin and French commentators",https://babel.hathitrust.org/cgi/pt?id=hvd.hw3q1i&seq=10
HX5Q48,urn:cts:greekLit:tlg0011.tlg001,eng,111,0.6459223819,268,383,2.702702703,9962,1269,0.1297840848,275,383,109,1,Sophocles,Trachiniae,Sophocles.,Sophocles;,https://babel.hathitrust.org/cgi/pt?id=hvd.hx5q48&seq=275
HXJVP6,urn:cts:greekLit:tlg0006.tlg003,deu,112,0.6379458353,422,776,3.357142857,9488,1382,0.1474556763,440,548,109,1,Euripides,Medea,Euripides.,Ausgewählte tragödien des Euripides,https://babel.hathitrust.org/cgi/pt?id=hvd.hxjvp6&seq=440
HNJWVY,urn:cts:latinLit:phi0893.phi005,lat,110,0.6987147047,37,618,2.109090909,9732,1499,0.1586128517,510,618,109,1,Horace,Epistulae,Horace.,Q. Horatii Flacci Opera omnia.,https://babel.hathitrust.org/cgi/pt?id=hvd.hnjwvy&seq=510
HNJVSJ,urn:cts:latinLit:stoa0089.stoa009,lat,108,0.6419678017,105,212,2.157407407,6699,955,0.143658094,105,212,108,1,Claudian,In Rufinum,"Claudianus, Claudius",Opera omnia,https://babel.hathitrust.org/cgi/pt?id=hvd.hnjvsj&seq=105
HNXAWP,urn:cts:greekLit:tlg0059.tlg022,ell,108,0.6987776073,34,144,2.888888889,8637,1889,0.2279621984,34,144,108,0.972972973,Plato,Protagoras,Plato,Ausgewählte schriften.,https://babel.hathitrust.org/cgi/pt?id=hvd.hnxawp&seq=34
HW2IZ8,urn:cts:greekLit:tlg0085.tlg004,eng,108,0.6349242604,20,128,2.092592593,8843,1022,0.1190625577,20,128,108,0.9908256881,Aeschylus,Seven Against Thebes,Aeschylus.,Aischylou Hepta epi Thēbas,https://babel.hathitrust.org/cgi/pt?id=hvd.hw2iz8&seq=20
AH5IE5,urn:cts:greekLit:tlg0031.tlg005,ell,108,0.6028828742,379,486,3.935185185,6417,1573,0.2451794477,379,486,108,1,New Testament,Acts,,Novum Testamentum graece.,https://babel.hathitrust.org/cgi/pt?id=hvd.ah5ie5&seq=379
HW2M7W,urn:cts:latinLit:stoa0089.stoa009,lat,108,0.6410308038,107,214,2.166666667,6757,957,0.1421888486,107,214,108,1,Claudian,In Rufinum,"Claudianus, Claudius",Opera omnia,https://babel.hathitrust.org/cgi/pt?id=hvd.hw2m7w&seq=107
HN1ZA5,urn:cts:latinLit:phi0474.phi022,lat,107,0.7339921018,29,135,2.252336449,8372,1942,0.2381943522,29,135,107,1,"Cicero, Marcus Tullius",Pro P. Sestio,"Cicero, Marcus Tullius.",Ausgewæhlte reden.,https://babel.hathitrust.org/cgi/pt?id=hvd.hn1za5&seq=29
32044018878835,urn:cts:greekLit:tlg0011.tlg006,eng,113,0.6029220982,275,398,3.743362832,8749,1569,0.1880613412,275,382,107,0.9907407407,Sophocles,Philoctetes,Sophocles.,"Plays, with original explanatory English notes.",https://babel.hathitrust.org/cgi/pt?id=hvd.32044018878835&seq=275
HN274Q,urn:cts:latinLit:phi0620.phi001,deu,108,0.6608595911,121,305,2.972222222,9517,1520,0.1603899903,121,227,107,1,"Propertius, Sextus",Elegiae,"Schulze, K. P.","Römische elegiker : eine auswahl Catull, Tibull, Properz und Ovid, für den schulgebrauch",https://babel.hathitrust.org/cgi/pt?id=hvd.hn274q&seq=121
AH6DNR,urn:cts:greekLit:tlg0031.tlg002,deu,106,0.6723168098,188,293,2.179245283,5180,1221,0.2398259134,188,293,106,1,New Testament,Gospel of Mark,"Weiss, Bernhard",Die vier Evangelien im berichtigten Text : mit kurzer Erlaüterung zum Handgebrauch bei der Schriftlektüre,https://babel.hathitrust.org/cgi/pt?id=hvd.ah6dnr&seq=188
HXQ2XN,urn:cts:greekLit:tlg0007.tlg126,ell,107,0.6566444543,9,326,2.61682243,5655,1448,0.2570306433,221,326,106,1,Plutarch,De Facie Quae in orbe Lunae Apparet,Plutarch.,"Ploutarchou tou Chairōneōs Ta ēthika = Plutarchi Chaeronensis Moralia, id est Opera, exceptis vitis, reliqua",https://babel.hathitrust.org/cgi/pt?id=hvd.hxq2xn&seq=221
HNJWZA,urn:cts:latinLit:phi0893.phi004,fra,106,0.6407804029,209,314,3.820754717,8515,1986,0.2373364329,209,314,106,1,Horace,Satires,Horace.,Opera.,https://babel.hathitrust.org/cgi/pt?id=hvd.hnjwza&seq=209
HX5Q47,urn:cts:greekLit:tlg0011.tlg002,eng,109,0.6602847268,120,612,2.623853211,9589,1289,0.1371460629,507,612,106,1,Sophocles,Antigone,Sophocles.,Sophocles;,https://babel.hathitrust.org/cgi/pt?id=hvd.hx5q47&seq=507
AH6DNS,urn:cts:greekLit:tlg0031.tlg002,deu,106,0.666933343,192,297,2.273584906,5041,1221,0.2460948749,192,297,106,1,New Testament,Gospel of Mark,"Weiss, Bernhard",Die vier Evangelien im berichtigten Text : mit kurzer Erlaüterung zum Handgebrauch bei der Schriftlektüre,https://babel.hathitrust.org/cgi/pt?id=hvd.ah6dns&seq=192
32044098638869,urn:cts:latinLit:stoa0089.stoa009,lat,106,0.6401548991,103,208,2.179245283,6554,939,0.1436248695,103,208,106,1,Claudian,In Rufinum,"Claudianus, Claudius",Opera omnia,https://babel.hathitrust.org/cgi/pt?id=hvd.32044098638869&seq=103
HXJVTC,urn:cts:greekLit:tlg0014.tlg023,ell,108,0.6291939902,529,708,4.472222222,8476,1903,0.2328846141,529,634,106,1,Demosthenes,Against Aristocrates,Demosthenes.,Ausgewählte reden des Demosthenes,https://babel.hathitrust.org/cgi/pt?id=hvd.hxjvtc&seq=529
32044013638630,urn:cts:latinLit:phi1254.phi001,lat,106,0.9814573845,28,455,0.2830188679,5382,108,0.0202899029,247,455,105,0.5023923445,"Gellius, Aulus",Noctes Atticae,Catholic Church.,Ordinaires de l'église cathédrale de Laon (XIIe et XIIIe siècles) : suivis de deux mystères liturgiques,https://babel.hathitrust.org/cgi/pt?id=hvd.32044013638630&seq=247
HX5PYP,urn:cts:greekLit:tlg0006.tlg015,eng,106,0.7024602948,36,269,2.301886792,8962,1755,0.2026492152,165,269,105,1,Euripides,The Phoenician Women,Euripides.,Euripides.,https://babel.hathitrust.org/cgi/pt?id=hvd.hx5pyp&seq=165
HX5Q49,urn:cts:greekLit:tlg0011.tlg002,eng,108,0.6502762189,120,616,2.638888889,9656,1301,0.1364006815,511,616,105,0.9905660377,Sophocles,Antigone,Sophocles.,Sophocles;,https://babel.hathitrust.org/cgi/pt?id=hvd.hx5q49&seq=511
32044085170751,urn:cts:greekLit:tlg0005.tlg001,ell,106,0.6465826792,37,224,3.386792453,8856,1584,0.1813230194,37,202,105,0.6325301205,Theocritus,Εἰδύλλια,Theocritus.,Theocriti carmina ex codicibus italis denua a se collatis.,https://babel.hathitrust.org/cgi/pt?id=hvd.32044085170751&seq=37
32044085114221,urn:cts:greekLit:tlg0006.tlg012,ell,105,0.6483725176,17,121,2.485714286,5792,1345,0.2423061291,17,121,105,1,Euripides,Electra,Euripides.,"Euripides Electra,",https://babel.hathitrust.org/cgi/pt?id=hvd.32044085114221&seq=17
HW3IXY,urn:cts:greekLit:tlg0006.tlg013,eng,105,0.6744405178,45,155,2.533333333,6191,1461,0.2404048104,45,150,104,0.9811320755,Euripides,Iphigenia in Tauris,Euripides.,"Iphigenia in Tauris,",https://babel.hathitrust.org/cgi/pt?id=hvd.hw3ixy&seq=45
HN4LRT,urn:cts:latinLit:phi1351.phi002,ita,107,0.6188907171,45,227,2.906542056,5010,708,0.1431687948,49,170,104,0.8524590164,"Tacitus, Cornelius",Germania,"Marina, Giuseppe.","Romania e Germania; ovvero, Il mondo germanico secondo le relazioni di Tacito, nei suoi veri caratteri, rapporti e influenza sul mondo romano; studio.",https://babel.hathitrust.org/cgi/pt?id=hvd.hn4lrt&seq=49
AH5EGE,urn:cts:greekLit:tlg0645.tlg001,lat,113,0.6084519499,30,874,5.938053097,7578,1741,0.2431447842,96,285,104,0.5473684211,Justin Martyr,Apologia I,Justin,Opera quae feruntur omnia,https://babel.hathitrust.org/cgi/pt?id=hvd.ah5ege&seq=96
HNXAWF,urn:cts:greekLit:tlg0059.tlg022,ell,104,0.6580392869,36,143,4.480769231,7572,1875,0.258449113,36,143,104,0.962962963,Plato,Protagoras,Plato.,Platons ausgewählte Schriften,https://babel.hathitrust.org/cgi/pt?id=hvd.hnxawf&seq=36
HN25U8,urn:cts:greekLit:tlg0014.tlg023,ell,104,0.6549298753,271,374,3.432692308,7837,1918,0.2542757077,271,374,104,1,Demosthenes,Against Aristocrates,Demosthenes,Ausgewählte reden des Demosthenes,https://babel.hathitrust.org/cgi/pt?id=hvd.hn25u8&seq=271
HW3IXX,urn:cts:greekLit:tlg0006.tlg013,eng,106,0.6535132164,45,160,3.103773585,6281,1457,0.2375770121,45,150,104,0.9811320755,Euripides,Iphigenia in Tauris,Euripides.,"Iphigenia in Tauris,",https://babel.hathitrust.org/cgi/pt?id=hvd.hw3ixx&seq=45
HW2IVW,urn:cts:greekLit:tlg0014.tlg023,ell,104,0.668051878,517,620,3.25,7706,1916,0.2591494964,517,620,104,1,Demosthenes,Against Aristocrates,Demosthenes.,Ausgewählte reden des Demosthenes,https://babel.hathitrust.org/cgi/pt?id=hvd.hw2ivw&seq=517
HXJWGG,urn:cts:greekLit:tlg0011.tlg006,lat,104,0.6364019568,19,123,2.509615385,9627,1467,0.1553156532,19,123,104,0.9904761905,Sophocles,Philoctetes,"Wunder, Eduard","Sophocles; Philoctetes,",https://babel.hathitrust.org/cgi/pt?id=hvd.hxjwgg&seq=19
32044102850534,urn:cts:greekLit:tlg0006.tlg013,eng,105,0.6712187424,45,155,2.628571429,6170,1453,0.2401059805,45,150,104,0.9811320755,Euripides,Iphigenia in Tauris,Euripides.,"Iphigenia in Tauris,",https://babel.hathitrust.org/cgi/pt?id=hvd.32044102850534&seq=45
HN215K,urn:cts:latinLit:phi0474.phi014,lat,119,0.6694940172,9,885,5.008403361,9589,1405,0.1663871787,9,116,104,0.962962963,"Cicero, Marcus Tullius",Pro L. Murena,"Cicero, Marcus Tullius.",M. Tulli Ciceronis Orationes,https://babel.hathitrust.org/cgi/pt?id=hvd.hn215k&seq=9
HN215K,urn:cts:latinLit:phi0474.phi020,lat,136,0.617509995,397,873,8.698529412,9794,2064,0.2569529821,397,500,104,1,"Cicero, Marcus Tullius",De domo sua ad pontifices,"Cicero, Marcus Tullius.",M. Tulli Ciceronis Orationes,https://babel.hathitrust.org/cgi/pt?id=hvd.hn215k&seq=397
HN2WCF,urn:cts:greekLit:tlg0011.tlg006,lat,104,0.6287334624,19,123,2.596153846,9635,1471,0.1555836837,19,123,104,0.9904761905,Sophocles,Philoctetes,Sophocles.,Tragoediae.,https://babel.hathitrust.org/cgi/pt?id=hvd.hn2wcf&seq=19
32044021076880,urn:cts:greekLit:tlg0006.tlg014,eng,105,0.6917814835,31,267,2.476190476,8782,1677,0.1953655047,163,267,103,0.980952381,Euripides,Helen,Euripides.,Euripides.,https://babel.hathitrust.org/cgi/pt?id=hvd.32044021076880&seq=163
32044085234706,urn:cts:latinLit:phi1351.phi002,ita,106,0.6099069153,47,229,3.009433962,5007,703,0.1427068978,51,172,103,0.8442622951,"Tacitus, Cornelius",Germania,"Marina, Giuseppe.",Romania e Germania; studio storico etnografico sul Mondo Germanico secondo le relazioni di Tacito e nei suoi veri caratteri rapporti ed azione sul Mundo Romano.,https://babel.hathitrust.org/cgi/pt?id=hvd.32044085234706&seq=51
32044018878835,urn:cts:greekLit:tlg0011.tlg007,eng,105,0.6576305661,15,122,2.838095238,7330,1835,0.2626920233,15,117,103,1,Sophocles,Oedipus at Colonus,Sophocles.,"Plays, with original explanatory English notes.",https://babel.hathitrust.org/cgi/pt?id=hvd.32044018878835&seq=15
HXIJRE,urn:cts:latinLit:phi0474.phi014,lat,103,0.6189502948,11,118,3.32038835,7651,1371,0.1915867211,11,118,103,0.9537037037,"Cicero, Marcus Tullius",Pro L. Murena,"Cicero, Marcus Tullius.",Ciceronis Orationes.,https://babel.hathitrust.org/cgi/pt?id=hvd.hxijre&seq=11
32044069550002,urn:cts:greekLit:tlg2022.tlg003,ell,103,0.7102936584,73,175,3.475728155,11523,2550,0.2220816677,73,175,103,1,Gregory of Nazianzus,Christus Patiens [Dub.] (Fort. Auctore Constantino Manasse),"Migne, J.-P.","Patrologiae cursus completus ; omnium SS patrum, doctorum scriptorumque ecclesiasticorum.",https://babel.hathitrust.org/cgi/pt?id=hvd.32044069550002&seq=73
HXJUNZ,urn:cts:latinLit:phi1348.abo013,lat,104,0.6592162041,39,535,2.903846154,4890,1408,0.2930782696,433,535,103,1,Suetonius,Tiberius,Suetonius,Opera;,https://babel.hathitrust.org/cgi/pt?id=hvd.hxjunz&seq=433
32044085227379,urn:cts:latinLit:phi0631.phi001,ita,107,0.6636042464,12,164,2.775700935,8986,1309,0.1490751644,39,141,103,1,Sallust,Catilinae Coniuratio,Sallust,La congiura di Catilina;,https://babel.hathitrust.org/cgi/pt?id=hvd.32044085227379&seq=39
HXQ2XM,urn:cts:greekLit:tlg0007.tlg118,ell,103,0.6652953803,213,315,2.844660194,5525,1585,0.2875078176,213,315,103,1,Plutarch,Praecepta gerendae reipublicae,Plutarch.,"Ploutarchou tou Chairōneōs Ta ēthika = Plutarchi Chaeronensis Moralia, id est Opera, exceptis vitis, reliqua",https://babel.hathitrust.org/cgi/pt?id=hvd.hxq2xm&seq=213
32044023338718,urn:cts:greekLit:tlg0527.tlg008,ell,104,0.6140013313,27,240,2.884615385,10879,1109,0.102007101,138,240,103,1,Old Testament,Judges,,"The Old Testament in Greek, according to the text of Codex Vaticanus, supplemented from other uncial manuscripts, with a critical apparatus containing the variants of the chief ancient authorities for the text of the Septuagint.",https://babel.hathitrust.org/cgi/pt?id=hvd.32044023338718&seq=138
HXJVRI,urn:cts:greekLit:tlg0006.tlg009,lat,102,0.6677528447,367,468,2.225490196,8647,1394,0.1689825072,367,468,102,1,Euripides,Heracles,Euripides.,Euripidis Tragoediae,https://babel.hathitrust.org/cgi/pt?id=hvd.hxjvri&seq=367
32044098645336,urn:cts:latinLit:stoa0238.stoa005,lat,102,0.6889306291,500,604,2.333333333,6493,1364,0.2225964257,500,604,102,0.9714285714,Prudentius,Apotheosis,Prudentius,"Opera omnia, ex editione Parmensi, cum notis et interpretatione in usum Delphini variis lectionibus, notis variorum recensu editionum et codicum et indice locupletissimo accurate recensita.",https://babel.hathitrust.org/cgi/pt?id=hvd.32044098645336&seq=500
HW2MFE,urn:cts:latinLit:stoa0238.stoa004,lat,105,0.7058773876,35,169,2.628571429,6060,1673,0.2837349999,68,169,102,1,Prudentius,Cathemerina,Prudentius,"Opera omnia, ex editione Parmensi, cum notis et interpretatione in usum Delphini variis lectionibus, notis variorum recensu editionum et codicum et indice locupletissimo accurate recensita.",https://babel.hathitrust.org/cgi/pt?id=hvd.hw2mfe&seq=68
32044083853465,urn:cts:latinLit:phi0631.phi001,eng,103,0.7130920413,53,316,2.611650485,8954,1514,0.1770745621,53,154,102,1,Sallust,Catilinae Coniuratio,Sallust,C. Sallusti Crispi Catilina et Jugurtha,https://babel.hathitrust.org/cgi/pt?id=hvd.32044083853465&seq=53
HXJTWR,urn:cts:greekLit:tlg0019.tlg002,ell,102,0.6900594783,34,135,2.225490196,5145,1427,0.2786947136,34,135,102,1,Aristophanes,Knights,Aristophanes.,Aristophanis Eqvites recensvit Adolphvs von Velsen.,https://babel.hathitrust.org/cgi/pt?id=hvd.hxjtwr&seq=34
HXQ4EG,urn:cts:latinLit:phi1348.abo016,lat,103,0.6282876822,93,450,2.533980583,6853,1108,0.168188208,93,194,102,1,Suetonius,Nero,Suetonius,"Opera omnia, ex editione Baumgarten-Crusii, cum notis et interpretatione in usum Delphini variis lectionibus, notis variorum recensu editionum et codicum et indice locupletissimo accurate recensita.",https://babel.hathitrust.org/cgi/pt?id=hvd.hxq4eg&seq=93
32044095139333,urn:cts:greekLit:tlg0006.tlg009,ell,102,0.6698390648,25,126,2.18627451,8598,1394,0.1698782676,25,126,102,1,Euripides,Heracles,Euripides.,Euripidis Tragoediae,https://babel.hathitrust.org/cgi/pt?id=hvd.32044095139333&seq=25
32044021076880,urn:cts:greekLit:tlg0006.tlg010,eng,101,0.688912828,53,154,2.099009901,8483,1645,0.1989614674,53,154,101,0.9901960784,Euripides,Ion,Euripides.,Euripides.,https://babel.hathitrust.org/cgi/pt?id=hvd.32044021076880&seq=53
32044054539382,urn:cts:latinLit:phi0474.phi022,eng,102,0.7436731041,489,599,2.098039216,8869,1876,0.2231561971,489,589,101,1,"Cicero, Marcus Tullius",Pro P. Sestio,"Cicero, Marcus Tullius.","M. Tullii Ciceronis orationes,",https://babel.hathitrust.org/cgi/pt?id=hvd.32044054539382&seq=489
32044074324658,urn:cts:latinLit:phi1276.phi001,eng,102,0.6018645682,10,337,4.882352941,9054,1565,0.171732154,10,208,101,0.5075376884,Juvenal,Saturae,Juvenal,Juvenal and Persius;,https://babel.hathitrust.org/cgi/pt?id=hvd.32044074324658&seq=10
HNJXEV,urn:cts:latinLit:phi0474.phi022,eng,102,0.7389857254,491,601,2.176470588,8978,1876,0.2203428427,491,591,101,1,"Cicero, Marcus Tullius",Pro P. Sestio,"Cicero, Marcus Tullius.","M. Tullii Ciceronis orationes,",https://babel.hathitrust.org/cgi/pt?id=hvd.hnjxev&seq=491
32044012781761,urn:cts:latinLit:phi0474.phi049,lat,104,0.666436255,29,158,5.125,6673,1769,0.2709705083,51,158,101,0.9351851852,"Cicero, Marcus Tullius",Tusculanae Disputationes,"Cicero, Marcus Tullius.","Tusculanarum disputationum liber primus, et Somnium scipionis,",https://babel.hathitrust.org/cgi/pt?id=hvd.32044012781761&seq=51
HNNC56,urn:cts:greekLit:tlg0645.tlg001,lat,105,0.6520922909,34,351,4.39047619,6996,1707,0.2544588054,100,289,101,0.5315789474,Justin Martyr,Apologia I,,Corpus apologetarum Christianorum saeculi secundi,https://babel.hathitrust.org/cgi/pt?id=hvd.hnnc56&seq=100
32044085114619,urn:cts:greekLit:tlg0006.tlg013,deu,104,0.6340415375,21,139,1.846153846,6520,1524,0.2379560345,29,129,101,1,Euripides,Iphigenia in Tauris,Euripides.,Iphigenia auf Tauris.,https://babel.hathitrust.org/cgi/pt?id=hvd.32044085114619&seq=29
32044097077945,urn:cts:latinLit:phi0474.phi013,eng,101,0.7180409835,89,194,2.099009901,7568,1479,0.1980827613,89,194,101,0.9528301887,"Cicero, Marcus Tullius",In Catilinam,"Cicero, Marcus Tullius.","Selected orations and letters of Cicero, to which is added the Catiline of Sallust; with historical introduction, an outline of the Roman constitution, notes, vocabulary and index, by Harold Whetstone Johnston ...",https://babel.hathitrust.org/cgi/pt?id=hvd.32044097077945&seq=89
32044085113736,urn:cts:greekLit:tlg0006.tlg018,lat,101,0.6052871751,247,347,3.386138614,7955,1620,0.2144677208,247,347,101,1,Euripides,Iphigenia in Aulis,Euripides.,"Fabulæ quatuor, scilicet Hippolytus Coronifer, Alcestis, Iphigenia in Aulide, Iphigenia in Tauis.",https://babel.hathitrust.org/cgi/pt?id=hvd.32044085113736&seq=247
32044020532958,urn:cts:greekLit:tlg0010.tlg011,ell,102,0.6829985662,141,297,2.578431373,9513,1295,0.1387326544,141,241,101,1,Isocrates,Panegyricus,Isocrates,Isokrates ausgewählte Reden : für den Schulgebrauch,https://babel.hathitrust.org/cgi/pt?id=hvd.32044020532958&seq=141
HX5Q48,urn:cts:greekLit:tlg0011.tlg005,eng,101,0.6823097838,164,264,2.287128713,8382,1477,0.1824534082,164,264,101,1,Sophocles,Electra,Sophocles.,Sophocles;,https://babel.hathitrust.org/cgi/pt?id=hvd.hx5q48&seq=164
32044023338692,urn:cts:greekLit:tlg0527.tlg003,ell,101,0.601038541,165,265,2.821782178,10159,1235,0.1217270213,165,265,101,1,Old Testament,Leviticus,,"The Old Testament in Greek, according to the text of Codex Vaticanus, supplemented from other uncial manuscripts, with a critical apparatus containing the variants of the chief ancient authorities for the text of the Septuagint.",https://babel.hathitrust.org/cgi/pt?id=hvd.32044023338692&seq=165
HNLC9K,urn:cts:latinLit:phi0474.phi051,eng,106,0.6375927,27,185,3.018867925,7419,1083,0.1457119619,63,163,101,1,"Cicero, Marcus Tullius",De Senectute,"Cicero, Marcus Tullius.",M. Tvlli Ciceronis Cato Maior de senectvte;,https://babel.hathitrust.org/cgi/pt?id=hvd.hnlc9k&seq=63
HW2JMQ,urn:cts:greekLit:tlg0011.tlg007,ell,101,0.6571322206,133,234,3.237623762,6605,1853,0.2890911884,133,234,101,0.9901960784,Sophocles,Oedipus at Colonus,Sophocles.,"Sophoclis quae exstant omnia cum veterum grammaticorum scholiis : superstites tragoedias VII ad optimorum exemplarium fidem recensuit, versione et notis illustravit, deperditarum fragmenta collegit Rich. Franc. Phil. Brunck ; accedunt excerpta ex varietate lectionis quam continet editio Caroli Gottl. Augsti Erfurdt, Demetrii Triclinii scholia metrica et notae ineditiae C. Burneii.",https://babel.hathitrust.org/cgi/pt?id=hvd.hw2jmq&seq=133
HX5PYP,urn:cts:greekLit:tlg0006.tlg013,eng,100,0.6846271437,389,489,2.33,8983,1472,0.1697200854,389,489,100,0.9900990099,Euripides,Iphigenia in Tauris,Euripides.,Euripides.,https://babel.hathitrust.org/cgi/pt?id=hvd.hx5pyp&seq=389
HX5PYP,urn:cts:greekLit:tlg0006.tlg018,eng,100,0.6435025133,499,599,4.01,8580,1677,0.204751193,499,599,100,0.9900990099,Euripides,Iphigenia in Aulis,Euripides.,Euripides.,https://babel.hathitrust.org/cgi/pt?id=hvd.hx5pyp&seq=499
HW2MFV,urn:cts:latinLit:phi1348.abo016,lat,100,0.6139423782,191,290,2.78,6674,1086,0.1693524108,191,290,100,1,Suetonius,Nero,Suetonius,"Opera omnia, ex editione Baumgarten-Crusii, cum notis et interpretatione in usum Delphini variis lectionibus, notis variorum recensu editionum et codicum et indice locupletissimo accurate recensita.",https://babel.hathitrust.org/cgi/pt?id=hvd.hw2mfv&seq=191
HXIK5I,urn:cts:latinLit:phi0690.phi002,lat,100,0.7574570376,53,152,2.62,9056,2194,0.2435021133,53,152,100,1,Virgil,Georgics,Virgil.,"[P. Virgilii Maronis] Opera omnia,",https://babel.hathitrust.org/cgi/pt?id=hvd.hxik5i&seq=53
HW22O6,urn:cts:latinLit:phi0690.phi002,eng,99,0.671966769,75,173,4.03030303,10793,2123,0.1987728578,75,173,99,1,Virgil,Georgics,Virgil.,"Opera, or The works of Virgil. With copious notes ... compiled from the best commentators, with many that are new. Together with an ordo of the most intricate parts of the text ... Designed for the use of students in the colleges, academies, and other seminaries, in the United States. To which is added, a table of reference.",https://babel.hathitrust.org/cgi/pt?id=hvd.hw22o6&seq=75
AH5EGC,urn:cts:greekLit:tlg0645.tlg001,lat,104,0.6519405091,36,315,3.471153846,6962,1706,0.2564556861,102,291,99,0.5210526316,Justin Martyr,Apologia I,Justin,Opera quae feruntur omnia,https://babel.hathitrust.org/cgi/pt?id=hvd.ah5egc&seq=102
HXQ2Z7,urn:cts:greekLit:tlg0085.tlg002,lat,104,0.6171721578,153,696,2.596153846,5959,1104,0.1884750019,257,355,99,1,Aeschylus,Persians,Aeschylus.,Aischylou Hepta epi Thēbas = Aeschyli Septem contra Thebas,https://babel.hathitrust.org/cgi/pt?id=hvd.hxq2z7&seq=257
32044098639214,urn:cts:latinLit:phi1020.phi003,lat,99,0.6536895284,504,603,2.494949495,6252,1148,0.1894640393,504,603,99,0.99,"Statius, P. Papinius (Publius Papinius)",Achilleis,"Statius, P. Papinius",P. Papinii Statii Opera omnia : ex editione Bipontina : cum notis et interpretatione in usum Delphini : variis lectionibus notis variorum recensu editionum et codicum et indice locupletissimo accurate recensita.,https://babel.hathitrust.org/cgi/pt?id=hvd.32044098639214&seq=504
32044085241826,urn:cts:latinLit:phi0690.phi002,eng,100,0.6367751324,79,181,4.01,10833,2136,0.1989810674,83,181,99,1,Virgil,Georgics,Virgil.,"Publii Virgilii Maronis opera, or, The works of Virgil : with copious notes, mythological, biographical, historical ... in English : compiled from the best commentators ... : together with an ordo of the most intricate parts of the text : designed for the use of students in the colleges, academies, and other seminaries, in the United States ... : to which is added, table of reference ...",https://babel.hathitrust.org/cgi/pt?id=hvd.32044085241826&seq=83
32044018768697,urn:cts:latinLit:phi0690.phi002,eng,99,0.6413853194,81,179,3.808080808,10775,2134,0.2003015609,81,179,99,1,Virgil,Georgics,Virgil.,"Opera, or The works of Virgil, with copious notes in English, compiled from the best commentators. Designed for the use of students. To which is added a table of reference",https://babel.hathitrust.org/cgi/pt?id=hvd.32044018768697&seq=81
HN4QJR,urn:cts:latinLit:phi0690.phi002,eng,99,0.6439456364,79,177,3.757575758,10745,2121,0.1994676015,79,177,99,1,Virgil,Georgics,Virgil.,"Publii Virgilii Maronis Opera, or, The works of Virgil : with copious notes ... in English : compiled from the best commentators, with many that are new, together with an ordo of the most intricate parts of the text ... to which is added, a table of reference",https://babel.hathitrust.org/cgi/pt?id=hvd.hn4qjr&seq=79
HN25ER,urn:cts:greekLit:tlg0006.tlg003,deu,99,0.6086675194,288,387,2.595959596,7593,1377,0.1889933673,288,387,99,0.99,Euripides,Medea,Euripides.,Ausgewählte Tragödien des Euripides / erklärt von F. G. Schöne.,https://babel.hathitrust.org/cgi/pt?id=hvd.hn25er&seq=288
HXQ4QF,urn:cts:latinLit:phi1020.phi003,lat,99,0.6664428199,414,513,2.484848485,6294,1147,0.1878447764,414,513,99,0.99,"Statius, P. Papinius (Publius Papinius)",Achilleis,"Statius, P. Papinius",P. Papinii Statii Opera omnia : ex editione Bipontina : cum notis et interpretatione in usum Delphini : variis lectionibus notis variorum recensu editionum et codicum et indice locupletissimo accurate recensita.,https://babel.hathitrust.org/cgi/pt?id=hvd.hxq4qf&seq=414
32044085241834,urn:cts:latinLit:phi0690.phi002,eng,99,0.6694326517,83,181,4,10703,2119,0.2000408621,83,181,99,1,Virgil,Georgics,Virgil.,"Publii Virgilii Maronis opera, or, The works of Virgil : with copious notes, mythological, biographical, historical ... in English : compiled from the best commentators ... : together with an ordo of the most intricate parts of the text : designed for the use of students in the colleges, academies, and other seminaries, in the United States ... : to which is added, table of reference ...",https://babel.hathitrust.org/cgi/pt?id=hvd.32044085241834&seq=83
HN2W5I,urn:cts:greekLit:tlg0007.tlg070,lat,99,0.7072959466,359,457,2.101010101,5246,1484,0.2831289408,359,457,99,1,Plutarch,Quomodo adulator ab amico internoscatur,Plutarch.,"Ploutarchou tou Chairōneōs Ta ēthika = Plutarchi Chaeronensis Moralia, id est Opera, exceptis vitis, reliqua",https://babel.hathitrust.org/cgi/pt?id=hvd.hn2w5i&seq=359
HN4QJQ,urn:cts:latinLit:phi0690.phi002,eng,99,0.6501997153,83,181,3.696969697,10731,2127,0.2002428793,83,181,99,1,Virgil,Georgics,Virgil.,"Opera, or The works of Virgil. With copious notes, mythological, biographical, etc., in English;",https://babel.hathitrust.org/cgi/pt?id=hvd.hn4qjq&seq=83
HW2MFT,urn:cts:latinLit:phi1020.phi003,lat,99,0.664080305,414,513,2.494949495,6306,1148,0.187679424,414,513,99,0.99,"Statius, P. Papinius (Publius Papinius)",Achilleis,"Statius, P. Papinius",P. Papinii Statii Opera omnia : ex editione Bipontina : cum notis et interpretatione in usum Delphini : variis lectionibus notis variorum recensu editionum et codicum et indice locupletissimo accurate recensita.,https://babel.hathitrust.org/cgi/pt?id=hvd.hw2mft&seq=414
HN3S3D,urn:cts:latinLit:phi0690.phi002,eng,99,0.634609159,79,177,3.98989899,10804,2123,0.1986481545,79,177,99,1,Virgil,Georgics,Virgil.,"Publii Virgilii Maronis Opera, or, The works of Virgil : with copious notes, mythological, biographical, historical, geographical, philosophical, astronomical, critical, and explanatory, in English",https://babel.hathitrust.org/cgi/pt?id=hvd.hn3s3d&seq=79
HN6F2F,urn:cts:latinLit:phi0690.phi002,eng,99,0.6471186332,81,179,3.727272727,10784,2131,0.19982508,81,179,99,1,Virgil,Georgics,Virgil.,"Publii Virgilii Maronis opera, or The works of Virgil. With copious notes, mythological, biographical ...",https://babel.hathitrust.org/cgi/pt?id=hvd.hn6f2f&seq=81
HN6F2E,urn:cts:latinLit:phi0690.phi002,eng,99,0.6667535226,77,175,3.868686869,10776,2117,0.1984479764,77,175,99,1,Virgil,Georgics,Virgil.,"Publii Virgilii Maronis opera; or, The works of Virgil. With copious notes, mythological, biographical, historical ... in English; comp. from the best commentators... Together with an ordo of the most intricate parts of the text, upon the same page with the text. Designed for the use of students in the colleges, academies, and other seminaries, in the United States... To which is added, A table of reference...",https://babel.hathitrust.org/cgi/pt?id=hvd.hn6f2e&seq=77
32044085241842,urn:cts:latinLit:phi0690.phi002,eng,99,0.6674652201,81,179,3.848484848,10770,2129,0.1996911404,81,179,99,1,Virgil,Georgics,Virgil.,"Publii Virgilii Maronis opera, or, The works of Virgil : with copious notes, mythological, biographical, historical ... in English : compiled from the best commentators ... : together with an ordo of the most intricate parts of the text : designed for the use of students in the colleges, academies, and other seminaries, in the United States ... : to which is added, table of reference ...",https://babel.hathitrust.org/cgi/pt?id=hvd.32044085241842&seq=81
HW22GV,urn:cts:latinLit:phi0690.phi002,eng,99,0.6383681677,81,179,3.888888889,10770,2123,0.1991981114,81,179,99,1,Virgil,Georgics,Virgil.,"Opera, or The works of Virgil. With copious notes, mythological, biographical ...",https://babel.hathitrust.org/cgi/pt?id=hvd.hw22gv&seq=81
HN5XKJ,urn:cts:latinLit:phi0690.phi002,eng,99,0.6294271359,81,179,4.080808081,10866,2132,0.1983525266,81,179,99,1,Virgil,Georgics,Virgil.,"Opera, or The works of Virgil, with copious notes ... Designed for the use of students in the colleges, academies, and other seminaries, in the United States ... To which is added a table of reference",https://babel.hathitrust.org/cgi/pt?id=hvd.hn5xkj&seq=81
HW2JFU,urn:cts:greekLit:tlg0059.tlg002,lat,100,0.6148410621,69,752,2.7,8047,1107,0.1446770039,69,171,99,0.9611650485,Plato,Apology,Plato.,Platonis Opera omnia...,https://babel.hathitrust.org/cgi/pt?id=hvd.hw2jfu&seq=69
AH411F,urn:cts:greekLit:tlg0031.tlg004,ell,99,0.7177168728,19,117,2.202020202,7752,1595,0.21604353,19,117,99,1,New Testament,Gospel of John,,Das evangelium des Johannes : für den schulgebrauch erklärt,https://babel.hathitrust.org/cgi/pt?id=hvd.ah411f&seq=19
32044073482689,urn:cts:latinLit:stoa0040.stoa027,lat,100,0.9587458502,33,451,0.62,4217,101,0.02398236956,33,223,98,0.5130890052,Augustine,Contra Litteras Petiliani,"Luther, Martin",D. Martini Lutheri Opera latina : Varii argumenti ad Reformationis historiam imprimis pertinentia,https://babel.hathitrust.org/cgi/pt?id=hvd.32044073482689&seq=33
HXJV1Q,urn:cts:latinLit:phi1276.phi001,eng,100,0.6113292304,12,333,4.75,9056,1523,0.1671154033,12,205,98,0.5051546392,Juvenal,Saturae,Juvenal.,"A new and literal translation of Juvenal and Persius, with copious explanatory notes...",https://babel.hathitrust.org/cgi/pt?id=hvd.hxjv1q&seq=12
HW2LPY,urn:cts:latinLit:phi0690.phi002,eng,98,0.662516007,81,179,4,10827,2107,0.1965853132,81,179,98,0.9898989899,Virgil,Georgics,Virgil.,"Opera, or The works of Virgil. With copious notes [and] an Ordo of the most intricate parts of the text.",https://babel.hathitrust.org/cgi/pt?id=hvd.hw2lpy&seq=81
32044085121762,urn:cts:greekLit:tlg0020.tlg001,ell,101,0.6074930045,46,212,2.544554455,7590,1001,0.1352995526,107,212,98,0.9245283019,Hesiod,Theogony,Hesiod,Carmina;,https://babel.hathitrust.org/cgi/pt?id=hvd.32044085121762&seq=107
HXIJRE,urn:cts:latinLit:phi0474.phi017,lat,98,0.6583368269,119,216,3.948979592,7003,1608,0.2428613148,119,216,98,1,"Cicero, Marcus Tullius",Pro L. Flacco,"Cicero, Marcus Tullius.",Ciceronis Orationes.,https://babel.hathitrust.org/cgi/pt?id=hvd.hxijre&seq=119
HXJHAP,urn:cts:greekLit:tlg0085.tlg002,lat,101,0.6139110236,275,481,2.752475248,5869,1102,0.1925802207,275,372,98,1,Aeschylus,Persians,Aeschylus.,Aeschyli Septem contra Thebas,https://babel.hathitrust.org/cgi/pt?id=hvd.hxjhap&seq=275
HXIJRA,urn:cts:latinLit:phi0474.phi002,lat,98,0.6698322539,145,249,4.540816327,6795,1754,0.2820834993,145,249,98,0.9333333333,"Cicero, Marcus Tullius",Pro S. Roscio Amerino,"Cicero, Marcus Tullius.",Ciceronis Orationes.,https://babel.hathitrust.org/cgi/pt?id=hvd.hxijra&seq=145
HXG948,urn:cts:greekLit:tlg0085.tlg005,ell,98,0.6020354228,323,420,2.918367347,4574,1364,0.2965440336,323,420,98,1,Aeschylus,Agamemnon,Æschylus.,Dramata quæ supersunt et deperditorum fragmenta graece et latine.,https://babel.hathitrust.org/cgi/pt?id=hvd.hxg948&seq=323
HW2LGT,urn:cts:latinLit:phi0893.phi005,lat,99,0.7057731561,29,551,2.222222222,8116,1503,0.1938133871,454,551,98,1,Horace,Epistulae,Horace.,Q. Horatii Flacci Opera omnia,https://babel.hathitrust.org/cgi/pt?id=hvd.hw2lgt&seq=454
32044085080711,urn:cts:greekLit:tlg0085.tlg005,deu,99,0.6150086466,12,142,2.686868687,6663,1600,0.241238813,45,142,97,0.9897959184,Aeschylus,Agamemnon,Aeschylus.,Agamemnon mit erläuternden,https://babel.hathitrust.org/cgi/pt?id=hvd.32044085080711&seq=45
32044102786944,urn:cts:latinLit:phi0914.phi001,eng,106,0.7025335657,20,213,3.528301887,7680,2195,0.284028141,115,213,97,0.9797979798,Titus Livius (Livy),Ab urbe condita,Livy.,"Livy, book I.",https://babel.hathitrust.org/cgi/pt?id=hvd.32044102786944&seq=115
HXPP5G,urn:cts:greekLit:tlg0085.tlg003,lat,99,0.6477088336,19,466,2.393939394,5530,1130,0.2174797524,19,115,97,1,Aeschylus,Prometheus Bound,Aeschylus.,Aeschyli Prometheus vinctus : ad fidem manuscriptorum emendavit notas et glossarium adjecit Carolu Jacobus Blomfield.,https://babel.hathitrust.org/cgi/pt?id=hvd.hxpp5g&seq=19
HXQ4IV,urn:cts:latinLit:phi1276.phi001,eng,98,0.6234769879,10,333,3.948979592,8583,1519,0.1761466696,10,202,97,0.5025906736,Juvenal,Saturae,Juvenal.,"A new and literal translation of Juvenal and Persius, with copious explanatory notes, by which these difficult satirists are rendered easy and familiar to the reader",https://babel.hathitrust.org/cgi/pt?id=hvd.hxq4iv&seq=10
HX5PYP,urn:cts:greekLit:tlg0006.tlg016,eng,97,0.7169352133,282,378,2.164948454,8045,1673,0.216193048,282,378,97,1,Euripides,Orestes,Euripides.,Euripides.,https://babel.hathitrust.org/cgi/pt?id=hvd.hx5pyp&seq=282
HNDFJD,urn:cts:greekLit:tlg0059.tlg019,ell,99,0.621110653,17,134,2.515151515,6625,1007,0.1555978551,37,134,97,0.9897959184,Plato,Laches,Plato.,"Platōnos Lachēs, ekdotheis meta scholiōn,",https://babel.hathitrust.org/cgi/pt?id=hvd.hndfjd&seq=37
32044037133469,urn:cts:latinLit:phi0914.phi001,eng,105,0.7023202101,20,217,4.00952381,7718,2198,0.2850208083,119,217,97,0.9797979798,Titus Livius (Livy),Ab urbe condita,Livy.,"Livy, books I-X;",https://babel.hathitrust.org/cgi/pt?id=hvd.32044037133469&seq=119
HXJULM,urn:cts:latinLit:phi0914.phi001,eng,106,0.7072383032,20,213,3.650943396,7915,2198,0.2779129241,115,213,97,0.9797979798,Titus Livius (Livy),Ab urbe condita,Livy.,"Livy, book I.",https://babel.hathitrust.org/cgi/pt?id=hvd.hxjulm&seq=115
HNH7UL,urn:cts:greekLit:tlg2018.tlg003,lat,96,0.6669097093,141,239,2.479166667,4431,1261,0.2990079353,141,239,96,0.9696969697,Eusebius of Caesarea,De Martyribus Palaestinae (Recensio Brevior),Eusebius,Historiae ecclesiastical libri X. Ex nova recognitione cum aliorum ac suis prolegomenis integro Henrici Valesii commentario selectis Readingi Strothii aliorumque virorum doctissimorum observationibus edidit suas animadversiones et excursus indices emendatos ac longe locupletiores adiecit F.A. Heinichen. 3 tom.,https://babel.hathitrust.org/cgi/pt?id=hvd.hnh7ul&seq=141
32044055007520,urn:cts:greekLit:tlg0006.tlg012,fra,96,0.6028516845,27,122,2.479166667,6512,1333,0.2091950121,27,122,96,1,Euripides,Electra,Euripides.,Electre.,https://babel.hathitrust.org/cgi/pt?id=hvd.32044055007520&seq=27
HXKCHI,urn:cts:latinLit:stoa0089.stoa004,lat,96,0.6702191741,399,494,2.979166667,6913,1363,0.2033193746,399,494,96,1,Claudian,de consulatu Stilichonis,"Claudianus, Claudius.",Cl. Claudiani quae exstant varietate lectionis et perpetua adnotatione,https://babel.hathitrust.org/cgi/pt?id=hvd.hxkchi&seq=399
HW2MFV,urn:cts:latinLit:phi1348.abo014,lat,96,0.602572,11,106,3.3125,6469,1083,0.1752306033,11,106,96,1,Suetonius,Caligula,Suetonius,"Opera omnia, ex editione Baumgarten-Crusii, cum notis et interpretatione in usum Delphini variis lectionibus, notis variorum recensu editionum et codicum et indice locupletissimo accurate recensita.",https://babel.hathitrust.org/cgi/pt?id=hvd.hw2mfv&seq=11
HXUW7J,urn:cts:latinLit:phi1348.abo014,lat,97,0.6050312413,26,638,3.515463918,6466,1083,0.1748719626,543,638,96,1,Suetonius,Caligula,Suetonius,"Opera omnia, ex editione Baumgarten-Crusii, cum notis et interpretatione in usum Delphini variis lectionibus, notis variorum recensu editionum et codicum et indice locupletissimo accurate recensita.",https://babel.hathitrust.org/cgi/pt?id=hvd.hxuw7j&seq=543
HNAIF4,urn:cts:greekLit:tlg0033.tlg002,lat,96,0.6462521689,37,364,3.947916667,5775,1452,0.2529931454,246,364,95,0.7983193277,Pindar,Pythian,Pindar.,"Pindari Carmina, prolegomenis et commentariis instructa,",https://babel.hathitrust.org/cgi/pt?id=hvd.hnaif4&seq=246
HW2J4Q,urn:cts:greekLit:tlg0014.tlg023,ell,95,0.653540335,11,105,3.968421053,6907,1898,0.2896140768,11,105,95,1,Demosthenes,Against Aristocrates,Demosthenes.,Ausgewählte reden des Demosthenes.,https://babel.hathitrust.org/cgi/pt?id=hvd.hw2j4q&seq=11
32044096580451,urn:cts:latinLit:stoa0252.stoa002,lat,98,0.646309744,256,512,3.459183673,13313,2019,0.1533379436,277,378,95,0.931372549,Sedulius,Carmen Paschale,,"Patrologiae cursus completus, sive biblioteca universalis, integra, uniformis, commoda, oeconomica, omnium SS. Patrum, doctorum scriptorumque eccelesiasticorum qui ab aevo apostolico ad usque Innocentii III tempora floruerunt ... [Series Latina, in qua prodeunt Patres, doctores scriptoresque Ecclesiae Latinae, a Tertulliano ad Innocentium III]",https://babel.hathitrust.org/cgi/pt?id=hvd.32044096580451&seq=277
HW2JU1,urn:cts:greekLit:tlg0005.tlg001,ell,98,0.6521982057,12,187,4.030612245,9153,1609,0.1798930636,24,173,95,0.6333333333,Theocritus,Εἰδύλλια,Theocritus.,Theocriti Carmina ex codicibus italis denuc a se collatis iterum,https://babel.hathitrust.org/cgi/pt?id=hvd.hw2ju1&seq=24
32044014546923,urn:cts:greekLit:tlg0059.tlg022,ell,95,0.7194530003,21,115,2.578947368,7159,1903,0.2766992129,21,115,95,1,Plato,Protagoras,Plato.,Platonis Protagoras. The Protagoras of Plato.,https://babel.hathitrust.org/cgi/pt?id=hvd.32044014546923&seq=21
32044051100097,urn:cts:latinLit:phi0119.phi019,eng,95,0.6062917926,134,228,3.221052632,6491,1600,0.2546760561,134,228,95,1,"Plautus, Titus Maccius",Trinummus,"Plautus, Titus Maccius.",The Captives and Trinummus of Plautus;,https://babel.hathitrust.org/cgi/pt?id=hvd.32044051100097&seq=134
HN5HEE,urn:cts:greekLit:tlg0014.tlg021,ell,98,0.7118807934,14,227,3.214285714,6587,1766,0.2727067308,133,227,95,1,Demosthenes,Against Meidias,Demosthenes,Les plaidoyers politiques,https://babel.hathitrust.org/cgi/pt?id=hvd.hn5hee&seq=133
HX5PYP,urn:cts:greekLit:tlg0006.tlg009,eng,95,0.7037301728,59,153,2.221052632,8314,1412,0.1752818574,59,153,95,1,Euripides,Heracles,Euripides.,Euripides.,https://babel.hathitrust.org/cgi/pt?id=hvd.hx5pyp&seq=59
32044050771328,urn:cts:greekLit:tlg0033.tlg002,lat,96,0.6180405101,41,372,3.9375,5657,1441,0.2569203448,252,372,95,0.7851239669,Pindar,Pythian,Pindar.,"Pindari Carmina, prolegomenis et commentariis instructa,",https://babel.hathitrust.org/cgi/pt?id=hvd.32044050771328&seq=252
HXJA8T,urn:cts:greekLit:tlg0011.tlg007,ell,95,0.6307643633,129,223,3.968421053,7041,1804,0.2662736235,129,223,95,1,Sophocles,Oedipus at Colonus,Sophocles.,Tragoediae septem et deperditarum fragmenta.,https://babel.hathitrust.org/cgi/pt?id=hvd.hxja8t&seq=129
HN3L7N,urn:cts:latinLit:phi0119.phi019,eng,95,0.6065661886,132,226,3.252631579,6510,1605,0.2546997057,132,226,95,1,"Plautus, Titus Maccius",Trinummus,"Plautus, Titus Maccius.",The Captives and Trinummus of Plautus;,https://babel.hathitrust.org/cgi/pt?id=hvd.hn3l7n&seq=132
32044015471345,urn:cts:latinLit:stoa0252.stoa002,lat,99,0.6362844812,254,512,4.474747475,13465,2027,0.1518187924,277,378,95,0.931372549,Sedulius,Carmen Paschale,,"Patrologiae cursus completus, sive biblioteca universalis, integra, uniformis, commoda, oeconomica, omnium SS. Patrum, doctorum scriptorumque eccelesiasticorum qui ab aevo apostolico ad usque Innocentii III tempora floruerunt ... [Series Latina, in qua prodeunt Patres, doctores scriptoresque Ecclesiae Latinae, a Tertulliano ad Innocentium III]",https://babel.hathitrust.org/cgi/pt?id=hvd.32044015471345&seq=277
HN25G1,urn:cts:greekLit:tlg0014.tlg023,ell,95,0.6561322837,13,107,3.589473684,6849,1892,0.2908642689,13,107,95,1,Demosthenes,Against Aristocrates,Demosthenes,Ausgewählte reden des Demosthenes,https://babel.hathitrust.org/cgi/pt?id=hvd.hn25g1&seq=13
HXJ99E,urn:cts:greekLit:tlg0033.tlg003,ell,95,0.6235909224,280,476,2.368421053,5958,984,0.1713315573,280,476,95,0.4822335025,Pindar,Nemean,Pindar.,Carmina et fragmenta Graece.,https://babel.hathitrust.org/cgi/pt?id=hvd.hxj99e&seq=280
HXJVSQ,urn:cts:greekLit:tlg0014.tlg021,ell,96,0.7323911768,19,229,2.5,6492,1763,0.278593061,135,229,95,1,Demosthenes,Against Meidias,Demosthenes.,"Les plaidovers politiques de Démosthène. Texte grec pub.d'après les travaux les plus récents de la philologie, avec un commentaire critique et explicatif, une préface et des notices sur chaque discours",https://babel.hathitrust.org/cgi/pt?id=hvd.hxjvsq&seq=135
HXQ2Z7,urn:cts:greekLit:tlg0085.tlg004,lat,97,0.6182180758,18,645,2.886597938,5599,1037,0.1919037274,18,111,94,1,Aeschylus,Seven Against Thebes,Aeschylus.,Aischylou Hepta epi Thēbas = Aeschyli Septem contra Thebas,https://babel.hathitrust.org/cgi/pt?id=hvd.hxq2z7&seq=18
HXQ2P8,urn:cts:greekLit:tlg0059.tlg013,ell,94,0.6637183412,53,146,2.638297872,6850,1737,0.287322785,53,146,94,1,Plato,Alcibiades 1,Plato.,Platonis et quae vel Platonis esse feruntur vel Platonica solent comitari seripta graece omnia ad codices manuscriptos recensuit variasque inde lectiones,https://babel.hathitrust.org/cgi/pt?id=hvd.hxq2p8&seq=53
HXQ4LH,urn:cts:latinLit:phi1348.abo013,lat,97,0.678522379,433,552,2.670103093,6556,1348,0.2144844057,433,526,94,1,Suetonius,Tiberius,Suetonius,"C. Suetonii Tranquilli Duodecim Caesares, et minora quae supersunt opera; Baumgartenii-crusii commentario",https://babel.hathitrust.org/cgi/pt?id=hvd.hxq4lh&seq=433
HW3IYV,urn:cts:greekLit:tlg0020.tlg001,eng,97,0.6231478212,39,304,2.597938144,8441,988,0.1188059678,209,304,94,0.9791666667,Hesiod,Theogony,Hesiod.,The epics of Hesiod.,https://babel.hathitrust.org/cgi/pt?id=hvd.hw3iyv&seq=209
HXJUWW,urn:cts:latinLit:phi0119.phi004,lat,94,0.6522482297,353,447,2.468085106,5926,1495,0.2622638494,353,447,94,0.9894736842,"Plautus, Titus Maccius",Bacchides,"Plautus, Titus Maccius.",M. Accii Plauti Comoediæ : cum selectis variorum notis et novis commentariis,https://babel.hathitrust.org/cgi/pt?id=hvd.hxjuww&seq=353
HXQ4Q6,urn:cts:latinLit:phi1017.phi005,lat,103,0.6355305254,15,469,3.32038835,6916,1284,0.1848283349,15,108,94,1,"Seneca, Lucius Annaeus",Phaedra,"Seneca, Lucius Annaeus","L. Annæ Senecæ, pars tertia; sive opera tragica quæ ad parisinos codices nondum collatos recensuit novisque commentariis illustravit, J. Pierrot.",https://babel.hathitrust.org/cgi/pt?id=hvd.hxq4q6&seq=15
HXJHAP,urn:cts:greekLit:tlg0085.tlg004,lat,96,0.6244644613,28,220,2.53125,5438,1039,0.1980869607,28,121,94,1,Aeschylus,Seven Against Thebes,Aeschylus.,Aeschyli Septem contra Thebas,https://babel.hathitrust.org/cgi/pt?id=hvd.hxjhap&seq=28
HXQ2XK,urn:cts:greekLit:tlg0007.tlg109,ell,94,0.6601501572,327,420,2.904255319,4906,1420,0.2903041641,327,420,94,1,Plutarch,De Genio Socratis,Plutarch.,"Ploutarchou tou Chairōneōs Ta ēthika = Plutarchi Chaeronensis Moralia, id est Opera, exceptis vitis, reliqua",https://babel.hathitrust.org/cgi/pt?id=hvd.hxq2xk&seq=327
HW2M7O,urn:cts:latinLit:phi0474.phi028,lat,94,0.6656808445,71,164,2.989361702,5343,1441,0.2764857793,71,164,94,1,"Cicero, Marcus Tullius",Pro Cn. Plancio,"Ernesti, Johann August","Clavis Ciceroniana, sive, Indices rerum et verborum philologico-critici in opera Ciceronis : accedunt Graeca Ciceronis necessariis observationibus illustrata",https://babel.hathitrust.org/cgi/pt?id=hvd.hw2m7o&seq=71
32044011409455,urn:cts:greekLit:tlg0020.tlg001,eng,97,0.6053685879,39,302,2.886597938,8525,985,0.1168480496,207,302,94,0.9791666667,Hesiod,Theogony,Hesiod.,The epics of Hesiod.,https://babel.hathitrust.org/cgi/pt?id=hvd.32044011409455&seq=207
32044085114874,urn:cts:greekLit:tlg0006.tlg016,ell,94,0.680712203,11,104,2.457446809,6404,1690,0.270803796,11,104,94,1,Euripides,Orestes,Euripides.,"Euripidis Orestes,",https://babel.hathitrust.org/cgi/pt?id=hvd.32044085114874&seq=11
32044085200749,urn:cts:latinLit:phi0893.phi005,fra,98,0.6098582798,12,477,4.071428571,8393,1515,0.1789458644,382,477,94,0.9791666667,Horace,Epistulae,Horace.,Quinti Horati Flacci Opera.,https://babel.hathitrust.org/cgi/pt?id=hvd.32044085200749&seq=382
HNKYAE,urn:cts:latinLit:phi0119.phi004,lat,94,0.6396758764,361,455,2.521276596,5913,1491,0.2623069229,361,455,94,0.9894736842,"Plautus, Titus Maccius",Bacchides,"Plautus, Titus Maccius.",M. Accii Plauti Comoediæ : cum selectis variorum notis et novis commentariis,https://babel.hathitrust.org/cgi/pt?id=hvd.hnkyae&seq=361
HW2LH0,urn:cts:latinLit:phi0893.phi005,lat,94,0.7053097473,23,540,2.446808511,5044,1496,0.2983141139,448,540,93,1,Horace,Epistulae,Horace.,Opera omnia.,https://babel.hathitrust.org/cgi/pt?id=hvd.hw2lh0&seq=448
HNAJSA,urn:cts:greekLit:tlg0062.tlg012,lat,98,0.6440378754,302,766,3.408163265,5814,1284,0.2201700299,302,394,93,1,Lucian of Samosata,Verae historiae,Lucian,Opera.,https://babel.hathitrust.org/cgi/pt?id=hvd.hnajsa&seq=302
HN2W4Z,urn:cts:greekLit:tlg0007.tlg109,ell,93,0.6662864555,328,420,2.655913978,4784,1401,0.2949719043,328,420,93,1,Plutarch,De Genio Socratis,Plutarch.,"Ploutarchou tou Chairōneōs Ta ēthika = Plutarchi Chaeronensis Moralia, id est Opera, exceptis vitis, reliqua",https://babel.hathitrust.org/cgi/pt?id=hvd.hn2w4z&seq=328
32044085080455,urn:cts:greekLit:tlg0085.tlg006,eng,93,0.664319715,731,823,2.451612903,8604,1199,0.1419151331,731,823,93,1,Aeschylus,Libation Bearers,Aeschylus.,The tragedies.,https://babel.hathitrust.org/cgi/pt?id=hvd.32044085080455&seq=731
HW42J4,urn:cts:greekLit:tlg0085.tlg006,eng,93,0.6406801049,519,611,2.430107527,9057,1059,0.1183275763,519,611,93,1,Aeschylus,Libation Bearers,Aeschylus.,The tragedies of Aeschylus,https://babel.hathitrust.org/cgi/pt?id=hvd.hw42j4&seq=519
HXJA96,urn:cts:greekLit:tlg0011.tlg004,ell,92,0.6885565558,43,134,2.510869565,6357,1528,0.2499257467,43,134,92,1,Sophocles,Oedipus Tyrannus,Sophocles.,Sophocles quae exstant omnia cum veterum grammaticorum scholiis : superstites tragoedias VII ad optimorum exemplarium fidem,https://babel.hathitrust.org/cgi/pt?id=hvd.hxja96&seq=43
HW2J2L,urn:cts:greekLit:tlg0006.tlg006,lat,92,0.6163729033,311,402,2.510869565,6691,1271,0.1992282984,311,402,92,1,Euripides,Andromache,Euripides.,"Euripides Tragoediae,",https://babel.hathitrust.org/cgi/pt?id=hvd.hw2j2l&seq=311
HXJP4E,urn:cts:greekLit:tlg0019.tlg010,ell,93,0.6761114424,10,108,2.559139785,4726,1352,0.2886547746,17,108,92,1,Aristophanes,Ecclesiazusae,Aristophanes.,"Aristophanis Ecclesiazusae,",https://babel.hathitrust.org/cgi/pt?id=hvd.hxjp4e&seq=17
HNJVSK,urn:cts:latinLit:stoa0089.stoa005,lat,92,0.6129558941,397,488,2.445652174,6005,727,0.1220326143,397,488,92,1,Claudian,de raptu Proserpinae,"Claudianus, Claudius",Opera omnia,https://babel.hathitrust.org/cgi/pt?id=hvd.hnjvsk&seq=397
32044085192847,urn:cts:latinLit:phi0474.phi035,lat,93,0.7068493224,19,114,2.892473118,8238,1841,0.2242608664,19,110,92,1,"Cicero, Marcus Tullius",Philippicae,"Cicero, Marcus Tullius.","Erste und zweite Philippische rede für den Schulgebrauch,",https://babel.hathitrust.org/cgi/pt?id=hvd.32044085192847&seq=19
HN7VDJ,urn:cts:latinLit:phi0893.phi004,fra,110,0.63263515,38,718,11.88181818,12369,2253,0.1833717489,536,718,92,0.5027322404,Horace,Satires,Horace,OEuvres complètes d'Horace,https://babel.hathitrust.org/cgi/pt?id=hvd.hn7vdj&seq=536
AH65AZ,urn:cts:greekLit:tlg0645.tlg001,lat,96,0.6045873284,64,755,7.229166667,5890,1631,0.297000625,64,227,92,0.5609756098,Justin Martyr,Apologia I,Justin,S. Iustini philosophii et martyris opera quae feruntur omnia,https://babel.hathitrust.org/cgi/pt?id=hvd.ah65az&seq=64
HW42J5,urn:cts:greekLit:tlg0085.tlg006,eng,92,0.6162232641,539,630,2.663043478,9005,1060,0.1197747559,539,630,92,1,Aeschylus,Libation Bearers,Aeschylus.,The tragedies of Aeschylus,https://babel.hathitrust.org/cgi/pt?id=hvd.hw42j5&seq=539
AH3W1J,urn:cts:latinLit:stoa0275.stoa002,lat,92,0.625019657,343,434,3.706521739,7644,1792,0.2477354261,343,434,92,1,Tertullian,Ad Nationes Libri Duo,Tertullian,Quae supersunt omnia.,https://babel.hathitrust.org/cgi/pt?id=hvd.ah3w1j&seq=343
HXQ4FF,urn:cts:latinLit:stoa0238.stoa005,lat,92,0.6890635654,466,564,2.358695652,5752,1255,0.2296251542,466,564,92,0.9292929293,Prudentius,Apotheosis,Prudentius,"Opera omnia, ex editione Parmensi, cum notis et interpretatione in usum Delphini variis lectionibus, notis variorum recensu editionum et codicum et indice locupletissimo accurate recensita.",https://babel.hathitrust.org/cgi/pt?id=hvd.hxq4ff&seq=466
HXQ4FF,urn:cts:latinLit:stoa0238.stoa006,lat,93,0.6721025463,37,658,2.397849462,6345,1120,0.1850317384,567,658,92,1,Prudentius,Hamartigenia,Prudentius,"Opera omnia, ex editione Parmensi, cum notis et interpretatione in usum Delphini variis lectionibus, notis variorum recensu editionum et codicum et indice locupletissimo accurate recensita.",https://babel.hathitrust.org/cgi/pt?id=hvd.hxq4ff&seq=567
32044098638877,urn:cts:latinLit:stoa0089.stoa005,lat,92,0.609495867,393,484,2.434782609,5952,729,0.1233109282,393,484,92,1,Claudian,de raptu Proserpinae,"Claudianus, Claudius",Opera omnia,https://babel.hathitrust.org/cgi/pt?id=hvd.32044098638877&seq=393
32044085113777,urn:cts:greekLit:tlg0006.tlg005,fra,92,0.6128280704,91,183,3.065217391,5508,1539,0.2831086304,91,183,92,0.9892473118,Euripides,Hippolytus,Euripides.,"Sept tragédies d'Euripide; texte grec, recension nouvelle avec un commentaire critique et explicatif,",https://babel.hathitrust.org/cgi/pt?id=hvd.32044085113777&seq=91
32044022172639,urn:cts:latinLit:phi0474.phi049,eng,101,0.6791718384,27,153,4.643564356,6499,1730,0.2715750247,49,140,92,1,"Cicero, Marcus Tullius",Tusculanae Disputationes,"Cicero, Marcus Tullius.","Tusculanarum disputationum liber primus, et Somnium scipionis,",https://babel.hathitrust.org/cgi/pt?id=hvd.32044022172639&seq=49
HW2L64,urn:cts:latinLit:phi0474.phi035,lat,98,0.6586101155,24,550,3.581632653,7123,2009,0.2934280389,425,516,91,0.9891304348,"Cicero, Marcus Tullius",Philippicae,"Cicero, Marcus Tullius.",M.T. Ciceronis Orationes quædam selectæ,https://babel.hathitrust.org/cgi/pt?id=hvd.hw2l64&seq=425
32044081385387,urn:cts:latinLit:phi0978.phi001,lat,103,0.6537643402,10,333,1.155339806,4976,154,0.03418093947,148,244,91,0.9381443299,"Pliny, the Elder",Naturalis Historia,"Sturz, Friedrich Wilhelm",Opuscula nonnulla olim separatim emissa nunc coniunctim edita emendata et aucta.,https://babel.hathitrust.org/cgi/pt?id=hvd.32044081385387&seq=148
32044085159564,urn:cts:greekLit:tlg0007.tlg010,ell,91,0.6309002915,26,117,2.164835165,4310,904,0.2138979642,26,117,91,0.9891304348,Plutarch,Themistocles,Plutarch,Themistokles.,https://babel.hathitrust.org/cgi/pt?id=hvd.32044085159564&seq=26
HXJHA8,urn:cts:greekLit:tlg0085.tlg003,deu,92,0.6577143214,39,149,2.358695652,8723,1081,0.1272566712,39,130,91,0.9891304348,Aeschylus,Prometheus Bound,Aeschylus.,Orestie.,https://babel.hathitrust.org/cgi/pt?id=hvd.hxjha8&seq=39
32044018750620,urn:cts:greekLit:tlg0059.tlg002,eng,92,0.6004990685,69,224,2.880434783,7367,965,0.13501847,69,164,91,0.9479166667,Plato,Apology,Plato.,Apology of Socrates and Crito,https://babel.hathitrust.org/cgi/pt?id=hvd.32044018750620&seq=69
HXJA8T,urn:cts:greekLit:tlg0011.tlg004,ell,91,0.6437802883,31,123,3.230769231,6903,1608,0.2414000811,31,123,91,0.9784946237,Sophocles,Oedipus Tyrannus,Sophocles.,Tragoediae septem et deperditarum fragmenta.,https://babel.hathitrust.org/cgi/pt?id=hvd.hxja8t&seq=31
32044102855616,urn:cts:greekLit:tlg0059.tlg002,eng,93,0.6255930863,63,214,3.204301075,7350,959,0.1359119708,63,158,91,0.9479166667,Plato,Apology,Plato.,"Apology of Socrates and Crito, edited on the basis of Cron's edition",https://babel.hathitrust.org/cgi/pt?id=hvd.32044102855616&seq=63
HN3R1N,urn:cts:latinLit:phi0474.phi049,eng,100,0.6415469985,27,154,5.85,6630,1722,0.2661253409,50,140,91,1,"Cicero, Marcus Tullius",Tusculanae Disputationes,"Cicero, Marcus Tullius.","Tusculanarum disputationum liber primus, et Somnium scipionis,",https://babel.hathitrust.org/cgi/pt?id=hvd.hn3r1n&seq=50
32044102855608,urn:cts:greekLit:tlg0059.tlg002,eng,91,0.638668937,63,206,2.461538462,7133,960,0.1391214515,63,158,90,0.9375,Plato,Apology,Plato,Apology of Socrates and Crito,https://babel.hathitrust.org/cgi/pt?id=hvd.32044102855608&seq=63
32044102855624,urn:cts:greekLit:tlg0059.tlg002,eng,92,0.6091141411,63,216,3.510869565,7287,966,0.1378381225,63,158,90,0.9375,Plato,Apology,Plato,Apology of Socrates and Crito,https://babel.hathitrust.org/cgi/pt?id=hvd.32044102855624&seq=63
32044085190726,urn:cts:latinLit:phi0474.phi031,deu,99,0.6320617662,26,176,5.121212121,5540,1326,0.2474076767,77,167,90,0.989010989,"Cicero, Marcus Tullius",Pro T. Annio Milone,"Cicero, Marcus Tullius.",Rede für T. Annius Milo mit einleitung und commentar,https://babel.hathitrust.org/cgi/pt?id=hvd.32044085190726&seq=77
HN215K,urn:cts:latinLit:phi0474.phi017,lat,109,0.6666406042,117,871,8.201834862,8377,1464,0.2090227609,117,206,90,1,"Cicero, Marcus Tullius",Pro L. Flacco,"Cicero, Marcus Tullius.",M. Tulli Ciceronis Orationes,https://babel.hathitrust.org/cgi/pt?id=hvd.hn215k&seq=117
HXQ4J7,urn:cts:latinLit:phi0119.phi013,lat,90,0.6421024345,231,320,2.388888889,4877,1387,0.2918822301,231,320,90,1,"Plautus, Titus Maccius",Mostellaria,"Plautus, Titus Maccius.",M. Accii Plauti Comœdiæ.,https://babel.hathitrust.org/cgi/pt?id=hvd.hxq4j7&seq=231
HXQ2XM,urn:cts:greekLit:tlg0007.tlg113,ell,90,0.6739730611,11,100,2.611111111,4734,1339,0.2835407062,11,100,90,1,Plutarch,Amatorius,Plutarch.,"Ploutarchou tou Chairōneōs Ta ēthika = Plutarchi Chaeronensis Moralia, id est Opera, exceptis vitis, reliqua",https://babel.hathitrust.org/cgi/pt?id=hvd.hxq2xm&seq=11
32044098646383,urn:cts:latinLit:phi0119.phi013,lat,90,0.627868573,257,346,2.422222222,4818,1391,0.29646311,257,346,90,1,"Plautus, Titus Maccius",Mostellaria,"Plautus, Titus Maccius",M. Accii Plauti Comœdiæ.,https://babel.hathitrust.org/cgi/pt?id=hvd.32044098646383&seq=257
32044098646383,urn:cts:latinLit:phi0119.phi009,lat,90,0.6189625802,57,147,2.633333333,4758,1367,0.2957235659,57,147,90,0.989010989,"Plautus, Titus Maccius",Epidicus,"Plautus, Titus Maccius",M. Accii Plauti Comœdiæ.,https://babel.hathitrust.org/cgi/pt?id=hvd.32044098646383&seq=57
HXKCHW,urn:cts:greekLit:tlg0011.tlg006,eng,90,0.6589328689,37,396,2.577777778,7819,1437,0.1887533939,37,125,89,1,Sophocles,Philoctetes,Sophocles.,Sophocles,https://babel.hathitrust.org/cgi/pt?id=hvd.hxkchw&seq=37
HXIJRE,urn:cts:latinLit:phi0474.phi015,lat,89,0.6714027997,220,308,2.752808989,6522,1440,0.2283667094,220,308,89,1,"Cicero, Marcus Tullius",Pro P. Sulla,"Cicero, Marcus Tullius.",Ciceronis Orationes.,https://babel.hathitrust.org/cgi/pt?id=hvd.hxijre&seq=220
HW2C4U,urn:cts:latinLit:phi0631.phi001,deu,89,0.6831179652,305,481,2.528089888,4734,1262,0.2712044298,305,481,89,0.5028248588,Sallust,Catilinae Coniuratio,Sallust,"De bello Iugurthino liber. Für den Schulgebrauch,",https://babel.hathitrust.org/cgi/pt?id=hvd.hw2c4u&seq=305
HNXAWJ,urn:cts:greekLit:tlg0059.tlg022,ell,90,0.732705899,263,354,2.9,6704,1909,0.2908186538,263,351,89,1,Plato,Protagoras,Plato.,Ausgewählte Schriften : für den Schulgebrauch erklärt.,https://babel.hathitrust.org/cgi/pt?id=hvd.hnxawj&seq=263
HXJVMW,urn:cts:greekLit:tlg0006.tlg003,fra,90,0.6356553778,60,271,2.733333333,6008,1406,0.2388275753,183,271,89,1,Euripides,Medea,Euripides.,"Sept tragédies d'Euripide; texte grec, recension nouvelle avec un commentaire critique et explicatif,",https://babel.hathitrust.org/cgi/pt?id=hvd.hxjvmw&seq=183
HW2M7W,urn:cts:latinLit:stoa0089.stoa004,lat,89,0.6582179388,594,682,2.325842697,5247,866,0.1649041967,594,682,89,1,Claudian,de consulatu Stilichonis,"Claudianus, Claudius",Opera omnia,https://babel.hathitrust.org/cgi/pt?id=hvd.hw2m7w&seq=594
32044085113777,urn:cts:greekLit:tlg0006.tlg003,fra,90,0.6446965226,66,287,2.411111111,5905,1405,0.2431808316,199,287,89,1,Euripides,Medea,Euripides.,"Sept tragédies d'Euripide; texte grec, recension nouvelle avec un commentaire critique et explicatif,",https://babel.hathitrust.org/cgi/pt?id=hvd.32044085113777&seq=199
HW2M7P,urn:cts:latinLit:phi0474.phi031,lat,88,0.6757906216,12,99,2.784090909,5368,1298,0.256875187,12,99,88,1,"Cicero, Marcus Tullius",Pro T. Annio Milone,"Ernesti, Johann August","Clavis Ciceroniana, sive, Indices rerum et verborum philologico-critici in opera Ciceronis : accedunt Graeca Ciceronis necessariis observationibus illustrata",https://babel.hathitrust.org/cgi/pt?id=hvd.hw2m7p&seq=12
32044098646524,urn:cts:latinLit:phi0474.phi031,lat,88,0.6614748038,318,405,3.011363636,5216,1300,0.2636802119,318,405,88,1,"Cicero, Marcus Tullius",Pro T. Annio Milone,"Cicero, Marcus Tullius.",M. Tullii Ciceronis orationes,https://babel.hathitrust.org/cgi/pt?id=hvd.32044098646524&seq=318
HXQ4LI,urn:cts:latinLit:phi1348.abo016,lat,95,0.6313759856,173,636,5.136842105,6882,1170,0.1884141415,173,260,88,1,Suetonius,Nero,Suetonius,"C. Suetonii Tranquilli Duodecim Caesares, et minora quae supersunt opera; Baumgartenii-crusii commentario",https://babel.hathitrust.org/cgi/pt?id=hvd.hxq4li&seq=173
HW2M4Z,urn:cts:latinLit:phi0474.phi057,deu,89,0.6523067174,16,213,3.08988764,4476,1266,0.2805643815,21,213,88,0.4559585492,"Cicero, Marcus Tullius",Letters to Atticus,"Cicero, Marcus Tullius.",Epistulae selectae;,https://babel.hathitrust.org/cgi/pt?id=hvd.hw2m4z&seq=21
32044085113769,urn:cts:greekLit:tlg0006.tlg003,fra,88,0.6501394116,167,254,2.340909091,5695,1402,0.2530692594,167,254,88,1,Euripides,Medea,Euripides.,Sept tragédies. Texte grec recension nouvelle avec un commentaire critique et explicatif une introduction et des notices par Henri Weil.,https://babel.hathitrust.org/cgi/pt?id=hvd.32044085113769&seq=167
HXQ4J7,urn:cts:latinLit:phi0119.phi010,lat,88,0.6141162662,322,409,2.886363636,4786,1359,0.2933437313,322,409,88,1,"Plautus, Titus Maccius",Menaechmi,"Plautus, Titus Maccius.",M. Accii Plauti Comœdiæ.,https://babel.hathitrust.org/cgi/pt?id=hvd.hxq4j7&seq=322
32044072017270,urn:cts:latinLit:phi0631.phi001,deu,92,0.6844830943,19,301,2.826086957,7721,1267,0.1655543981,25,112,88,1,Sallust,Catilinae Coniuratio,Sallust,C. Sallusti Crispi De coniuratione Catilinae et De bello Iugurthino libri : ex historiarum libris quinque deperditis orationes et epistulae,https://babel.hathitrust.org/cgi/pt?id=hvd.32044072017270&seq=25
HNKYAE,urn:cts:latinLit:phi0119.phi001,lat,97,0.6507449503,27,136,2.525773196,6342,1437,0.2369900683,27,115,88,0.9887640449,"Plautus, Titus Maccius",Amphitruo,"Plautus, Titus Maccius.",M. Accii Plauti Comoediæ : cum selectis variorum notis et novis commentariis,https://babel.hathitrust.org/cgi/pt?id=hvd.hnkyae&seq=27
32044085114775,urn:cts:greekLit:tlg0006.tlg003,fra,89,0.6494340624,25,121,2.348314607,5954,1409,0.2434692695,25,112,88,1,Euripides,Medea,Euripides.,"Médée; texte grec, recension nouvelle avec un commentaire critique et explicatif et une notice par Henri Weil.",https://babel.hathitrust.org/cgi/pt?id=hvd.32044085114775&seq=25
32044098646383,urn:cts:latinLit:phi0119.phi010,lat,88,0.6018541847,348,435,2.784090909,4729,1365,0.2980761089,348,435,88,1,"Plautus, Titus Maccius",Menaechmi,"Plautus, Titus Maccius",M. Accii Plauti Comœdiæ.,https://babel.hathitrust.org/cgi/pt?id=hvd.32044098646383&seq=348
32044051110401,urn:cts:greekLit:tlg0011.tlg001,fra,88,0.6167347405,629,848,2.534090909,6366,1191,0.1891325438,629,718,87,0.9666666667,Sophocles,Trachiniae,Sophocles.,"Les tragédies de Sophocle : text grec, publié d'après les travaux les plus récents de la philologie, avec un commentaire critique et explicatif, une introduction et une notice",https://babel.hathitrust.org/cgi/pt?id=hvd.32044051110401&seq=629
32044085190312,urn:cts:latinLit:phi0474.phi031,lat,89,0.6647509676,201,392,3.101123596,6283,1343,0.2207693768,210,298,87,0.9775280899,"Cicero, Marcus Tullius",Pro T. Annio Milone,"Cicero, Marcus Tullius.","Orationes VI : Pro Sulla, Pro Sextio, Pro Milone, Pro Archia P., Pro Ligario, et Pro Rege Deiotaro",https://babel.hathitrust.org/cgi/pt?id=hvd.32044085190312&seq=210
HNKYAF,urn:cts:latinLit:phi0119.phi013,lat,87,0.6127795701,459,545,2.804597701,5557,1340,0.2528434485,459,545,87,1,"Plautus, Titus Maccius",Mostellaria,"Plautus, Titus Maccius.",M. Accii Plauti Comoediæ : cum selectis variorum notis et novis commentariis,https://babel.hathitrust.org/cgi/pt?id=hvd.hnkyaf&seq=459
HXJUWV,urn:cts:latinLit:phi0119.phi013,lat,87,0.6214410179,459,545,2.574712644,5567,1342,0.2528936921,459,545,87,1,"Plautus, Titus Maccius",Mostellaria,"Plautus, Titus Maccius.",M. Accii Plauti Comoediæ : cum selectis variorum notis et novis commentariis,https://babel.hathitrust.org/cgi/pt?id=hvd.hxjuwv&seq=459
32044085080448,urn:cts:greekLit:tlg0085.tlg003,lat,88,0.6537976736,24,117,2.363636364,5442,1090,0.2086978427,31,117,87,1,Aeschylus,Prometheus Bound,Aeschylus.,Quæ supersunt omnia:,https://babel.hathitrust.org/cgi/pt?id=hvd.32044085080448&seq=31
HNDFJB,urn:cts:greekLit:tlg0059.tlg018,ell,90,0.6050887001,758,875,2.933333333,5698,970,0.1732741314,789,875,87,1,Plato,Charmides,Plato.,"Platōnos Menexenos, ekdotheis meta scholiōn",https://babel.hathitrust.org/cgi/pt?id=hvd.hndfjb&seq=789
HW1YBP,urn:cts:latinLit:phi0474.phi013,deu,88,0.7174436224,30,119,2.465909091,7856,1458,0.1850348073,30,116,87,1,"Cicero, Marcus Tullius",In Catilinam,"Cicero, Marcus Tullius.",Catilinarische Reden. Für den Schulgebrauch.,https://babel.hathitrust.org/cgi/pt?id=hvd.hw1ybp&seq=30
HXQ2XP,urn:cts:greekLit:tlg0007.tlg139,ell,87,0.6493384255,475,561,2.701149425,4633,1223,0.2650750268,475,561,87,1,Plutarch,Non Posse Suaviter Vivi Secundum Epicurum,Plutarch.,"Ploutarchou tou Chairōneōs Ta ēthika = Plutarchi Chaeronensis Moralia, id est Opera, exceptis vitis, reliqua",https://babel.hathitrust.org/cgi/pt?id=hvd.hxq2xp&seq=475
HN1ZA5,urn:cts:latinLit:phi0474.phi035,lat,90,0.6915979811,265,421,4.255555556,6659,1788,0.2686639385,336,421,86,1,"Cicero, Marcus Tullius",Philippicae,"Cicero, Marcus Tullius.",Ausgewæhlte reden.,https://babel.hathitrust.org/cgi/pt?id=hvd.hn1za5&seq=336
32044098646524,urn:cts:latinLit:phi0474.phi027,lat,86,0.6750007022,228,315,2.895348837,5133,1375,0.2773554198,228,315,86,0.9772727273,"Cicero, Marcus Tullius",In L. Calpurnium Pisonem,"Cicero, Marcus Tullius.",M. Tullii Ciceronis orationes,https://babel.hathitrust.org/cgi/pt?id=hvd.32044098646524&seq=228
HXJUWW,urn:cts:latinLit:phi0119.phi001,lat,95,0.6571008115,21,128,2.484210526,6206,1415,0.2382796373,21,107,86,0.9885057471,"Plautus, Titus Maccius",Amphitruo,"Plautus, Titus Maccius.",M. Accii Plauti Comoediæ : cum selectis variorum notis et novis commentariis,https://babel.hathitrust.org/cgi/pt?id=hvd.hxjuww&seq=21
HXJA97,urn:cts:greekLit:tlg0011.tlg006,ell,92,0.6197269699,17,425,4.260869565,6251,1534,0.2565876619,17,102,86,1,Sophocles,Philoctetes,Sophocles.,Sophocles quae exstant omnia cum veterum grammaticorum scholiis : superstites tragoedias VII ad optimorum exemplarium fidem,https://babel.hathitrust.org/cgi/pt?id=hvd.hxja97&seq=17
32044019280064,urn:cts:greekLit:tlg0059.tlg011,deu,86,0.6876244238,217,302,3.162790698,5702,1604,0.2848768368,217,302,86,1,Plato,Symposium,,[Plato. : Pamphlet vol.],https://babel.hathitrust.org/cgi/pt?id=hvd.32044019280064&seq=217
HW2M7O,urn:cts:latinLit:phi0474.phi027,lat,86,0.6716526765,498,583,3.558139535,5279,1376,0.2710069152,498,583,86,1,"Cicero, Marcus Tullius",In L. Calpurnium Pisonem,"Ernesti, Johann August","Clavis Ciceroniana, sive, Indices rerum et verborum philologico-critici in opera Ciceronis : accedunt Graeca Ciceronis necessariis observationibus illustrata",https://babel.hathitrust.org/cgi/pt?id=hvd.hw2m7o&seq=498
HW2MFE,urn:cts:latinLit:stoa0238.stoa005,lat,86,0.6843640257,426,514,2.395348837,5469,1142,0.2210375977,426,514,86,0.9662921348,Prudentius,Apotheosis,Prudentius,"Opera omnia, ex editione Parmensi, cum notis et interpretatione in usum Delphini variis lectionibus, notis variorum recensu editionum et codicum et indice locupletissimo accurate recensita.",https://babel.hathitrust.org/cgi/pt?id=hvd.hw2mfe&seq=426
HW2MFE,urn:cts:latinLit:stoa0238.stoa006,lat,87,0.6666086112,39,602,2.436781609,5969,1025,0.180062815,517,602,86,1,Prudentius,Hamartigenia,Prudentius,"Opera omnia, ex editione Parmensi, cum notis et interpretatione in usum Delphini variis lectionibus, notis variorum recensu editionum et codicum et indice locupletissimo accurate recensita.",https://babel.hathitrust.org/cgi/pt?id=hvd.hw2mfe&seq=517
HW2LGP,urn:cts:latinLit:phi0893.phi005,lat,88,0.616628392,15,476,3.329545455,7126,1469,0.206335804,391,476,86,1,Horace,Epistulae,Horace.,"Q. Horatii Flacci Eclogae : una cum scholiis perpetuis, tam veteribus quàm novis",https://babel.hathitrust.org/cgi/pt?id=hvd.hw2lgp&seq=391
HW2JMQ,urn:cts:greekLit:tlg0011.tlg004,ell,86,0.6698190266,43,128,2.73255814,5822,1531,0.2741413179,43,128,86,1,Sophocles,Oedipus Tyrannus,Sophocles.,"Sophoclis quae exstant omnia cum veterum grammaticorum scholiis : superstites tragoedias VII ad optimorum exemplarium fidem recensuit, versione et notis illustravit, deperditarum fragmenta collegit Rich. Franc. Phil. Brunck ; accedunt excerpta ex varietate lectionis quam continet editio Caroli Gottl. Augsti Erfurdt, Demetrii Triclinii scholia metrica et notae ineditiae C. Burneii.",https://babel.hathitrust.org/cgi/pt?id=hvd.hw2jmq&seq=43
32044020590717,urn:cts:latinLit:phi0474.phi017,lat,86,0.676626995,477,562,2.941860465,5160,1382,0.2766426431,477,562,86,1,"Cicero, Marcus Tullius",Pro L. Flacco,"Cicero, Marcus Tullius.",M. Tullii Ciceronis orationes,https://babel.hathitrust.org/cgi/pt?id=hvd.32044020590717&seq=477
HNKYAE,urn:cts:latinLit:phi0119.phi005,lat,86,0.6554243915,463,548,2.441860465,5722,1291,0.2324561159,463,548,86,1,"Plautus, Titus Maccius",Captivi,"Plautus, Titus Maccius.",M. Accii Plauti Comoediæ : cum selectis variorum notis et novis commentariis,https://babel.hathitrust.org/cgi/pt?id=hvd.hnkyae&seq=463
HW2M7N,urn:cts:latinLit:phi0474.phi017,lat,86,0.6773788548,241,326,2.906976744,5249,1382,0.2716423563,241,326,86,1,"Cicero, Marcus Tullius",Pro L. Flacco,"Ernesti, Johann August","Clavis Ciceroniana, sive, Indices rerum et verborum philologico-critici in opera Ciceronis : accedunt Graeca Ciceronis necessariis observationibus illustrata",https://babel.hathitrust.org/cgi/pt?id=hvd.hw2m7n&seq=241
HXG93X,urn:cts:greekLit:tlg0085.tlg001,lat,86,0.6046223359,385,470,2.918604651,7532,1177,0.1640809438,385,470,86,1,Aeschylus,Supplices,Aeschylus.,Tragœdiæ quæ supersunt.,https://babel.hathitrust.org/cgi/pt?id=hvd.hxg93x&seq=385
HNJXDF,urn:cts:latinLit:phi0474.phi028,deu,87,0.6744050101,21,117,3.643678161,8373,1263,0.1555923818,33,117,85,1,"Cicero, Marcus Tullius",Pro Cn. Plancio,"Cicero, Marcus Tullius.",Rede für Cn. Plancius.,https://babel.hathitrust.org/cgi/pt?id=hvd.hnjxdf&seq=33
32044085218709,urn:cts:latinLit:phi0975.phi001,deu,85,0.6382367682,14,99,4.2,6354,1495,0.237696071,14,99,85,0.988372093,Phaedrus,Fabulae,Phaedrus,Phaedri Fabulae für Schüler : mit Anmerkungen versehen,https://babel.hathitrust.org/cgi/pt?id=hvd.32044085218709&seq=14
HXJUNZ,urn:cts:latinLit:phi1348.abo014,lat,86,0.6514697388,35,620,3.5,4153,1180,0.2937825478,536,620,85,1,Suetonius,Caligula,Suetonius,Opera;,https://babel.hathitrust.org/cgi/pt?id=hvd.hxjunz&seq=536
32044085113736,urn:cts:greekLit:tlg0006.tlg002,lat,85,0.650741434,148,232,2.552941176,7237,1198,0.1692517619,148,232,85,1,Euripides,Alcestis,Euripides.,"Fabulæ quatuor, scilicet Hippolytus Coronifer, Alcestis, Iphigenia in Aulide, Iphigenia in Tauis.",https://babel.hathitrust.org/cgi/pt?id=hvd.32044085113736&seq=148
HW1YBP,urn:cts:latinLit:phi0474.phi031,deu,87,0.6833012431,231,326,3.149425287,8124,1234,0.1521130606,239,323,85,1,"Cicero, Marcus Tullius",Pro T. Annio Milone,"Cicero, Marcus Tullius.",Catilinarische Reden. Für den Schulgebrauch.,https://babel.hathitrust.org/cgi/pt?id=hvd.hw1ybp&seq=239
HNJWZA,urn:cts:latinLit:phi0893.phi005,fra,85,0.6669699902,315,399,3.482352941,6969,1483,0.2153854081,315,399,85,1,Horace,Epistulae,Horace.,Opera.,https://babel.hathitrust.org/cgi/pt?id=hvd.hnjwza&seq=315
HXQ2XP,urn:cts:greekLit:tlg0007.tlg140,ell,85,0.6118659054,567,651,3.564705882,4642,1248,0.2706660315,567,651,85,1,Plutarch,Adversus Coloten,Plutarch.,"Ploutarchou tou Chairōneōs Ta ēthika = Plutarchi Chaeronensis Moralia, id est Opera, exceptis vitis, reliqua",https://babel.hathitrust.org/cgi/pt?id=hvd.hxq2xp&seq=567
32044098646391,urn:cts:latinLit:phi0119.phi002,lat,84,0.6460677212,165,248,2.25,4448,1209,0.2786988838,165,248,84,1,"Plautus, Titus Maccius",Asinaria,"Plautus, Titus Maccius.",M. Accii Plauti Comœdiæ.,https://babel.hathitrust.org/cgi/pt?id=hvd.32044098646391&seq=165
HXQ2P6,urn:cts:greekLit:tlg0059.tlg024,ell,84,0.6436716571,13,97,2.595238095,6343,1447,0.2603556929,13,97,84,0.9882352941,Plato,Meno,Plato.,Platonis et quae vel Platonis esse feruntur vel Platonica solent comitari seripta graece omnia ad codices manuscriptos recensuit variasque inde lectiones,https://babel.hathitrust.org/cgi/pt?id=hvd.hxq2p6&seq=13
HNAJSB,urn:cts:greekLit:tlg0061.tlg001,lat,92,0.6084612174,167,656,4.739130435,5409,1133,0.2075757526,167,250,84,1,Pseudo-Lucian,Asinus,Lucian,Opera.,https://babel.hathitrust.org/cgi/pt?id=hvd.hnajsb&seq=167
HXJUWW,urn:cts:latinLit:phi0119.phi005,lat,84,0.6537686887,455,538,2.404761905,5611,1254,0.2308025506,455,538,84,1,"Plautus, Titus Maccius",Captivi,"Plautus, Titus Maccius.",M. Accii Plauti Comoediæ : cum selectis variorum notis et novis commentariis,https://babel.hathitrust.org/cgi/pt?id=hvd.hxjuww&seq=455
HXJUWW,urn:cts:latinLit:phi0119.phi006,lat,84,0.6048319983,577,660,2.904761905,5567,1093,0.205178827,577,660,84,1,"Plautus, Titus Maccius",Casina,"Plautus, Titus Maccius.",M. Accii Plauti Comoediæ : cum selectis variorum notis et novis commentariis,https://babel.hathitrust.org/cgi/pt?id=hvd.hxjuww&seq=577
HXKCHW,urn:cts:greekLit:tlg0011.tlg005,eng,86,0.699677865,133,222,3.058139535,7119,1471,0.2088334063,139,222,84,1,Sophocles,Electra,Sophocles.,Sophocles,https://babel.hathitrust.org/cgi/pt?id=hvd.hxkchw&seq=139
32044018878835,urn:cts:greekLit:tlg0011.tlg001,eng,90,0.6652385183,274,505,3.233333333,6800,1330,0.2079723629,417,500,84,1,Sophocles,Trachiniae,Sophocles.,"Plays, with original explanatory English notes.",https://babel.hathitrust.org/cgi/pt?id=hvd.32044018878835&seq=417
HXQ4J6,urn:cts:latinLit:phi0119.phi002,lat,84,0.6510277374,167,250,2.25,4469,1218,0.2793373379,167,250,84,1,"Plautus, Titus Maccius",Asinaria,"Plautus, Titus Maccius.",M. Accii Plauti Comœdiæ.,https://babel.hathitrust.org/cgi/pt?id=hvd.hxq4j6&seq=167
32044085113736,urn:cts:greekLit:tlg0006.tlg013,lat,84,0.610638037,353,436,3.523809524,6268,1459,0.2410901396,353,436,84,1,Euripides,Iphigenia in Tauris,Euripides.,"Fabulæ quatuor, scilicet Hippolytus Coronifer, Alcestis, Iphigenia in Aulide, Iphigenia in Tauis.",https://babel.hathitrust.org/cgi/pt?id=hvd.32044085113736&seq=353
HN1HRX,urn:cts:latinLit:phi0474.phi035,deu,85,0.7096135959,12,240,3.482352941,6482,1781,0.2783613453,75,240,84,0.5060240964,"Cicero, Marcus Tullius",Philippicae,"Cicero, Marcus Tullius.",Ausgewaehlte Reden,https://babel.hathitrust.org/cgi/pt?id=hvd.hn1hrx&seq=75
32044085227304,urn:cts:latinLit:phi0631.phi001,ita,84,0.7333180791,35,118,2.119047619,4816,1349,0.2835663945,35,118,84,1,Sallust,Catilinae Coniuratio,Sallust,Libri de Catilinae conjuratione et De bello Jugurthino;,https://babel.hathitrust.org/cgi/pt?id=hvd.32044085227304&seq=35
HXQ2QN,urn:cts:latinLit:phi0690.phi003,lat,85,0.6241458209,428,514,2.094117647,5613,752,0.1384331956,431,514,84,1,Virgil,Aeneid,,"Scriptores latini in usum Delphini, cum notis variorum variis lectionibus, conspectu codicum et editionum et indicibus locupletissimus accurate recensiti.",https://babel.hathitrust.org/cgi/pt?id=hvd.hxq2qn&seq=431
HNKYAE,urn:cts:latinLit:phi0119.phi006,lat,84,0.6056462207,587,670,2.773809524,5547,1089,0.2049133183,587,670,84,1,"Plautus, Titus Maccius",Casina,"Plautus, Titus Maccius.",M. Accii Plauti Comoediæ : cum selectis variorum notis et novis commentariis,https://babel.hathitrust.org/cgi/pt?id=hvd.hnkyae&seq=587
HN3SMT,urn:cts:latinLit:phi1351.phi002,deu,84,0.6062849388,21,105,2.369047619,5994,691,0.1160245478,21,105,84,0.9882352941,"Tacitus, Cornelius",Germania,"Tacitus, Cornelius.",Germania.,https://babel.hathitrust.org/cgi/pt?id=hvd.hn3smt&seq=21
HXJVD9,urn:cts:greekLit:tlg0010.tlg011,deu,84,0.7141045508,40,124,2.69047619,6462,1358,0.216897831,40,124,84,0.9882352941,Isocrates,Panegyricus,Isocrates.,"Ausgewählte Reden des Isokrates, Panegyrikos und Areopagitikos,",https://babel.hathitrust.org/cgi/pt?id=hvd.hxjvd9&seq=40
32044085113777,urn:cts:greekLit:tlg0006.tlg007,fra,87,0.6078606212,48,388,2.885057471,5585,1267,0.2294897658,305,388,84,1,Euripides,Hecuba,Euripides.,"Sept tragédies d'Euripide; texte grec, recension nouvelle avec un commentaire critique et explicatif,",https://babel.hathitrust.org/cgi/pt?id=hvd.32044085113777&seq=305
32044021076880,urn:cts:greekLit:tlg0006.tlg017,eng,83,0.7008670782,446,528,2.144578313,7149,1347,0.194009762,446,528,83,1,Euripides,Bacchae,Euripides.,Euripides.,https://babel.hathitrust.org/cgi/pt?id=hvd.32044021076880&seq=446
HXPP6R,urn:cts:greekLit:tlg0010.tlg011,ell,87,0.6384614894,60,826,4.32183908,7601,1358,0.190590735,188,272,83,0.9764705882,Isocrates,Panegyricus,"Dobson, William Stephen",Oratores attici et quos sic vocant sophistae.,https://babel.hathitrust.org/cgi/pt?id=hvd.hxpp6r&seq=188
HXQ4D7,urn:cts:latinLit:phi0631.phi001,lat,87,0.6798849785,30,141,3.045977011,5015,1394,0.2841881079,59,141,83,1,Sallust,Catilinae Coniuratio,Sallust,"C. Crispi Sallustii Opera omnia, ex editione Gottlieb Cortii,",https://babel.hathitrust.org/cgi/pt?id=hvd.hxq4d7&seq=59
HN3SVG,urn:cts:latinLit:phi0690.phi001,lat,83,0.6051261745,11,104,2.43373494,6178,856,0.1431005503,11,104,83,0.8829787234,Virgil,Eclogues,Virgil.,"P. Virgilius Maro in usum scholarum, ad Londinensem heynii editionem exactus.",https://babel.hathitrust.org/cgi/pt?id=hvd.hn3svg&seq=11
HXQ4Q6,urn:cts:latinLit:phi1017.phi004,lat,91,0.6246963955,119,570,3.483516484,6381,1068,0.1679744863,363,445,83,1,"Seneca, Lucius Annaeus",Medea,"Seneca, Lucius Annaeus","L. Annæ Senecæ, pars tertia; sive opera tragica quæ ad parisinos codices nondum collatos recensuit novisque commentariis illustravit, J. Pierrot.",https://babel.hathitrust.org/cgi/pt?id=hvd.hxq4q6&seq=363
HNJTT7,urn:cts:latinLit:phi0893.phi005,fra,84,0.6506110295,408,516,3.404761905,6320,1494,0.2361590936,408,490,83,1,Horace,Epistulae,Horace.,Q. Horatius Flaccus.,https://babel.hathitrust.org/cgi/pt?id=hvd.hnjtt7&seq=408
32044085190130,urn:cts:latinLit:phi0474.phi056,ita,83,0.6266967546,62,145,4.156626506,5107,1382,0.2754831197,62,145,83,0.9880952381,"Cicero, Marcus Tullius",Letters to his Friends,"Cicero, Marcus Tullius.",Epistulae selectae temporum ordine compositae;,https://babel.hathitrust.org/cgi/pt?id=hvd.32044085190130&seq=62
HW2MFV,urn:cts:latinLit:phi1348.abo015,lat,83,0.6104421374,107,189,2.807228916,5705,892,0.1638767048,107,189,83,1,Suetonius,Divus Claudius,Suetonius,"Opera omnia, ex editione Baumgarten-Crusii, cum notis et interpretatione in usum Delphini variis lectionibus, notis variorum recensu editionum et codicum et indice locupletissimo accurate recensita.",https://babel.hathitrust.org/cgi/pt?id=hvd.hw2mfv&seq=107
32044085113769,urn:cts:greekLit:tlg0006.tlg005,fra,83,0.62996586,69,151,2.78313253,4957,1424,0.2905887581,69,151,83,1,Euripides,Hippolytus,Euripides.,Sept tragédies. Texte grec recension nouvelle avec un commentaire critique et explicatif une introduction et des notices par Henri Weil.,https://babel.hathitrust.org/cgi/pt?id=hvd.32044085113769&seq=69
32044085113769,urn:cts:greekLit:tlg0006.tlg007,fra,84,0.6315806169,44,355,2.464285714,5498,1271,0.2379838595,273,355,83,1,Euripides,Hecuba,Euripides.,Sept tragédies. Texte grec recension nouvelle avec un commentaire critique et explicatif une introduction et des notices par Henri Weil.,https://babel.hathitrust.org/cgi/pt?id=hvd.32044085113769&seq=273
32044085081420,urn:cts:greekLit:tlg0085.tlg001,lat,83,0.6210334343,20,105,2.939759036,6774,987,0.1491745361,20,105,83,0.9651162791,Aeschylus,Supplices,Aeschylus.,Supplices.,https://babel.hathitrust.org/cgi/pt?id=hvd.32044085081420&seq=20
32044085209567,urn:cts:latinLit:phi0550.phi001,fra,88,0.6604053533,12,120,3.977272727,6238,1449,0.2314667347,38,120,83,1,Lucretius,De Rerum Natura,"Lucretius Carus, Titus.","De la nature, ve livre;",https://babel.hathitrust.org/cgi/pt?id=hvd.32044085209567&seq=38
HXQ4EG,urn:cts:latinLit:phi1348.abo015,lat,85,0.6107521068,9,646,3.082352941,5784,897,0.163487001,9,91,83,1,Suetonius,Divus Claudius,Suetonius,"Opera omnia, ex editione Baumgarten-Crusii, cum notis et interpretatione in usum Delphini variis lectionibus, notis variorum recensu editionum et codicum et indice locupletissimo accurate recensita.",https://babel.hathitrust.org/cgi/pt?id=hvd.hxq4eg&seq=9
HXJVMW,urn:cts:greekLit:tlg0006.tlg007,fra,85,0.6163668361,52,371,3.047058824,5731,1274,0.2284163696,289,371,83,1,Euripides,Hecuba,Euripides.,"Sept tragédies d'Euripide; texte grec, recension nouvelle avec un commentaire critique et explicatif,",https://babel.hathitrust.org/cgi/pt?id=hvd.hxjvmw&seq=289
HXJVMW,urn:cts:greekLit:tlg0006.tlg005,fra,83,0.6359521413,85,167,2.698795181,4987,1420,0.2885073539,85,167,83,1,Euripides,Hippolytus,Euripides.,"Sept tragédies d'Euripide; texte grec, recension nouvelle avec un commentaire critique et explicatif,",https://babel.hathitrust.org/cgi/pt?id=hvd.hxjvmw&seq=85
HNJXDN,urn:cts:latinLit:phi0474.phi031,deu,85,0.6502480485,25,120,3.929411765,8196,1228,0.1514317446,33,116,83,0.9880952381,"Cicero, Marcus Tullius",Pro T. Annio Milone,"Cicero, Marcus Tullius.",Ciceros Rede für T. Annius Milo : für den Schul- und Privatgebrauch,https://babel.hathitrust.org/cgi/pt?id=hvd.hnjxdn&seq=33
HXJVDE,urn:cts:greekLit:tlg0062.tlg053,ell,83,0.6724395787,45,127,2.072289157,3802,938,0.2489067039,45,127,83,1,Lucian of Samosata,Quomodo historia conscribenda sit,Lucian,Lucianus Samosatensis,https://babel.hathitrust.org/cgi/pt?id=hvd.hxjvde&seq=45
HN2225,urn:cts:latinLit:phi0969.phi001,lat,83,0.6060439842,345,428,2.373493976,5488,694,0.1295061843,345,428,83,0.9880952381,Persius,Saturae,Juvenal,"Decii Junii Juvenalis et A. Persii Flacci satyrae,",https://babel.hathitrust.org/cgi/pt?id=hvd.hn2225&seq=345
32044085114486,urn:cts:greekLit:tlg0006.tlg005,fra,83,0.6284755311,25,107,2.831325301,4959,1430,0.2911162475,25,107,83,1,Euripides,Hippolytus,Euripides.,Hippolyte.,https://babel.hathitrust.org/cgi/pt?id=hvd.32044085114486&seq=25
HW2M5K,urn:cts:latinLit:phi0474.phi035,lat,89,0.6444194715,34,547,4.134831461,6362,1825,0.2994200844,429,512,83,0.9880952381,"Cicero, Marcus Tullius",Philippicae,"Cicero, Marcus Tullius.",Orationes quaedam selectae,https://babel.hathitrust.org/cgi/pt?id=hvd.hw2m5k&seq=429
HN64GI,urn:cts:latinLit:phi0893.phi005,lat,82,0.6790858978,309,390,2.841463415,5723,1510,0.2739082746,309,390,82,1,Horace,Epistulae,Horace.,"Carmina,",https://babel.hathitrust.org/cgi/pt?id=hvd.hn64gi&seq=309
HXJUNP,urn:cts:latinLit:phi1348.abo016,lat,84,0.6767710977,515,844,3.107142857,5105,1380,0.2941632112,515,597,82,0.9879518072,Suetonius,Nero,Suetonius,C. Suetoni Tranquilli Opera;,https://babel.hathitrust.org/cgi/pt?id=hvd.hxjunp&seq=515
HW2IVW,urn:cts:greekLit:tlg0014.tlg020,ell,83,0.65410387,420,504,3.469879518,6357,1378,0.2219780202,423,504,82,1,Demosthenes,Against Leptines,Demosthenes.,Ausgewählte reden des Demosthenes,https://babel.hathitrust.org/cgi/pt?id=hvd.hw2ivw&seq=423
HN324J,urn:cts:greekLit:tlg0085.tlg002,lat,84,0.6434084928,35,186,2.702380952,5933,1109,0.1903993907,35,116,82,1,Aeschylus,Persians,Aeschylus.,Persæ.,https://babel.hathitrust.org/cgi/pt?id=hvd.hn324j&seq=35
HN65KD,urn:cts:latinLit:phi0893.phi005,lat,82,0.6353882653,328,409,3.658536585,6590,1456,0.2284527584,328,409,82,1,Horace,Epistulae,Horace.,"Carmina expurgata,",https://babel.hathitrust.org/cgi/pt?id=hvd.hn65kd&seq=328
HXKCHI,urn:cts:latinLit:stoa0089.stoa008,lat,82,0.6368806251,317,398,3.56097561,6064,1221,0.2102549353,317,398,82,1,Claudian,In Eutropium,"Claudianus, Claudius.",Cl. Claudiani quae exstant varietate lectionis et perpetua adnotatione,https://babel.hathitrust.org/cgi/pt?id=hvd.hxkchi&seq=317
HW42J5,urn:cts:greekLit:tlg0085.tlg001,eng,83,0.6199615938,22,138,2.481927711,7941,984,0.1257132695,57,138,82,1,Aeschylus,Supplices,Aeschylus.,The tragedies of Aeschylus,https://babel.hathitrust.org/cgi/pt?id=hvd.hw42j5&seq=57
32044085234409,urn:cts:latinLit:phi1351.phi002,lat,85,0.6821687072,19,129,1.964705882,3641,1015,0.2787415009,31,129,82,0.8282828283,"Tacitus, Cornelius",Germania,"Tacitus, Cornelius.","De situ, moribus et populis Germaniae.",https://babel.hathitrust.org/cgi/pt?id=hvd.32044085234409&seq=31
HN1ZD6,urn:cts:latinLit:phi0474.phi035,lat,84,0.6753459966,34,512,2.976190476,5980,1689,0.296078044,429,512,82,0.9761904762,"Cicero, Marcus Tullius",Philippicae,"Cicero, Marcus Tullius.",[Orationes quaedam selectae cum interpretatione et notis quas in usum Delphini editit Carolus Merouille. Quibus praefigitur vita Ciceronis. Accesserunt Dialogi de Senectute & de Amicitia.,https://babel.hathitrust.org/cgi/pt?id=hvd.hn1zd6&seq=429
HN25U8,urn:cts:greekLit:tlg0014.tlg020,ell,82,0.6281279304,179,262,4.073170732,6452,1378,0.2199068499,182,262,81,1,Demosthenes,Against Leptines,Demosthenes,Ausgewählte reden des Demosthenes,https://babel.hathitrust.org/cgi/pt?id=hvd.hn25u8&seq=182
HXJUWW,urn:cts:latinLit:phi0119.phi002,lat,81,0.6418462427,171,251,2.518518519,5314,1199,0.2366921876,171,251,81,1,"Plautus, Titus Maccius",Asinaria,"Plautus, Titus Maccius.",M. Accii Plauti Comoediæ : cum selectis variorum notis et novis commentariis,https://babel.hathitrust.org/cgi/pt?id=hvd.hxjuww&seq=171
HW2MG6,urn:cts:latinLit:phi0690.phi003,lat,98,0.6020586647,13,647,4.642857143,6277,992,0.1751190432,13,93,81,1,Virgil,Aeneid,Virgil,"P. Virgilii Maronis Opera omnia : ex editione Heyniana cum notiset interpretatione in usum Delphini, variis lectionibus, notis variorum, excursibus Heynianis, recensu editionum et codicum et indice locupletissimo accurate recensita.",https://babel.hathitrust.org/cgi/pt?id=hvd.hw2mg6&seq=13
HN3SCU,urn:cts:greekLit:tlg0007.tlg051,ell,81,0.7526410948,633,713,2.234567901,6492,1616,0.2539908907,633,713,81,1,Plutarch,Agis and Cleomenes,Plutarch,"Ausgewählte Biographieen des Plutarch,",https://babel.hathitrust.org/cgi/pt?id=hvd.hn3scu&seq=633
HW2JMR,urn:cts:greekLit:tlg0011.tlg006,ell,87,0.6062162925,13,366,4.75862069,6020,1525,0.2639112423,13,93,81,1,Sophocles,Philoctetes,Sophocles.,"Sophoclis quae exstant omnia cum veterum grammaticorum scholiis : superstites tragoedias VII ad optimorum exemplarium fidem recensuit, versione et notis illustravit, deperditarum fragmenta collegit Rich. Franc. Phil. Brunck ; accedunt excerpta ex varietate lectionis quam continet editio Caroli Gottl. Augsti Erfurdt, Demetrii Triclinii scholia metrica et notae ineditiae C. Burneii.",https://babel.hathitrust.org/cgi/pt?id=hvd.hw2jmr&seq=13
AH5JEK,urn:cts:greekLit:tlg0527.tlg056,ell,81,0.6421471269,17,100,2.530864198,4333,1003,0.2350748372,17,100,81,0.9642857143,Old Testament,Daniel,,[Daniel kata tous Ebdomekonta] : e codice Chisiano post Segaarium,https://babel.hathitrust.org/cgi/pt?id=hvd.ah5jek&seq=17
HNKYAE,urn:cts:latinLit:phi0119.phi002,lat,82,0.6373855243,12,259,2.804878049,5376,1203,0.23409425,179,259,81,1,"Plautus, Titus Maccius",Asinaria,"Plautus, Titus Maccius.",M. Accii Plauti Comoediæ : cum selectis variorum notis et novis commentariis,https://babel.hathitrust.org/cgi/pt?id=hvd.hnkyae&seq=179
HN2NQ1,urn:cts:latinLit:phi0914.phi001,ita,80,0.6908756085,33,112,2.9375,5537,1262,0.2329890677,33,112,80,1,Titus Livius (Livy),Ab urbe condita,Livy.,"L'assedio di Siracusa, [selections from books xxiv and xxv];",https://babel.hathitrust.org/cgi/pt?id=hvd.hn2nq1&seq=33
32044021076880,urn:cts:greekLit:tlg0006.tlg012,eng,80,0.725087236,357,436,2.0625,6692,1343,0.2066188011,357,436,80,1,Euripides,Electra,Euripides.,Euripides.,https://babel.hathitrust.org/cgi/pt?id=hvd.32044021076880&seq=357
HW2BKM,urn:cts:greekLit:tlg0085.tlg006,ell,80,0.6849611651,141,220,2.05,4749,1049,0.2302950163,141,220,80,1,Aeschylus,Libation Bearers,Aeschylus.,"Aischylou Oresteia = Aeschyli Orestea: Agamemnon, Choephori, Eumenides",https://babel.hathitrust.org/cgi/pt?id=hvd.hw2bkm&seq=141
HW3279,urn:cts:greekLit:tlg0011.tlg002,dan,80,0.6275267084,25,104,4.1125,6152,1308,0.2143387457,25,104,80,1,Sophocles,Antigone,Sophocles.,"Antigone,",https://babel.hathitrust.org/cgi/pt?id=hvd.hw3279&seq=25
HXJWPJ,urn:cts:greekLit:tlg0062.tlg066,ell,115,0.6179052318,240,478,3.095652174,5909,1466,0.2606206125,397,478,80,0.9756097561,Lucian of Samosata,Dialogi mortuorum,Lucian,Lucianus Samosatensis,https://babel.hathitrust.org/cgi/pt?id=hvd.hxjwpj&seq=397
32044085080448,urn:cts:greekLit:tlg0085.tlg006,lat,84,0.6537046902,13,346,2.69047619,4868,1075,0.2289093599,267,346,80,1,Aeschylus,Libation Bearers,Aeschylus.,Quæ supersunt omnia:,https://babel.hathitrust.org/cgi/pt?id=hvd.32044085080448&seq=267
HXJTXR,urn:cts:greekLit:tlg0019.tlg008,ell,80,0.6909096,13,92,2.3375,4497,1252,0.2844041828,13,92,80,1,Aristophanes,Thesmophoriazusae,Aristophanes.,Aristophanis Thesmophoriazusae;,https://babel.hathitrust.org/cgi/pt?id=hvd.hxjtxr&seq=13
HXQ2XM,urn:cts:greekLit:tlg0007.tlg121,ell,80,0.6190899131,347,426,3.4375,4245,1142,0.2710440901,347,426,80,1,Plutarch,Vitae decem oratorum,Plutarch.,"Ploutarchou tou Chairōneōs Ta ēthika = Plutarchi Chaeronensis Moralia, id est Opera, exceptis vitis, reliqua",https://babel.hathitrust.org/cgi/pt?id=hvd.hxq2xm&seq=347
32044085080455,urn:cts:greekLit:tlg0085.tlg002,eng,80,0.6893935262,293,377,2.25,7051,1232,0.1804789383,293,377,80,0.9411764706,Aeschylus,Persians,Aeschylus.,The tragedies.,https://babel.hathitrust.org/cgi/pt?id=hvd.32044085080455&seq=293
32044085080372,urn:cts:greekLit:tlg0085.tlg005,ell,80,0.6326315745,59,223,2.1,3885,963,0.2500913421,59,223,80,0.4848484848,Aeschylus,Agamemnon,Aeschylus.,Tragoediae recensitae et commentariis instructae.,https://babel.hathitrust.org/cgi/pt?id=hvd.32044085080372&seq=59
32044085234235,urn:cts:latinLit:phi1351.phi001,fra,80,0.6062647231,19,102,3.55,5788,969,0.1685125609,19,102,80,0.9523809524,"Tacitus, Cornelius",Agricola,"Tacitus, Cornelius.","De vita et moribus Julii Agricolae. Texte latin publié avec une notice [et] des notes en français,",https://babel.hathitrust.org/cgi/pt?id=hvd.32044085234235&seq=19
HXJA96,urn:cts:greekLit:tlg0011.tlg002,ell,79,0.7021347809,256,334,2.455696203,4956,1334,0.2774378215,256,334,79,1,Sophocles,Antigone,Sophocles.,Sophocles quae exstant omnia cum veterum grammaticorum scholiis : superstites tragoedias VII ad optimorum exemplarium fidem,https://babel.hathitrust.org/cgi/pt?id=hvd.hxja96&seq=256
HW2J2L,urn:cts:greekLit:tlg0006.tlg003,lat,80,0.6294335565,101,183,2.65,5474,1426,0.270824915,105,183,79,1,Euripides,Medea,Euripides.,"Euripides Tragoediae,",https://babel.hathitrust.org/cgi/pt?id=hvd.hw2j2l&seq=105
HW2JMT,urn:cts:greekLit:tlg0011.tlg006,ell,79,0.6310631729,409,487,3.430379747,5397,1498,0.292485183,409,487,79,1,Sophocles,Philoctetes,Sophocles.,Tragoediae septem. Cum versione Latina notis et deperditorum dramatum fragmentis ex editione Rich. Franc. Phil. Brunck.,https://babel.hathitrust.org/cgi/pt?id=hvd.hw2jmt&seq=409
HW2JMT,urn:cts:greekLit:tlg0011.tlg004,ell,79,0.6623983713,29,108,2.721518987,5326,1509,0.2960229871,29,108,79,0.9875,Sophocles,Oedipus Tyrannus,Sophocles.,Tragoediae septem. Cum versione Latina notis et deperditorum dramatum fragmentis ex editione Rich. Franc. Phil. Brunck.,https://babel.hathitrust.org/cgi/pt?id=hvd.hw2jmt&seq=29
HN3NP2,urn:cts:greekLit:tlg0059.tlg034,eng,93,0.6042385043,31,396,3.47311828,3782,1109,0.29243777,31,113,79,0.9518072289,Plato,Laws,Plato.,"Plato contra atheos . Plato against the atheists, or The tenth book of the Dialogue on laws, accompanied with critical notes, and followed by extended dissertations on some of the main points of the Platonic philosophy and theology, especially as compared with the Holy Scriptures.",https://babel.hathitrust.org/cgi/pt?id=hvd.hn3np2&seq=31
HX5PYM,urn:cts:greekLit:tlg0006.tlg003,eng,79,0.729763459,139,217,2.151898734,6384,1391,0.2285417693,139,217,79,1,Euripides,Medea,Euripides.,Euripides.,https://babel.hathitrust.org/cgi/pt?id=hvd.hx5pym&seq=139
HN6A49,urn:cts:latinLit:phi1351.phi001,fra,79,0.613572904,19,98,3.392405063,5748,957,0.1678736121,19,98,79,0.9875,"Tacitus, Cornelius",Agricola,"Tacitus, Cornelius.","De vita et moribus Julii Agricolae. Text latin publié avec une notice, un argument analytique des notes en français et une text",https://babel.hathitrust.org/cgi/pt?id=hvd.hn6a49&seq=19
32044020590717,urn:cts:latinLit:phi0474.phi014,lat,79,0.6835759312,397,476,2.987341772,4629,1332,0.2988952748,397,476,79,0.9875,"Cicero, Marcus Tullius",Pro L. Murena,"Cicero, Marcus Tullius.",M. Tullii Ciceronis orationes,https://babel.hathitrust.org/cgi/pt?id=hvd.32044020590717&seq=397
32044085227189,urn:cts:latinLit:phi0631.phi001,deu,81,0.7088990085,17,282,2.543209877,6650,1264,0.1938889081,23,101,79,1,Sallust,Catilinae Coniuratio,Sallust,"De coniuratione Catilinae ; et, De bello Iugurthino : libri ex historiarum libris quinque deperditis orationes et epistulae",https://babel.hathitrust.org/cgi/pt?id=hvd.32044085227189&seq=23
HW2M7N,urn:cts:latinLit:phi0474.phi014,lat,79,0.684627352,161,240,2.962025316,4713,1332,0.2937304353,161,240,79,0.9875,"Cicero, Marcus Tullius",Pro L. Murena,"Ernesti, Johann August","Clavis Ciceroniana, sive, Indices rerum et verborum philologico-critici in opera Ciceronis : accedunt Graeca Ciceronis necessariis observationibus illustrata",https://babel.hathitrust.org/cgi/pt?id=hvd.hw2m7n&seq=161
32044100860311,urn:cts:greekLit:tlg0031.tlg027,ell,78,0.6811912267,653,731,2.192307692,4150,919,0.2226321646,653,731,78,0.9873417722,New Testament,Apocalypse,,Novum Testamentum Graece et Latine,https://babel.hathitrust.org/cgi/pt?id=hvd.32044100860311&seq=653
HNK17V,urn:cts:latinLit:phi1017.phi015,fra,80,0.6693440449,12,126,3,4714,1299,0.2789501242,49,126,78,1,"Seneca, Lucius Annaeus",Epistulae,"Seneca, Lucius Annaeus",Lettres morales à Lucilius I-XV.,https://babel.hathitrust.org/cgi/pt?id=hvd.hnk17v&seq=49
32044098638919,urn:cts:latinLit:phi0959.phi008,lat,78,0.6297520139,477,554,2.653846154,4445,905,0.2066378626,477,554,78,1,Ovid,Tristia,Ovid,P. Ovidii Nasonis Opera omnia :,https://babel.hathitrust.org/cgi/pt?id=hvd.32044098638919&seq=477
32044054539382,urn:cts:latinLit:phi0474.phi020,eng,78,0.7653018747,365,442,2.064102564,6236,1676,0.2821720972,365,442,78,1,"Cicero, Marcus Tullius",De domo sua ad pontifices,"Cicero, Marcus Tullius.","M. Tullii Ciceronis orationes,",https://babel.hathitrust.org/cgi/pt?id=hvd.32044054539382&seq=365
HNJXEV,urn:cts:latinLit:phi0474.phi020,eng,78,0.7620740357,367,444,2.102564103,6258,1674,0.2808931255,367,444,78,1,"Cicero, Marcus Tullius",De domo sua ad pontifices,"Cicero, Marcus Tullius.","M. Tullii Ciceronis orationes,",https://babel.hathitrust.org/cgi/pt?id=hvd.hnjxev&seq=367
HNAJSB,urn:cts:greekLit:tlg0062.tlg044,lat,85,0.6271471491,89,558,4.070588235,4983,1172,0.2330804376,89,166,78,1,Lucian of Samosata,Toxaris vel amicitia,Lucian,Opera.,https://babel.hathitrust.org/cgi/pt?id=hvd.hnajsb&seq=89
HXKCHW,urn:cts:greekLit:tlg0011.tlg001,eng,79,0.6927082235,233,352,2.392405063,6873,1251,0.1871672898,233,310,78,1,Sophocles,Trachiniae,Sophocles.,Sophocles,https://babel.hathitrust.org/cgi/pt?id=hvd.hxkchw&seq=233
32044085228948,urn:cts:latinLit:phi1017.phi015,fra,80,0.6700102994,10,124,3,4688,1300,0.2808946902,47,124,78,1,"Seneca, Lucius Annaeus",Epistulae,"Seneca, Lucius Annaeus",Ad Lucilium epistolae morales i.-xvi.,https://babel.hathitrust.org/cgi/pt?id=hvd.32044085228948&seq=47
32044085190734,urn:cts:latinLit:phi0474.phi031,fra,82,0.6709693991,44,144,3.548780488,5376,1409,0.2710653383,57,134,78,1,"Cicero, Marcus Tullius",Pro T. Annio Milone,"Cicero, Marcus Tullius.","M. Tullii Ciceronis Oratio pro Milone : texte Latin etabli, annote et precede d'une introduction",https://babel.hathitrust.org/cgi/pt?id=hvd.32044085190734&seq=57
HW2JES,urn:cts:greekLit:tlg0010.tlg011,ell,82,0.7007085285,20,240,2.43902439,5783,1467,0.2631706069,33,110,78,1,Isocrates,Panegyricus,Isocrates.,Isocratis orationes commentariis instructae ab Io. Henr. Bremi ... Pars I.,https://babel.hathitrust.org/cgi/pt?id=hvd.hw2jes&seq=33
HXQ4DM,urn:cts:latinLit:phi1017.phi014,lat,81,0.6487335323,41,521,3.012345679,5458,1114,0.2081361755,442,521,78,0.975,"Seneca, Lucius Annaeus",De Clementia,"Seneca, Lucius Annaeus","L. Annæ Senecæ, pars prima; sive opera philosophica ...",https://babel.hathitrust.org/cgi/pt?id=hvd.hxq4dm&seq=442
AH5ICV,urn:cts:greekLit:tlg0031.tlg027,ell,84,0.6123783225,97,1687,2.797619048,4436,954,0.215492294,1604,1687,78,0.9285714286,New Testament,Apocalypse,,"Novum Testamentum graece / ad antiquos testes denuo recensuit, apparatum criticum omni studio perfectum apposuit, commentationem isagogicam praetexuit",https://babel.hathitrust.org/cgi/pt?id=hvd.ah5icv&seq=1604
HW42J5,urn:cts:greekLit:tlg0085.tlg004,eng,78,0.6360512503,311,388,2.487179487,7285,1059,0.147265535,311,388,78,1,Aeschylus,Seven Against Thebes,Aeschylus.,The tragedies of Aeschylus,https://babel.hathitrust.org/cgi/pt?id=hvd.hw42j5&seq=311
HW42J5,urn:cts:greekLit:tlg0085.tlg007,eng,78,0.6434350692,639,716,2.307692308,7271,955,0.1344543375,639,716,78,1,Aeschylus,Eumenides,Aeschylus.,The tragedies of Aeschylus,https://babel.hathitrust.org/cgi/pt?id=hvd.hw42j5&seq=639
32044085135192,urn:cts:greekLit:tlg0010.tlg011,ell,84,0.6728929062,48,278,2.785714286,5866,1472,0.2634925265,61,138,78,1,Isocrates,Panegyricus,Isocrates.,Isocratis orationes commentariis instructae ab Io. Henr. Bremi ... Pars I.,https://babel.hathitrust.org/cgi/pt?id=hvd.32044085135192&seq=61
HXJVTC,urn:cts:greekLit:tlg0014.tlg020,ell,79,0.618995558,438,518,4.189873418,6204,1376,0.2271452032,441,518,78,1,Demosthenes,Against Leptines,Demosthenes.,Ausgewählte reden des Demosthenes,https://babel.hathitrust.org/cgi/pt?id=hvd.hxjvtc&seq=441
HNJVSJ,urn:cts:latinLit:stoa0089.stoa011,lat,77,0.6391422579,241,317,2.324675325,4996,656,0.1320169631,241,317,77,1,Claudian,Panegyricus de quarto consulatu Honorii Augusti,"Claudianus, Claudius",Opera omnia,https://babel.hathitrust.org/cgi/pt?id=hvd.hnjvsj&seq=241
32044069760742,urn:cts:greekLit:tlg0031.tlg027,ell,77,0.6154232368,606,689,2.753246753,3964,847,0.2144588808,606,689,77,0.9166666667,New Testament,Apocalypse,,"Novum Testamentum graece / ad antiquos testes denuo recensuit, apparatum criticum omni studio perfectum apposuit, commentationem isagogicam praetexuit",https://babel.hathitrust.org/cgi/pt?id=hvd.32044069760742&seq=606
HXIJRD,urn:cts:latinLit:phi0474.phi009,lat,78,0.6159834203,17,338,3.384615385,6205,951,0.1641009757,17,94,77,0.9871794872,"Cicero, Marcus Tullius",De Imperio Cn. Pompei Ad Quirites,"Cicero, Marcus Tullius.",Ciceronis Orationes.,https://babel.hathitrust.org/cgi/pt?id=hvd.hxijrd&seq=17
HXIJRG,urn:cts:latinLit:phi0474.phi025,lat,77,0.6201961675,456,532,2.181818182,6142,716,0.1195183815,456,532,77,1,"Cicero, Marcus Tullius",De provinciis consularibus,"Cicero, Marcus Tullius.",Ciceronis Orationes.,https://babel.hathitrust.org/cgi/pt?id=hvd.hxijrg&seq=456
HXQ4J6,urn:cts:latinLit:phi0119.phi006,lat,77,0.623043455,495,571,2.441558442,4144,1114,0.2758127865,495,571,77,1,"Plautus, Titus Maccius",Casina,"Plautus, Titus Maccius.",M. Accii Plauti Comœdiæ.,https://babel.hathitrust.org/cgi/pt?id=hvd.hxq4j6&seq=495
32044100860279,urn:cts:greekLit:tlg0031.tlg027,ell,77,0.6494044093,606,689,2.324675325,3825,846,0.2224636314,606,689,77,0.9166666667,New Testament,Apocalypse,,"Novum Testamentum graece / ad antiquos testes denuo recensuit, apparatum criticum omni studio perfectum apposuit, commentationem isagogicam praetexuit",https://babel.hathitrust.org/cgi/pt?id=hvd.32044100860279&seq=606
32044085227171,urn:cts:latinLit:phi0631.phi001,lat,83,0.6803277982,48,370,4.590361446,6195,1292,0.2183182219,53,129,77,1,Sallust,Catilinae Coniuratio,Sallust,"Catilina, Iugurtha, Historiarum fragmenta.",https://babel.hathitrust.org/cgi/pt?id=hvd.32044085227171&seq=53
HN215K,urn:cts:latinLit:phi0474.phi015,lat,95,0.6534385167,210,861,8.221052632,7501,1248,0.1877303283,210,286,77,1,"Cicero, Marcus Tullius",Pro P. Sulla,"Cicero, Marcus Tullius.",M. Tulli Ciceronis Orationes,https://babel.hathitrust.org/cgi/pt?id=hvd.hn215k&seq=210
32044098638869,urn:cts:latinLit:stoa0089.stoa011,lat,77,0.6358810851,237,313,2.324675325,5018,654,0.131124667,237,313,77,1,Claudian,Panegyricus de quarto consulatu Honorii Augusti,"Claudianus, Claudius",Opera omnia,https://babel.hathitrust.org/cgi/pt?id=hvd.32044098638869&seq=237
32044009645177,urn:cts:latinLit:phi0119.phi010,deu,79,0.6009826505,22,106,4.506329114,7193,1212,0.1683768096,27,106,77,0.9625,"Plautus, Titus Maccius",Menaechmi,"Plautus, Titus Maccius","Ausgewählte Komödien des T. Maccius Plautus,",https://babel.hathitrust.org/cgi/pt?id=hvd.32044009645177&seq=27
32044097077762,urn:cts:latinLit:phi0474.phi052,eng,77,0.6381173851,33,109,3.766233766,4658,1259,0.2832670319,33,109,77,1,"Cicero, Marcus Tullius",De Amicitia,"Cicero, Marcus Tullius.","Laelius de amicitia,",https://babel.hathitrust.org/cgi/pt?id=hvd.32044097077762&seq=33
HW2M7W,urn:cts:latinLit:stoa0089.stoa011,lat,77,0.6350982114,243,319,2.376623377,5207,656,0.1272882694,243,319,77,1,Claudian,Panegyricus de quarto consulatu Honorii Augusti,"Claudianus, Claudius",Opera omnia,https://babel.hathitrust.org/cgi/pt?id=hvd.hw2m7w&seq=243
32044085234219,urn:cts:latinLit:phi1351.phi001,deu,81,0.6927244954,16,106,4.12345679,6657,998,0.1490692391,21,98,77,0.9871794872,"Tacitus, Cornelius",Agricola,"Tacitus, Cornelius",Der Agricola des Tacitus. Für den schulgebrauch erklärt von Ignaz Premmer ...,https://babel.hathitrust.org/cgi/pt?id=hvd.32044085234219&seq=21
HXJA96,urn:cts:greekLit:tlg0011.tlg001,ell,76,0.69374456,342,417,2.513157895,4656,1301,0.2852689394,342,417,76,1,Sophocles,Trachiniae,Sophocles.,Sophocles quae exstant omnia cum veterum grammaticorum scholiis : superstites tragoedias VII ad optimorum exemplarium fidem,https://babel.hathitrust.org/cgi/pt?id=hvd.hxja96&seq=342
32044085234698,urn:cts:latinLit:phi1351.phi002,deu,79,0.6013110852,13,101,3.050632911,7506,700,0.09377884679,25,101,76,0.987012987,"Tacitus, Cornelius",Germania,"Tacitus, Cornelius.",Tacitus' Germania.,https://babel.hathitrust.org/cgi/pt?id=hvd.32044085234698&seq=25
HXJUWW,urn:cts:latinLit:phi0119.phi003,lat,77,0.6075021298,111,334,2.974025974,4996,999,0.2090278732,259,334,76,1,"Plautus, Titus Maccius",Aulularia,"Plautus, Titus Maccius.",M. Accii Plauti Comoediæ : cum selectis variorum notis et novis commentariis,https://babel.hathitrust.org/cgi/pt?id=hvd.hxjuww&seq=259
32044098645336,urn:cts:latinLit:stoa0238.stoa006,lat,77,0.654010207,51,682,2.597402597,5420,862,0.1655858734,607,682,76,1,Prudentius,Hamartigenia,Prudentius,"Opera omnia, ex editione Parmensi, cum notis et interpretatione in usum Delphini variis lectionibus, notis variorum recensu editionum et codicum et indice locupletissimo accurate recensita.",https://babel.hathitrust.org/cgi/pt?id=hvd.32044098645336&seq=607
32044085114262,urn:cts:greekLit:tlg0006.tlg007,ell,76,0.6855401682,19,94,2.381578947,5454,1278,0.2511119151,19,94,76,1,Euripides,Hecuba,Euripides.,"Euripidis Hecuba,",https://babel.hathitrust.org/cgi/pt?id=hvd.32044085114262&seq=19
HW42J5,urn:cts:greekLit:tlg0085.tlg003,eng,76,0.6752083339,147,222,2.381578947,6800,1095,0.1649514056,147,222,76,1,Aeschylus,Prometheus Bound,Aeschylus.,The tragedies of Aeschylus,https://babel.hathitrust.org/cgi/pt?id=hvd.hw42j5&seq=147
32044085080455,urn:cts:greekLit:tlg0085.tlg007,eng,79,0.6968255246,831,916,2.17721519,6854,1114,0.1665195462,831,908,76,0.9743589744,Aeschylus,Eumenides,Aeschylus.,The tragedies.,https://babel.hathitrust.org/cgi/pt?id=hvd.32044085080455&seq=831
32044085080455,urn:cts:greekLit:tlg0085.tlg001,eng,77,0.6521148216,21,126,2.831168831,6981,995,0.1451129948,51,126,76,1,Aeschylus,Supplices,Aeschylus.,The tragedies.,https://babel.hathitrust.org/cgi/pt?id=hvd.32044085080455&seq=51
HN22F8,urn:cts:latinLit:phi1020.phi003,lat,76,0.7080513638,853,928,2.184210526,5490,1140,0.2109698715,853,928,76,1,"Statius, P. Papinius (Publius Papinius)",Achilleis,"Statius, P. Papinius",Publii Papinii Statii Sylvarum lib. V. ; Thebaidos lib. XII. ; Achilleidos lib. II.,https://babel.hathitrust.org/cgi/pt?id=hvd.hn22f8&seq=853
HXJVRH,urn:cts:greekLit:tlg0006.tlg007,lat,76,0.6638487072,198,273,2.710526316,6263,1275,0.2077189407,198,273,76,1,Euripides,Hecuba,Euripides.,Euripidis Tragoediae,https://babel.hathitrust.org/cgi/pt?id=hvd.hxjvrh&seq=198
HW42J4,urn:cts:greekLit:tlg0085.tlg007,eng,76,0.6415440825,619,694,2.565789474,7047,949,0.13674839,619,694,76,1,Aeschylus,Eumenides,Aeschylus.,The tragedies of Aeschylus,https://babel.hathitrust.org/cgi/pt?id=hvd.hw42j4&seq=619
32044085236909,urn:cts:latinLit:phi0134.phi005,eng,75,0.6131979982,415,489,2.373333333,6517,910,0.1418406658,415,489,75,1,Terence,Hecyra,Terence.,"The comedies of Terence : with text metrically arranged throughout, and copious English notes, original, and selected from the best commentators, ancient and modern, with prolegomena, etc.",https://babel.hathitrust.org/cgi/pt?id=hvd.32044085236909&seq=415
HW2IWJ,urn:cts:greekLit:tlg0006.tlg005,ell,75,0.6309258687,308,382,3.466666667,5942,1400,0.2417558438,308,382,75,1,Euripides,Hippolytus,Euripides.,"Euripidis Dramata,",https://babel.hathitrust.org/cgi/pt?id=hvd.hw2iwj&seq=308
HN25ER,urn:cts:greekLit:tlg0006.tlg017,deu,75,0.6134176467,46,123,2.693333333,5009,1347,0.2745042754,46,123,75,0.9615384615,Euripides,Bacchae,Euripides.,Ausgewählte Tragödien des Euripides / erklärt von F. G. Schöne.,https://babel.hathitrust.org/cgi/pt?id=hvd.hn25er&seq=46
HXQ2XN,urn:cts:greekLit:tlg0007.tlg129,ell,75,0.6159797124,391,496,3.946666667,3911,1069,0.2761125347,391,496,75,0.7075471698,Plutarch,De sollertia animalium,Plutarch.,"Ploutarchou tou Chairōneōs Ta ēthika = Plutarchi Chaeronensis Moralia, id est Opera, exceptis vitis, reliqua",https://babel.hathitrust.org/cgi/pt?id=hvd.hxq2xn&seq=391
HN4SL5,urn:cts:latinLit:phi0969.phi001,ita,75,0.6910629805,14,160,2.186666667,3370,640,0.1888148837,14,160,75,0.5102040816,Persius,Saturae,Persius,Aulo Persio Flacco tradotto in prosa col testo a fronte ed annotazioni corrispondenti dal sacerdote Luigi Bruni.,https://babel.hathitrust.org/cgi/pt?id=hvd.hn4sl5&seq=14
HW2JMQ,urn:cts:greekLit:tlg0011.tlg002,ell,76,0.674706866,239,404,2.828947368,4729,1349,0.294428904,239,313,75,1,Sophocles,Antigone,Sophocles.,"Sophoclis quae exstant omnia cum veterum grammaticorum scholiis : superstites tragoedias VII ad optimorum exemplarium fidem recensuit, versione et notis illustravit, deperditarum fragmenta collegit Rich. Franc. Phil. Brunck ; accedunt excerpta ex varietate lectionis quam continet editio Caroli Gottl. Augsti Erfurdt, Demetrii Triclinii scholia metrica et notae ineditiae C. Burneii.",https://babel.hathitrust.org/cgi/pt?id=hvd.hw2jmq&seq=239
HW2LTO,urn:cts:latinLit:phi0631.phi001,deu,77,0.7150168114,21,103,2.519480519,6069,1255,0.2103650194,29,103,75,1,Sallust,Catilinae Coniuratio,Sallust,"De Conjuratione Catalinae et De bello Jugurthino, libri ex historiarum libris quinque deperditis, orationes et epistolae.",https://babel.hathitrust.org/cgi/pt?id=hvd.hw2lto&seq=29
HN3SMX,urn:cts:latinLit:phi1002.phi001,deu,87,0.6231561372,78,236,5.620689655,7466,1748,0.2332748008,162,236,75,1,Quintilian,Institutio Oratoria,"Tacitus, Cornelius.",Das leben des Agricola.,https://babel.hathitrust.org/cgi/pt?id=hvd.hn3smx&seq=162
HXPP62,urn:cts:greekLit:tlg0020.tlg001,ell,78,0.6600968272,72,202,4.807692308,6015,1423,0.258028853,72,156,75,0.8823529412,Hesiod,Theogony,,Poetæ minores græci,https://babel.hathitrust.org/cgi/pt?id=hvd.hxpp62&seq=72
HNJXG9,urn:cts:latinLit:phi0474.phi038,lat,77,0.6548254928,11,104,4.480519481,6865,1111,0.167475759,30,104,74,0.9866666667,"Cicero, Marcus Tullius",Partitiones Oratoriae,"Cicero, Marcus Tullius.",Ciceros partitiones oratoriae,https://babel.hathitrust.org/cgi/pt?id=hvd.hnjxg9&seq=30
HXJVLE,urn:cts:latinLit:phi0474.phi051,lat,75,0.6791640826,491,683,2.706666667,4780,1170,0.2498540622,491,564,74,1,"Cicero, Marcus Tullius",De Senectute,"Cicero, Marcus Tullius.","M.T. Ciceronis quae exstant omnia opera, cum deperditorum fragmentis in quatuor partes divisa, item indices quinque novi et absolutissimi.",https://babel.hathitrust.org/cgi/pt?id=hvd.hxjvle&seq=491
HX5PYM,urn:cts:greekLit:tlg0006.tlg005,eng,75,0.7198794448,46,299,2.906666667,5710,1431,0.2562456745,226,299,74,1,Euripides,Hippolytus,Euripides.,Euripides.,https://babel.hathitrust.org/cgi/pt?id=hvd.hx5pym&seq=226
HXJUUK,urn:cts:latinLit:phi1351.phi002,eng,74,0.6269426622,26,99,2.432432432,6655,750,0.1184699722,26,99,74,1,"Tacitus, Cornelius",Germania,"Tacitus, Cornelius.",The Germania and Agricola of Tacitus,https://babel.hathitrust.org/cgi/pt?id=hvd.hxjuuk&seq=26
HN25FZ,urn:cts:greekLit:tlg0014.tlg020,ell,74,0.6512744952,159,233,3.391891892,5265,1379,0.2693186532,159,233,74,0.9866666667,Demosthenes,Against Leptines,Demosthenes,Ausgewählte reden des Demosthenes,https://babel.hathitrust.org/cgi/pt?id=hvd.hn25fz&seq=159
HXJVL6,urn:cts:latinLit:phi0474.phi024,lat,75,0.6910407536,177,256,2.4,4849,1197,0.2578587481,183,256,74,1,"Cicero, Marcus Tullius",Pro M. Caelio,"Cicero, Marcus Tullius.","M.T. Ciceronis quae exstant omnia opera, cum deperditorum fragmentis in quatuor partes divisa, item indices quinque novi et absolutissimi.",https://babel.hathitrust.org/cgi/pt?id=hvd.hxjvl6&seq=183
HXG948,urn:cts:greekLit:tlg0085.tlg003,ell,74,0.6116191299,23,96,2.594594595,3524,1041,0.2959085029,23,96,74,1,Aeschylus,Prometheus Bound,Æschylus.,Dramata quæ supersunt et deperditorum fragmenta graece et latine.,https://babel.hathitrust.org/cgi/pt?id=hvd.hxg948&seq=23
HW42J4,urn:cts:greekLit:tlg0085.tlg003,eng,74,0.6341774245,141,214,2.918918919,6737,1096,0.1672679399,141,214,74,1,Aeschylus,Prometheus Bound,Aeschylus.,The tragedies of Aeschylus,https://babel.hathitrust.org/cgi/pt?id=hvd.hw42j4&seq=141
HW2M7X,urn:cts:latinLit:stoa0089.stoa012,lat,75,0.6404865317,121,638,2.36,4756,690,0.1493111315,121,194,73,0.9864864865,Claudian,Panegyricus de sexto consulatu Honorii Augusti,"Claudianus, Claudius",Opera omnia,https://babel.hathitrust.org/cgi/pt?id=hvd.hw2m7x&seq=121
32044085191237,urn:cts:latinLit:phi0474.phi052,lat,73,0.6495953053,185,263,6.712328767,5329,1363,0.2791534681,185,263,73,0.9240506329,"Cicero, Marcus Tullius",De Amicitia,"Cicero, Marcus Tullius.",Cato major sive de senectute liber ...,https://babel.hathitrust.org/cgi/pt?id=hvd.32044085191237&seq=185
32044098646391,urn:cts:latinLit:phi0119.phi003,lat,74,0.6085414878,252,329,2.689189189,3873,1019,0.2679947947,252,325,73,0.9864864865,"Plautus, Titus Maccius",Aulularia,"Plautus, Titus Maccius.",M. Accii Plauti Comœdiæ.,https://babel.hathitrust.org/cgi/pt?id=hvd.32044098646391&seq=252
HN2XZ4,urn:cts:greekLit:tlg0085.tlg006,ell,73,0.646540426,79,151,2.424657534,3946,1048,0.2757558933,79,151,73,1,Aeschylus,Libation Bearers,Aeschylus.,"Fabulae. In libro mediceo mendose scriptae ex VV.DD. coniecturis emendatius editae cum scholiis graecis et brevi adnotatione critica,",https://babel.hathitrust.org/cgi/pt?id=hvd.hn2xz4&seq=79
HXQ4J6,urn:cts:latinLit:phi0119.phi003,lat,74,0.6109956626,254,331,2.716216216,3878,1017,0.267032972,254,327,73,0.9864864865,"Plautus, Titus Maccius",Aulularia,"Plautus, Titus Maccius.",M. Accii Plauti Comœdiæ.,https://babel.hathitrust.org/cgi/pt?id=hvd.hxq4j6&seq=254
HNJVSK,urn:cts:latinLit:stoa0089.stoa012,lat,73,0.6517531705,279,352,2.178082192,4515,686,0.1537867435,279,352,73,0.9864864865,Claudian,Panegyricus de sexto consulatu Honorii Augusti,"Claudianus, Claudius",Opera omnia,https://babel.hathitrust.org/cgi/pt?id=hvd.hnjvsk&seq=279
HXJUUK,urn:cts:latinLit:phi1351.phi001,eng,73,0.6683711508,107,179,2.397260274,6452,943,0.153898755,107,179,73,1,"Tacitus, Cornelius",Agricola,"Tacitus, Cornelius.",The Germania and Agricola of Tacitus,https://babel.hathitrust.org/cgi/pt?id=hvd.hxjuuk&seq=107
HXJHA8,urn:cts:greekLit:tlg0085.tlg006,deu,76,0.6310046782,331,412,4.868421053,6476,1066,0.1655646644,331,403,73,1,Aeschylus,Libation Bearers,Aeschylus.,Orestie.,https://babel.hathitrust.org/cgi/pt?id=hvd.hxjha8&seq=331
HXQ2XK,urn:cts:greekLit:tlg0007.tlg112,ell,73,0.6172180335,478,552,4.04109589,3410,915,0.264689164,478,552,73,0.9733333333,Plutarch,Quaestiones Convivales,Plutarch.,"Ploutarchou tou Chairōneōs Ta ēthika = Plutarchi Chaeronensis Moralia, id est Opera, exceptis vitis, reliqua",https://babel.hathitrust.org/cgi/pt?id=hvd.hxq2xk&seq=478
HXQ2XK,urn:cts:greekLit:tlg0007.tlg107,ell,73,0.719502891,221,294,2.123287671,3814,1121,0.2936094828,221,294,73,0.9864864865,Plutarch,De Sera Numinis Vindicta,Plutarch.,"Ploutarchou tou Chairōneōs Ta ēthika = Plutarchi Chaeronensis Moralia, id est Opera, exceptis vitis, reliqua",https://babel.hathitrust.org/cgi/pt?id=hvd.hxq2xk&seq=221
32044085205995,urn:cts:latinLit:phi1276.phi001,deu,73,0.7103350466,46,127,2.04109589,3681,928,0.2548264168,46,127,73,0.8902439024,Juvenal,Saturae,Juvenal,"Chrestomathia Juvenaliana; mit besonderer Hervorhebung der römischen Alterthümer und kurzer Zusammenstellung der Hauptmomente aus der Sittengeschichte Roms unter den Kaisern,",https://babel.hathitrust.org/cgi/pt?id=hvd.32044085205995&seq=46
HW42J8,urn:cts:greekLit:tlg0085.tlg006,deu,75,0.6458005494,171,252,4.24,6424,1068,0.1675724255,171,243,73,1,Aeschylus,Libation Bearers,Aeschylus.,Äschylos Orestie,https://babel.hathitrust.org/cgi/pt?id=hvd.hw42j8&seq=171
HW42J8,urn:cts:greekLit:tlg0085.tlg007,deu,75,0.6301701684,259,339,3.813333333,6571,992,0.1529350957,259,331,73,1,Aeschylus,Eumenides,Aeschylus.,Äschylos Orestie,https://babel.hathitrust.org/cgi/pt?id=hvd.hw42j8&seq=259
32044098638877,urn:cts:latinLit:stoa0089.stoa012,lat,73,0.6359662844,275,348,2.219178082,4493,687,0.1546099405,275,348,73,0.9864864865,Claudian,Panegyricus de sexto consulatu Honorii Augusti,"Claudianus, Claudius",Opera omnia,https://babel.hathitrust.org/cgi/pt?id=hvd.32044098638877&seq=275
HW2039,urn:cts:latinLit:phi0474.phi014,deu,76,0.6913948526,17,141,3.657894737,6279,1193,0.1932577466,17,89,73,1,"Cicero, Marcus Tullius",Pro L. Murena,"Cicero, Marcus Tullius.",Reden für Lucius Murena und über die Consularprovinzen.,https://babel.hathitrust.org/cgi/pt?id=hvd.hw2039&seq=17
32044085191567,urn:cts:latinLit:phi0474.phi052,deu,74,0.7133836684,23,107,2.310810811,6109,1208,0.2018862879,23,99,72,0.9350649351,"Cicero, Marcus Tullius",De Amicitia,"Cicero, Marcus Tullius.",Laelius de amicitis,https://babel.hathitrust.org/cgi/pt?id=hvd.32044085191567&seq=23
32044054539382,urn:cts:latinLit:phi0474.phi013,eng,72,0.7316246951,30,101,2.25,5683,1370,0.2572314506,30,101,72,1,"Cicero, Marcus Tullius",In Catilinam,"Cicero, Marcus Tullius.","M. Tullii Ciceronis orationes,",https://babel.hathitrust.org/cgi/pt?id=hvd.32044054539382&seq=30
HXQ4LI,urn:cts:latinLit:phi1348.abo015,lat,78,0.6277884145,95,635,3.576923077,5639,951,0.187140897,95,166,72,1,Suetonius,Divus Claudius,Suetonius,"C. Suetonii Tranquilli Duodecim Caesares, et minora quae supersunt opera; Baumgartenii-crusii commentario",https://babel.hathitrust.org/cgi/pt?id=hvd.hxq4li&seq=95
HN3NNX,urn:cts:latinLit:phi0474.phi014,lat,73,0.687170843,18,96,3.287671233,5700,1200,0.2107255629,23,96,72,0.972972973,"Cicero, Marcus Tullius",Pro L. Murena,"Cicero, Marcus Tullius.",Ausgewæhlte reden.,https://babel.hathitrust.org/cgi/pt?id=hvd.hn3nnx&seq=23
HW2IWJ,urn:cts:greekLit:tlg0006.tlg008,ell,72,0.6112177715,512,583,3.722222222,5988,1167,0.2003430511,512,583,72,1,Euripides,Suppliants,Euripides.,"Euripidis Dramata,",https://babel.hathitrust.org/cgi/pt?id=hvd.hw2iwj&seq=512
HN5HEE,urn:cts:greekLit:tlg0014.tlg020,ell,72,0.7366311957,37,108,2.166666667,4919,1262,0.2637992396,37,108,72,1,Demosthenes,Against Leptines,Demosthenes,Les plaidoyers politiques,https://babel.hathitrust.org/cgi/pt?id=hvd.hn5hee&seq=37
HN2W4Z,urn:cts:greekLit:tlg0007.tlg112,ell,72,0.6011373411,479,552,4.361111111,3332,876,0.2610414154,479,552,72,0.972972973,Plutarch,Quaestiones Convivales,Plutarch.,"Ploutarchou tou Chairōneōs Ta ēthika = Plutarchi Chaeronensis Moralia, id est Opera, exceptis vitis, reliqua",https://babel.hathitrust.org/cgi/pt?id=hvd.hn2w4z&seq=479
HN2W4Z,urn:cts:greekLit:tlg0007.tlg107,ell,72,0.6936838192,222,294,2.236111111,3765,1100,0.2930300532,222,294,72,0.9863013699,Plutarch,De Sera Numinis Vindicta,Plutarch.,"Ploutarchou tou Chairōneōs Ta ēthika = Plutarchi Chaeronensis Moralia, id est Opera, exceptis vitis, reliqua",https://babel.hathitrust.org/cgi/pt?id=hvd.hn2w4z&seq=222
HW42J5,urn:cts:greekLit:tlg0085.tlg002,eng,72,0.6460224399,231,302,2.513888889,6632,1018,0.1570701377,231,302,72,1,Aeschylus,Persians,Aeschylus.,The tragedies of Aeschylus,https://babel.hathitrust.org/cgi/pt?id=hvd.hw42j5&seq=231
32044085189991,urn:cts:latinLit:phi0474.phi056,deu,114,0.6181621768,45,306,2.912280702,9116,1834,0.2067832701,135,214,72,0.9,"Cicero, Marcus Tullius",Letters to his Friends,"Cicero, Marcus Tullius.",Ausgewählte briefe;,https://babel.hathitrust.org/cgi/pt?id=hvd.32044085189991&seq=135
HXJVSQ,urn:cts:greekLit:tlg0014.tlg020,ell,73,0.7234801717,15,110,2.712328767,4949,1255,0.2589738032,39,110,72,1,Demosthenes,Against Leptines,Demosthenes.,"Les plaidovers politiques de Démosthène. Texte grec pub.d'après les travaux les plus récents de la philologie, avec un commentaire critique et explicatif, une préface et des notices sur chaque discours",https://babel.hathitrust.org/cgi/pt?id=hvd.hxjvsq&seq=39
32044100860311,urn:cts:greekLit:tlg0031.tlg007,ell,72,0.691916879,16,421,1.75,3731,663,0.1783326535,350,421,71,0.9861111111,New Testament,1 Corinthians,,Novum Testamentum Graece et Latine,https://babel.hathitrust.org/cgi/pt?id=hvd.32044100860311&seq=350
HNJXDE,urn:cts:latinLit:phi0474.phi002,deu,72,0.7438803576,21,94,2.361111111,6084,1445,0.239662865,24,94,71,1,"Cicero, Marcus Tullius",Pro S. Roscio Amerino,"Cicero, Marcus Tullius.",Rede für Sex. Roscius.,https://babel.hathitrust.org/cgi/pt?id=hvd.hnjxde&seq=24
32044021076880,urn:cts:greekLit:tlg0006.tlg006,eng,71,0.7282128589,277,347,2.084507042,5841,1258,0.2249200651,277,347,71,1,Euripides,Andromache,Euripides.,Euripides.,https://babel.hathitrust.org/cgi/pt?id=hvd.32044021076880&seq=277
32044021076880,urn:cts:greekLit:tlg0006.tlg007,eng,71,0.7167753351,536,607,2.549295775,5679,1249,0.2261403659,536,607,71,0.9861111111,Euripides,Hecuba,Euripides.,Euripides.,https://babel.hathitrust.org/cgi/pt?id=hvd.32044021076880&seq=536
HW2J4P,urn:cts:greekLit:tlg0014.tlg020,ell,71,0.6499090872,159,230,3.718309859,5099,1373,0.2782055897,159,230,71,0.9861111111,Demosthenes,Against Leptines,Demosthenes.,Ausgewählte reden des Demosthenes.,https://babel.hathitrust.org/cgi/pt?id=hvd.hw2j4p&seq=159
HXJHA8,urn:cts:greekLit:tlg0085.tlg007,deu,74,0.6185544701,419,497,5.054054054,6411,954,0.1502834424,419,489,71,1,Aeschylus,Eumenides,Aeschylus.,Orestie.,https://babel.hathitrust.org/cgi/pt?id=hvd.hxjha8&seq=419
32044052757838,urn:cts:greekLit:tlg0018.tlg025,ell,72,0.7243387048,30,381,2.569444444,4769,1274,0.2674161375,310,381,71,0.9861111111,Philo Judaeus,De Virtutibus,Philo,Philonis Alexandrini opera quae supersunt,https://babel.hathitrust.org/cgi/pt?id=hvd.32044052757838&seq=310
HXQ2XI,urn:cts:greekLit:tlg0007.tlg087,ell,71,0.6430392529,355,427,3.647887324,3728,1087,0.2903859114,355,427,71,0.9726027397,Plutarch,De Alexandri magni fortuna aut virtute,Plutarch.,"Ploutarchou tou Chairōneōs Ta ēthika = Plutarchi Chaeronensis Moralia, id est Opera, exceptis vitis, reliqua",https://babel.hathitrust.org/cgi/pt?id=hvd.hxq2xi&seq=355
HW1YBP,urn:cts:latinLit:phi0474.phi002,deu,72,0.7465288347,137,210,2.333333333,6048,1443,0.240514081,140,210,71,1,"Cicero, Marcus Tullius",Pro S. Roscio Amerino,"Cicero, Marcus Tullius.",Catilinarische Reden. Für den Schulgebrauch.,https://babel.hathitrust.org/cgi/pt?id=hvd.hw1ybp&seq=140
HW2JFY,urn:cts:greekLit:tlg0059.tlg018,lat,71,0.6676513751,111,181,2.901408451,5301,1185,0.2280310141,111,181,71,1,Plato,Charmides,Plato.,Platonis Opera omnia...,https://babel.hathitrust.org/cgi/pt?id=hvd.hw2jfy&seq=111
32044052932571,urn:cts:greekLit:tlg2018.tlg021,ell,72,0.6718022338,352,599,2.416666667,3855,1102,0.2974802061,352,422,71,1,Eusebius of Caesarea,Constantini imperatoris oratio ad coetum sanctorum,Eusebius,"Eusebii Pamphili de vita Constantini, libri IV. et panegyricus atque Constantini ad sanctorum coetum oratio : ex nova recognitione cum integro Henrici Valesii commentario selectis readingi strothii aliorumque observationibus",https://babel.hathitrust.org/cgi/pt?id=hvd.32044052932571&seq=352
HW2KHK,urn:cts:greekLit:tlg2018.tlg021,ell,72,0.6066112469,356,603,3.333333333,4119,1109,0.2783700367,356,426,71,1,Eusebius of Caesarea,Constantini imperatoris oratio ad coetum sanctorum,Eusebius,"Eusebii Pamphili de vita Constantini, libri IV. et panegyricus atque Constantini ad sanctorum coetum oratio : ex nova recognitione cum integro Henrici Valesii commentario selectis readingi strothii aliorumque observationibus",https://babel.hathitrust.org/cgi/pt?id=hvd.hw2khk&seq=356
HXCRMK,urn:cts:greekLit:tlg0019.tlg011,eng,72,0.681147626,44,196,4.375,4177,1192,0.2943185948,44,178,71,0.5259259259,Aristophanes,Wealth,Aristophanes.,[Comedies],https://babel.hathitrust.org/cgi/pt?id=hvd.hxcrmk&seq=44
HW2M7X,urn:cts:latinLit:stoa0089.stoa003,lat,72,0.6348360687,51,607,2.680555556,4618,671,0.1483889671,51,120,70,1,Claudian,de Bello Gothico,"Claudianus, Claudius",Opera omnia,https://babel.hathitrust.org/cgi/pt?id=hvd.hw2m7x&seq=51
HNAIF4,urn:cts:greekLit:tlg0033.tlg003,lat,71,0.6034347239,48,454,5.211267606,4282,900,0.2095423219,367,454,70,0.7954545455,Pindar,Nemean,Pindar.,"Pindari Carmina, prolegomenis et commentariis instructa,",https://babel.hathitrust.org/cgi/pt?id=hvd.hnaif4&seq=367
HW2BKM,urn:cts:greekLit:tlg0085.tlg007,ell,70,0.6789288026,225,295,2.228571429,4030,948,0.2454464589,225,295,70,0.985915493,Aeschylus,Eumenides,Aeschylus.,"Aischylou Oresteia = Aeschyli Orestea: Agamemnon, Choephori, Eumenides",https://babel.hathitrust.org/cgi/pt?id=hvd.hw2bkm&seq=225
32044085191252,urn:cts:latinLit:phi0474.phi052,eng,70,0.7163431206,112,181,2.242857143,4839,1168,0.2559581491,112,181,70,1,"Cicero, Marcus Tullius",De Amicitia,"Cicero, Marcus Tullius.","M. Tullii Ciceronis Cato Major sive De Senectute, Laelius sive De amicitia et Epistolae selectae.",https://babel.hathitrust.org/cgi/pt?id=hvd.32044085191252&seq=112
32044098645310,urn:cts:latinLit:stoa0238.stoa002,lat,77,0.6363821996,29,411,4.194805195,5001,1009,0.2173572221,29,98,70,1,Prudentius,Psychomachia,Prudentius,"Opera omnia, ex editione Parmensi, cum notis et interpretatione in usum Delphini variis lectionibus, notis variorum recensu editionum et codicum et indice locupletissimo accurate recensita.",https://babel.hathitrust.org/cgi/pt?id=hvd.32044098645310&seq=29
32044054757570,urn:cts:greekLit:tlg0018.tlg025,ell,71,0.7196429637,24,373,2.676056338,5105,1267,0.2485646536,304,373,70,1,Philo Judaeus,De Virtutibus,Philo,Philonis Alexandrini opera quae supersunt,https://babel.hathitrust.org/cgi/pt?id=hvd.32044054757570&seq=304
32044085191245,urn:cts:latinLit:phi0474.phi052,eng,70,0.7204917876,114,183,2.257142857,4831,1171,0.257476348,114,183,70,1,"Cicero, Marcus Tullius",De Amicitia,"Cicero, Marcus Tullius.","M. Tullii Ciceronis Cato Major sive De senectute; Laelius sive De amicitia, et Epistolae selectae.",https://babel.hathitrust.org/cgi/pt?id=hvd.32044085191245&seq=114
HXQ4LI,urn:cts:latinLit:phi1348.abo014,lat,80,0.6448344683,15,628,4.825,5565,1136,0.2265180132,18,87,70,1,Suetonius,Caligula,Suetonius,"C. Suetonii Tranquilli Duodecim Caesares, et minora quae supersunt opera; Baumgartenii-crusii commentario",https://babel.hathitrust.org/cgi/pt?id=hvd.hxq4li&seq=18
HXJUNP,urn:cts:latinLit:phi1348.abo015,lat,73,0.661017553,416,845,3.534246575,4517,1124,0.270658174,445,514,70,1,Suetonius,Divus Claudius,Suetonius,C. Suetoni Tranquilli Opera;,https://babel.hathitrust.org/cgi/pt?id=hvd.hxjunp&seq=445
HXJ99Y,urn:cts:greekLit:tlg0062.tlg023,lat,74,0.6365649971,21,121,2.716216216,2546,691,0.2831132214,21,90,70,1,Lucian of Samosata,Contemplantes,Lucian,Charon sive contemplantes;,https://babel.hathitrust.org/cgi/pt?id=hvd.hxj99y&seq=21
HNKYAF,urn:cts:latinLit:phi0119.phi014,lat,70,0.6602856771,551,620,2.528571429,4233,1187,0.2925341485,551,620,70,1,"Plautus, Titus Maccius",Persa,"Plautus, Titus Maccius.",M. Accii Plauti Comoediæ : cum selectis variorum notis et novis commentariis,https://babel.hathitrust.org/cgi/pt?id=hvd.hnkyaf&seq=551
HXJUWV,urn:cts:latinLit:phi0119.phi014,lat,70,0.6660566648,551,620,2.514285714,4217,1182,0.2920032903,551,620,70,1,"Plautus, Titus Maccius",Persa,"Plautus, Titus Maccius.",M. Accii Plauti Comoediæ : cum selectis variorum notis et novis commentariis,https://babel.hathitrust.org/cgi/pt?id=hvd.hxjuwv&seq=551
32044054757612,urn:cts:greekLit:tlg0018.tlg015,ell,75,0.7185628442,16,107,3.373333333,5285,1575,0.2972705737,38,107,70,1,Philo Judaeus,Quis Rerum Divinarum Heres Sit,Philo,Philonis Alexandrini opera quae supersunt,https://babel.hathitrust.org/cgi/pt?id=hvd.32044054757612&seq=38
32044054757604,urn:cts:greekLit:tlg0018.tlg025,ell,71,0.7194211353,26,375,2.633802817,5099,1269,0.2493559011,306,375,70,1,Philo Judaeus,De Virtutibus,Philo,Philonis Alexandrini opera quae supersunt,https://babel.hathitrust.org/cgi/pt?id=hvd.32044054757604&seq=306
HXIJRG,urn:cts:latinLit:phi0474.phi026,lat,70,0.638277511,533,604,2.442857143,5037,927,0.2003724689,533,604,70,0.9722222222,"Cicero, Marcus Tullius",Pro L. Cornelio Balbos,"Cicero, Marcus Tullius.",Ciceronis Orationes.,https://babel.hathitrust.org/cgi/pt?id=hvd.hxijrg&seq=533
32044029849254,urn:cts:greekLit:tlg0018.tlg015,ell,74,0.7280597509,14,105,2.810810811,5243,1569,0.2983772677,36,105,70,1,Philo Judaeus,Quis Rerum Divinarum Heres Sit,Philo,Philonis Alexandrini opera quae supersunt,https://babel.hathitrust.org/cgi/pt?id=hvd.32044029849254&seq=36
HXQ4FG,urn:cts:latinLit:stoa0238.stoa002,lat,79,0.6406378599,9,415,5.075949367,5223,1008,0.2100174379,9,78,70,1,Prudentius,Psychomachia,Prudentius,"Opera omnia, ex editione Parmensi, cum notis et interpretatione in usum Delphini variis lectionibus, notis variorum recensu editionum et codicum et indice locupletissimo accurate recensita.",https://babel.hathitrust.org/cgi/pt?id=hvd.hxq4fg&seq=9
HNJVSK,urn:cts:latinLit:stoa0089.stoa003,lat,70,0.6518480477,209,278,2.257142857,4366,666,0.1536182696,209,278,70,1,Claudian,de Bello Gothico,"Claudianus, Claudius",Opera omnia,https://babel.hathitrust.org/cgi/pt?id=hvd.hnjvsk&seq=209
HX5PYM,urn:cts:greekLit:tlg0006.tlg011,eng,71,0.7205237107,40,584,2.253521127,5487,1310,0.2430161516,515,584,70,1,Euripides,The Trojan Women,Euripides.,Euripides.,https://babel.hathitrust.org/cgi/pt?id=hvd.hx5pym&seq=515
HX5PYM,urn:cts:greekLit:tlg0006.tlg008,eng,72,0.6969781277,23,508,2.847222222,5690,1247,0.2243788068,438,508,70,0.985915493,Euripides,Suppliants,Euripides.,Euripides.,https://babel.hathitrust.org/cgi/pt?id=hvd.hx5pym&seq=438
32044085080448,urn:cts:greekLit:tlg0085.tlg007,lat,71,0.6826905383,14,421,2.23943662,4106,949,0.2395769003,351,421,70,0.985915493,Aeschylus,Eumenides,Aeschylus.,Quæ supersunt omnia:,https://babel.hathitrust.org/cgi/pt?id=hvd.32044085080448&seq=351
32044052757846,urn:cts:greekLit:tlg0018.tlg015,ell,75,0.720227577,16,107,3.346666667,5248,1575,0.2986248227,38,107,70,1,Philo Judaeus,Quis Rerum Divinarum Heres Sit,Philo,Philonis Alexandrini opera quae supersunt,https://babel.hathitrust.org/cgi/pt?id=hvd.32044052757846&seq=38
HN2W5I,urn:cts:greekLit:tlg0007.tlg076,lat,70,0.6537782551,579,652,2.785714286,3802,1088,0.2845198055,579,652,70,0.9459459459,Plutarch,Consolatio ad Apollonium,Plutarch.,"Ploutarchou tou Chairōneōs Ta ēthika = Plutarchi Chaeronensis Moralia, id est Opera, exceptis vitis, reliqua",https://babel.hathitrust.org/cgi/pt?id=hvd.hn2w5i&seq=579
HN22G7,urn:cts:latinLit:phi0631.phi001,deu,72,0.736655484,15,94,2.944444444,5473,1357,0.2497167632,25,94,70,1,Sallust,Catilinae Coniuratio,Sallust,De coniuratione Catilinae et De bello Iugurthino libri ex historiarum libris quinque deperditis orationes epistolae.,https://babel.hathitrust.org/cgi/pt?id=hvd.hn22g7&seq=25
32044055041784,urn:cts:greekLit:tlg0059.tlg025,lat,72,0.7154353098,563,778,2.763888889,4906,1264,0.270936562,569,638,70,1,Plato,Hippias Major,Plato.,"Platonis Opera omnia,",https://babel.hathitrust.org/cgi/pt?id=hvd.32044055041784&seq=569
32044085076065,urn:cts:greekLit:tlg2022.tlg003,lat,71,0.7252876045,528,618,3.577464789,8775,2569,0.2919232086,549,618,70,1,Gregory of Nazianzus,Christus Patiens [Dub.] (Fort. Auctore Constantino Manasse),Euripides.,"Fragmenta Euripidis iterum edidit, perditorum tragicorum omnium",https://babel.hathitrust.org/cgi/pt?id=hvd.32044085076065&seq=549
32044083853499,urn:cts:latinLit:phi0474.phi052,eng,70,0.7271416105,120,189,2.071428571,4743,1168,0.2610749773,120,189,70,1,"Cicero, Marcus Tullius",De Amicitia,"Cicero, Marcus Tullius.","M. Tullii Ciceronis Cato major, sive, De senectute ; Laelius, sive, De amicitia ; et epistolae selectae",https://babel.hathitrust.org/cgi/pt?id=hvd.32044083853499&seq=120
32044098638877,urn:cts:latinLit:stoa0089.stoa003,lat,70,0.6460711606,205,274,2.257142857,4334,667,0.1548709152,205,274,70,1,Claudian,de Bello Gothico,"Claudianus, Claudius",Opera omnia,https://babel.hathitrust.org/cgi/pt?id=hvd.32044098638877&seq=205
32044085191245,urn:cts:latinLit:phi0474.phi056,eng,70,0.6473687537,223,304,3.1,4356,1140,0.2721204572,227,304,69,0.8846153846,"Cicero, Marcus Tullius",Letters to his Friends,"Cicero, Marcus Tullius.","M. Tullii Ciceronis Cato Major sive De senectute; Laelius sive De amicitia, et Epistolae selectae.",https://babel.hathitrust.org/cgi/pt?id=hvd.32044085191245&seq=227
HNJXEV,urn:cts:latinLit:phi0474.phi013,eng,70,0.7179017829,34,607,3.257142857,5582,1329,0.2551589801,34,103,69,0.9857142857,"Cicero, Marcus Tullius",In Catilinam,"Cicero, Marcus Tullius.","M. Tullii Ciceronis orationes,",https://babel.hathitrust.org/cgi/pt?id=hvd.hnjxev&seq=34
HXJUNK,urn:cts:latinLit:stoa0255.stoa007,lat,69,0.6949049998,133,201,2.347826087,4547,1076,0.2464536996,133,201,69,1,"Seneca, Lucius Annaeus",de consolatione ad Marciam,"Seneca, Lucius Annaeus","L. Annæ Senecæ, pars prima; sive opera philosophica ...",https://babel.hathitrust.org/cgi/pt?id=hvd.hxjunk&seq=133
HXQ4Q6,urn:cts:latinLit:phi1017.phi007,lat,77,0.6190489981,477,573,4.337662338,4837,1029,0.2130966407,477,546,69,0.9857142857,"Seneca, Lucius Annaeus",Agamemnon,"Seneca, Lucius Annaeus","L. Annæ Senecæ, pars tertia; sive opera tragica quæ ad parisinos codices nondum collatos recensuit novisque commentariis illustravit, J. Pierrot.",https://babel.hathitrust.org/cgi/pt?id=hvd.hxq4q6&seq=477
HXQ4DP,urn:cts:latinLit:stoa0255.stoa007,lat,69,0.6934551331,125,193,2.376811594,4527,1078,0.2477117633,125,193,69,1,"Seneca, Lucius Annaeus",de consolatione ad Marciam,"Seneca, Lucius Annaeus","L. Annæ Senecæ, pars prima; sive opera philosophica ...",https://babel.hathitrust.org/cgi/pt?id=hvd.hxq4dp&seq=125
HW2C46,urn:cts:latinLit:phi1351.phi002,eng,69,0.6390561368,103,171,2.173913043,5906,702,0.1210511181,103,171,69,1,"Tacitus, Cornelius",Germania,"Tacitus, Cornelius.","The Agricola and Germania of Cornelius Tacitus, with explanatory notes and maps. Illustrated with numerous engravings.",https://babel.hathitrust.org/cgi/pt?id=hvd.hw2c46&seq=103
HNJXDP,urn:cts:latinLit:phi0474.phi031,deu,70,0.7166929833,22,97,3.057142857,4580,1220,0.2668593458,29,97,69,1,"Cicero, Marcus Tullius",Pro T. Annio Milone,"Cicero, Marcus Tullius.",Rede für T. Annius Milo.,https://babel.hathitrust.org/cgi/pt?id=hvd.hnjxdp&seq=29
AH54EV,urn:cts:greekLit:tlg0527.tlg008,ell,69,0.7101437117,17,85,2.188405797,4989,1302,0.2625642111,17,85,69,1,Old Testament,Judges,"Fritzsche, Otto Fridolin",Liber Iudicum secundum LXX interpretes : triplicem textus conformationem recensuit lectionis varietates enotavit interpretationis veteris Latinae fragmenta,https://babel.hathitrust.org/cgi/pt?id=hvd.ah54ev&seq=17
32044100860311,urn:cts:greekLit:tlg0031.tlg006,ell,69,0.6633810308,15,349,2.144927536,3530,704,0.2007280891,282,349,68,1,New Testament,Epistle to the Romans,,Novum Testamentum Graece et Latine,https://babel.hathitrust.org/cgi/pt?id=hvd.32044100860311&seq=282
HN1ZA5,urn:cts:latinLit:phi0474.phi031,lat,69,0.7055300884,162,296,2.376811594,5367,1154,0.2229739958,162,229,68,1,"Cicero, Marcus Tullius",Pro T. Annio Milone,"Cicero, Marcus Tullius.",Ausgewæhlte reden.,https://babel.hathitrust.org/cgi/pt?id=hvd.hn1za5&seq=162
32044085180917,urn:cts:latinLit:phi0620.phi001,eng,69,0.6215807732,135,560,3,6074,942,0.1565044587,135,202,68,1,"Propertius, Sextus",Elegiae,"Pinder, North",Selections from the less known latin poets,https://babel.hathitrust.org/cgi/pt?id=hvd.32044085180917&seq=135
HW2LU3,urn:cts:latinLit:phi0474.phi051,deu,68,0.6507230579,13,80,3.529411765,7790,951,0.1218546071,13,80,68,1,"Cicero, Marcus Tullius",De Senectute,"Cicero, Marcus Tullius.",M. Tullii Ciceronis Cato maior de senectute,https://babel.hathitrust.org/cgi/pt?id=hvd.hw2lu3&seq=13
HW3DKH,urn:cts:greekLit:tlg0020.tlg001,ell,70,0.6398503927,82,244,3.642857143,4385,1102,0.2750581344,82,150,68,0.9855072464,Hesiod,Theogony,,Poetae minores Graeci,https://babel.hathitrust.org/cgi/pt?id=hvd.hw3dkh&seq=82
32044100860279,urn:cts:greekLit:tlg0031.tlg007,ell,68,0.6225862904,313,382,2.25,3331,632,0.1914353473,313,382,68,0.9714285714,New Testament,1 Corinthians,,"Novum Testamentum graece / ad antiquos testes denuo recensuit, apparatum criticum omni studio perfectum apposuit, commentationem isagogicam praetexuit",https://babel.hathitrust.org/cgi/pt?id=hvd.32044100860279&seq=313
HW2MFE,urn:cts:latinLit:stoa0238.stoa002,lat,69,0.704470493,40,670,2.434782609,4265,969,0.2335674016,603,670,68,1,Prudentius,Psychomachia,Prudentius,"Opera omnia, ex editione Parmensi, cum notis et interpretatione in usum Delphini variis lectionibus, notis variorum recensu editionum et codicum et indice locupletissimo accurate recensita.",https://babel.hathitrust.org/cgi/pt?id=hvd.hw2mfe&seq=603
HXG92Z,urn:cts:greekLit:tlg0020.tlg001,ell,71,0.6452655376,78,683,4,4390,1110,0.2758748243,78,146,68,0.9855072464,Hesiod,Theogony,,Poetae minores Graeci,https://babel.hathitrust.org/cgi/pt?id=hvd.hxg92z&seq=78
HXJVDE,urn:cts:greekLit:tlg0062.tlg038,ell,68,0.6971180337,185,252,2.147058824,3134,901,0.2884360547,185,252,68,1,Lucian of Samosata,Alexander,Lucian,Lucianus Samosatensis,https://babel.hathitrust.org/cgi/pt?id=hvd.hxjvde&seq=185
HW2LT9,urn:cts:latinLit:phi0474.phi052,deu,68,0.6851463073,17,84,3.176470588,6187,1154,0.1925549867,17,84,68,1,"Cicero, Marcus Tullius",De Amicitia,"Cicero, Marcus Tullius.","M. Tulli Ciceronis Laelius; sive, De amicitia dialogus.",https://babel.hathitrust.org/cgi/pt?id=hvd.hw2lt9&seq=17
HN319T,urn:cts:greekLit:tlg0085.tlg003,lat,77,0.6276329127,19,207,3.207792208,5935,1175,0.1991339155,19,86,68,1,Aeschylus,Prometheus Bound,Aeschylus.,Aeschyli Prometheus vinctus,https://babel.hathitrust.org/cgi/pt?id=hvd.hn319t&seq=19
32044085172195,urn:cts:greekLit:tlg0093.tlg009,ell,67,0.6747607601,10,77,1.686567164,2605,738,0.2850541302,10,77,67,0.9852941176,Theophrastus,Characters,Theophrastus,Characteres emendaverunt et annotaverunt J.M.Fraenkel et P.Groeneboom.,https://babel.hathitrust.org/cgi/pt?id=hvd.32044085172195&seq=10
HW2IWJ,urn:cts:greekLit:tlg0006.tlg003,ell,67,0.6510946157,235,301,3.537313433,5096,1350,0.2750953803,235,301,67,1,Euripides,Medea,Euripides.,"Euripidis Dramata,",https://babel.hathitrust.org/cgi/pt?id=hvd.hw2iwj&seq=235
AH22L1,urn:cts:greekLit:tlg0031.tlg027,ell,72,0.6554269428,40,271,2.819444444,3803,998,0.2594503556,180,247,67,0.9852941176,New Testament,Apocalypse,,Die Johannes-Apokalypse : textkritische Untersuchungen und Textherstellung,https://babel.hathitrust.org/cgi/pt?id=hvd.ah22l1&seq=180
HNJVSK,urn:cts:latinLit:stoa0089.stoa008,lat,67,0.6638347543,13,79,2.298507463,3953,679,0.1732440454,13,79,67,1,Claudian,In Eutropium,"Claudianus, Claudius",Opera omnia,https://babel.hathitrust.org/cgi/pt?id=hvd.hnjvsk&seq=13
HXJVEL,urn:cts:greekLit:tlg0062.tlg066,ell,68,0.7057752029,111,252,2.941176471,5132,1423,0.2819886887,111,177,67,1,Lucian of Samosata,Dialogi mortuorum,Lucian,Ausgewählte Schriften des Lucian : Für den Schulgebrauch,https://babel.hathitrust.org/cgi/pt?id=hvd.hxjvel&seq=111
AH5ICV,urn:cts:greekLit:tlg0031.tlg007,ell,68,0.6036925562,300,1382,3.014705882,3319,641,0.1944488506,1313,1382,67,0.9571428571,New Testament,1 Corinthians,,"Novum Testamentum graece / ad antiquos testes denuo recensuit, apparatum criticum omni studio perfectum apposuit, commentationem isagogicam praetexuit",https://babel.hathitrust.org/cgi/pt?id=hvd.ah5icv&seq=1313
32044081722241,urn:cts:greekLit:tlg0031.tlg027,ell,72,0.6601739788,85,265,3.180555556,3841,998,0.2569536788,176,243,67,0.9852941176,New Testament,Apocalypse,,Die Johannes-Apokalypse : textkritische Untersuchungen und Textherstellung,https://babel.hathitrust.org/cgi/pt?id=hvd.32044081722241&seq=176
HW2C46,urn:cts:latinLit:phi1351.phi001,eng,67,0.6778937644,27,93,2.23880597,5254,851,0.1661383882,27,93,67,1,"Tacitus, Cornelius",Agricola,"Tacitus, Cornelius.","The Agricola and Germania of Cornelius Tacitus, with explanatory notes and maps. Illustrated with numerous engravings.",https://babel.hathitrust.org/cgi/pt?id=hvd.hw2c46&seq=27
32044085121796,urn:cts:greekLit:tlg0020.tlg002,ell,69,0.6231060884,43,197,3.463768116,3932,785,0.2022627761,129,197,67,0.9710144928,Hesiod,Works and Days,Hedsiodus.,Hesiodea quae supersunt Omnia,https://babel.hathitrust.org/cgi/pt?id=hvd.32044085121796&seq=129
HW20TM,urn:cts:greekLit:tlg0062.tlg066,ell,68,0.6994564052,121,262,2.970588235,5118,1429,0.2830832542,121,187,67,1,Lucian of Samosata,Dialogi mortuorum,Lucian,Ausgewählte Schriften des Lucian : Für den Schulgebrauch,https://babel.hathitrust.org/cgi/pt?id=hvd.hw20tm&seq=121
HN313P,urn:cts:latinLit:phi0969.phi001,eng,68,0.6088020538,30,492,3.147058824,6914,688,0.09953720473,417,492,67,0.8815789474,Persius,Saturae,Juvenal,Decii Junii Juvenalis et A. Persii Flacci Satirae,https://babel.hathitrust.org/cgi/pt?id=hvd.hn313p&seq=417
32044085215432,urn:cts:latinLit:phi0969.phi001,eng,76,0.6074361773,30,517,3.105263158,7840,754,0.09615571023,421,496,67,0.8815789474,Persius,Saturae,Juvenal,Decii Junii Juvenalis et A. Persii Flacci Satirae,https://babel.hathitrust.org/cgi/pt?id=hvd.32044085215432&seq=421
HXQ2XP,urn:cts:greekLit:tlg0094.tlg002,ell,67,0.6243786785,669,735,3.208955224,3491,984,0.2822686836,669,735,67,1,Pseudo-Plutarch,De musica,Plutarch.,"Ploutarchou tou Chairōneōs Ta ēthika = Plutarchi Chaeronensis Moralia, id est Opera, exceptis vitis, reliqua",https://babel.hathitrust.org/cgi/pt?id=hvd.hxq2xp&seq=669
32044098638877,urn:cts:latinLit:stoa0089.stoa008,lat,67,0.6473027612,9,75,2.268656716,3891,677,0.1749118222,9,75,67,1,Claudian,In Eutropium,"Claudianus, Claudius",Opera omnia,https://babel.hathitrust.org/cgi/pt?id=hvd.32044098638877&seq=9
32044085159267,urn:cts:greekLit:tlg0007.tlg012,ell,67,0.7420319309,71,141,2.52238806,4632,1257,0.2737105824,75,141,66,0.9850746269,Plutarch,Pericles,Plutarch,Themistokles und Perikles.,https://babel.hathitrust.org/cgi/pt?id=hvd.32044085159267&seq=75
32044069760742,urn:cts:greekLit:tlg0031.tlg007,ell,66,0.6273017951,315,384,2.287878788,3301,624,0.1899563143,315,384,66,0.9428571429,New Testament,1 Corinthians,,"Novum Testamentum graece / ad antiquos testes denuo recensuit, apparatum criticum omni studio perfectum apposuit, commentationem isagogicam praetexuit",https://babel.hathitrust.org/cgi/pt?id=hvd.32044069760742&seq=315
32044055031272,urn:cts:greekLit:tlg0540.tlg012,ita,66,0.6326415725,29,94,2.348484848,2663,626,0.234846037,29,94,66,1,Lysias,"Against Eratosthenes, who had been One of the Thirty: Spoken by Lysias Himself",Lysias.,"Le orazioni contro Eratostene, e contro Nicomaco;",https://babel.hathitrust.org/cgi/pt?id=hvd.32044055031272&seq=29
HXQ4DM,urn:cts:latinLit:stoa0255.stoa013,lat,68,0.6680654581,206,602,2.529411765,4533,998,0.2403587539,537,602,66,1,"Seneca, Lucius Annaeus",de Tranquilitate Animi,"Seneca, Lucius Annaeus","L. Annæ Senecæ, pars prima; sive opera philosophica ...",https://babel.hathitrust.org/cgi/pt?id=hvd.hxq4dm&seq=537
HXKCHI,urn:cts:latinLit:stoa0089.stoa009,lat,66,0.69141744,91,156,3.03030303,4208,1163,0.2884507034,91,156,66,1,Claudian,In Rufinum,"Claudianus, Claudius.",Cl. Claudiani quae exstant varietate lectionis et perpetua adnotatione,https://babel.hathitrust.org/cgi/pt?id=hvd.hxkchi&seq=91
32044085191252,urn:cts:latinLit:phi0474.phi056,eng,65,0.636560029,221,294,3.169230769,4064,1018,0.2584405896,221,294,65,0.8783783784,"Cicero, Marcus Tullius",Letters to his Friends,"Cicero, Marcus Tullius.","M. Tullii Ciceronis Cato Major sive De Senectute, Laelius sive De amicitia et Epistolae selectae.",https://babel.hathitrust.org/cgi/pt?id=hvd.32044085191252&seq=221
HW2K1I,urn:cts:greekLit:tlg0032.tlg004,lat,68,0.6568427428,13,366,4.588235294,4603,1134,0.2759493688,161,225,65,1,Xenophon,Banquet,Xenophon.,Xenophontis quae extant ex librorum scriptorum fide et virorum doctorum conjecturis,https://babel.hathitrust.org/cgi/pt?id=hvd.hw2k1i&seq=161
HXJWPJ,urn:cts:greekLit:tlg0062.tlg068,ell,65,0.6477605012,51,131,2.646153846,3040,909,0.2990056059,51,131,65,0.8024691358,Lucian of Samosata,Dialogi deorum,Lucian,Lucianus Samosatensis,https://babel.hathitrust.org/cgi/pt?id=hvd.hxjwpj&seq=51
HN4SLN,urn:cts:latinLit:phi0690.phi001,lat,66,0.6330704612,27,99,6.045454545,6373,850,0.1362690404,35,99,65,1,Virgil,Eclogues,Virgil.,Opera.,https://babel.hathitrust.org/cgi/pt?id=hvd.hn4sln&seq=35
HXJFDT,urn:cts:greekLit:tlg0032.tlg004,lat,68,0.6524787462,11,364,4.779411765,4647,1138,0.2730364656,159,223,65,1,Xenophon,Banquet,Xenophon.,"Œconomiens, Convivium, Hiero, Agesilans.",https://babel.hathitrust.org/cgi/pt?id=hvd.hxjfdt&seq=159
HNXAWR,urn:cts:greekLit:tlg0059.tlg002,deu,67,0.6641193648,65,570,4.298507463,5887,912,0.1572780314,65,129,65,1,Plato,Apology,Plato.,Ausgewählte schriften.,https://babel.hathitrust.org/cgi/pt?id=hvd.hnxawr&seq=65
32044055031272,urn:cts:greekLit:tlg0540.tlg013,ita,65,0.6340930082,147,213,2.415384615,2596,643,0.2499192998,147,213,65,0.9701492537,Lysias,Against Agoratus,Lysias.,"Le orazioni contro Eratostene, e contro Nicomaco;",https://babel.hathitrust.org/cgi/pt?id=hvd.32044055031272&seq=147
HW2R4X,urn:cts:greekLit:tlg0059.tlg024,lat,67,0.6847640622,15,212,2.626865672,5246,1150,0.2301516704,15,79,65,1,Plato,Meno,Plato.,"Platonis dialogi IV, Meno, Crito, Alcibiades uterque,",https://babel.hathitrust.org/cgi/pt?id=hvd.hw2r4x&seq=15
HW2JFX,urn:cts:greekLit:tlg0059.tlg025,lat,64,0.7141542388,415,478,2.1875,4404,1254,0.2993198367,415,478,64,1,Plato,Hippias Major,Plato.,Platonis Opera omnia...,https://babel.hathitrust.org/cgi/pt?id=hvd.hw2jfx&seq=415
HXQ2XQ,urn:cts:greekLit:tlg0094.tlg001,ell,64,0.6296129227,308,372,2.703125,3194,884,0.2774205809,308,372,64,0.9846153846,Pseudo-Plutarch,De Fluviis,Plutarch.,"Ploutarchou tou Chairōneōs Ta ēthika = Plutarchi Chaeronensis Moralia, id est Opera, exceptis vitis, reliqua",https://babel.hathitrust.org/cgi/pt?id=hvd.hxq2xq&seq=308
32044085191252,urn:cts:latinLit:phi0474.phi051,eng,72,0.6151234789,45,323,9.486111111,5303,1082,0.2229134149,45,108,64,1,"Cicero, Marcus Tullius",De Senectute,"Cicero, Marcus Tullius.","M. Tullii Ciceronis Cato Major sive De Senectute, Laelius sive De amicitia et Epistolae selectae.",https://babel.hathitrust.org/cgi/pt?id=hvd.32044085191252&seq=45
32044085191245,urn:cts:latinLit:phi0474.phi051,eng,68,0.6841894107,43,313,5.073529412,4810,1085,0.2421031076,47,110,64,1,"Cicero, Marcus Tullius",De Senectute,"Cicero, Marcus Tullius.","M. Tullii Ciceronis Cato Major sive De senectute; Laelius sive De amicitia, et Epistolae selectae.",https://babel.hathitrust.org/cgi/pt?id=hvd.32044085191245&seq=47
32044035020908,urn:cts:greekLit:tlg0074.tlg002,lat,66,0.702313535,38,527,4.045454545,7905,1699,0.2167091169,464,527,64,1,Arrian,Indica,,Geographi graeci minores.E codicibus recognovit prolegomenis annotatione indicibus instruxit...Carolus Mullerus.,https://babel.hathitrust.org/cgi/pt?id=hvd.32044035020908&seq=464
32044019501329,urn:cts:greekLit:tlg0074.tlg002,lat,66,0.6971604719,40,529,4.5,8098,1705,0.212257021,466,529,64,1,Arrian,Indica,,"Geographi Graeci minores. E codicibus recognovit prolegomenis, annotatione, indicibus instruxit, tabulis aeri incisis illustravit Carolus Müllerus.",https://babel.hathitrust.org/cgi/pt?id=hvd.32044019501329&seq=466
32044085215648,urn:cts:latinLit:phi0969.phi001,ita,65,0.6271277165,26,216,3.015384615,2808,696,0.2473889926,26,196,64,0.3742690058,Persius,Saturae,Persius,"Satire,",https://babel.hathitrust.org/cgi/pt?id=hvd.32044085215648&seq=26
32044074323015,urn:cts:greekLit:tlg0032.tlg009,ell,64,0.6725957171,9,72,2.8125,4497,960,0.2160939695,9,72,64,1,Xenophon,Agesilaus,Xenophon,"L'Agesilao,",https://babel.hathitrust.org/cgi/pt?id=hvd.32044074323015&seq=9
32044085159333,urn:cts:greekLit:tlg0007.tlg030,ell,64,0.7468987838,172,236,2.25,4934,1258,0.262989667,172,236,64,0.9846153846,Plutarch,Pyrrhus,Plutarch,Ausgewählte biographieen.,https://babel.hathitrust.org/cgi/pt?id=hvd.32044085159333&seq=172
HN3SCU,urn:cts:greekLit:tlg0007.tlg012,ell,64,0.7118663788,377,504,2.671875,5293,1165,0.2222824697,377,504,64,0.5,Plutarch,Pericles,Plutarch,"Ausgewählte Biographieen des Plutarch,",https://babel.hathitrust.org/cgi/pt?id=hvd.hn3scu&seq=377
HNJWWF,urn:cts:latinLit:phi0474.phi056,lat,102,0.652033572,33,280,3.81372549,7814,1788,0.234863297,109,179,64,0.9014084507,"Cicero, Marcus Tullius",Letters to his Friends,"Cicero, Marcus Tullius.",Ausgewählte Briefe,https://babel.hathitrust.org/cgi/pt?id=hvd.hnjwwf&seq=109
HN215K,urn:cts:latinLit:phi0474.phi028,lat,84,0.6282851916,555,851,8.797619048,5933,1375,0.2935865117,555,618,64,1,"Cicero, Marcus Tullius",Pro Cn. Plancio,"Cicero, Marcus Tullius.",M. Tulli Ciceronis Orationes,https://babel.hathitrust.org/cgi/pt?id=hvd.hn215k&seq=555
32044038420105,urn:cts:greekLit:tlg0059.tlg035,lat,64,0.6845808432,479,542,2.15625,4896,833,0.1754738974,479,542,64,1,Plato,Epinomis,Plato.,"Platonis Opera omnia,",https://babel.hathitrust.org/cgi/pt?id=hvd.32044038420105&seq=479
HN1ZA4,urn:cts:latinLit:phi0474.phi052,deu,64,0.7332707346,17,80,2.046875,5172,1058,0.2075319852,17,80,64,1,"Cicero, Marcus Tullius",De Amicitia,"Cicero, Marcus Tullius.","M. Tulli Ciceronis Laelius ; sive, De amicitia dialogus.",https://babel.hathitrust.org/cgi/pt?id=hvd.hn1za4&seq=17
32044085138121,urn:cts:greekLit:tlg0341.tlg002,fra,64,0.7358920624,23,86,2.46875,5951,1469,0.2476846517,23,86,64,1,Lycophron,Alexandra,Lycophron.,La Cassandre de Lycophron;,https://babel.hathitrust.org/cgi/pt?id=hvd.32044085138121&seq=23
32044083853499,urn:cts:latinLit:phi0474.phi056,eng,64,0.6507963495,232,302,2.953125,3968,1017,0.2663019563,232,302,64,0.9014084507,"Cicero, Marcus Tullius",Letters to his Friends,"Cicero, Marcus Tullius.","M. Tullii Ciceronis Cato major, sive, De senectute ; Laelius, sive, De amicitia ; et epistolae selectae",https://babel.hathitrust.org/cgi/pt?id=hvd.32044083853499&seq=232
32044083853499,urn:cts:latinLit:phi0474.phi051,eng,66,0.7117020193,53,311,3.515151515,4585,1072,0.2492946674,53,116,64,1,"Cicero, Marcus Tullius",De Senectute,"Cicero, Marcus Tullius.","M. Tullii Ciceronis Cato major, sive, De senectute ; Laelius, sive, De amicitia ; et epistolae selectae",https://babel.hathitrust.org/cgi/pt?id=hvd.32044083853499&seq=53
HW2K6H,urn:cts:greekLit:tlg0032.tlg009,lat,65,0.6061496499,285,356,5.784615385,4832,1067,0.2344166141,289,352,63,0.984375,Xenophon,Agesilaus,Xenophon.,"Xenophōntos Oikonomikos, Symposion, Hierōn, Agēsilaos = Xenophontis Oeconomicus, Convivium, Hiero, Agesilaus",https://babel.hathitrust.org/cgi/pt?id=hvd.hw2k6h&seq=289
HNJXEW,urn:cts:latinLit:phi0474.phi028,eng,63,0.7529508466,248,310,2.047619048,5396,1227,0.2496303844,248,310,63,1,"Cicero, Marcus Tullius",Pro Cn. Plancio,"Cicero, Marcus Tullius.","M. Tullii Ciceronis orationes,",https://babel.hathitrust.org/cgi/pt?id=hvd.hnjxew&seq=248
32044085159333,urn:cts:greekLit:tlg0007.tlg012,ell,64,0.7146659412,321,386,2.609375,5322,1167,0.2212967725,321,383,63,1,Plutarch,Pericles,Plutarch,Ausgewählte biographieen.,https://babel.hathitrust.org/cgi/pt?id=hvd.32044085159333&seq=321
AH5ICV,urn:cts:greekLit:tlg0031.tlg006,ell,63,0.6232147896,1250,1312,2.46031746,3063,681,0.2250122996,1250,1312,63,1,New Testament,Epistle to the Romans,,"Novum Testamentum graece / ad antiquos testes denuo recensuit, apparatum criticum omni studio perfectum apposuit, commentationem isagogicam praetexuit",https://babel.hathitrust.org/cgi/pt?id=hvd.ah5icv&seq=1250
HNJVZX,urn:cts:greekLit:tlg0032.tlg009,ita,63,0.6730096657,11,73,2.873015873,4532,955,0.2118746518,11,73,63,1,Xenophon,Agesilaus,Xenophon.,L'Agesilao con note italiane del prof.Carlo Canilli.,https://babel.hathitrust.org/cgi/pt?id=hvd.hnjvzx&seq=11
HXJA7Y,urn:cts:greekLit:tlg0032.tlg009,lat,65,0.6163588955,293,364,5.707692308,4916,1065,0.2313718061,297,360,63,0.984375,Xenophon,Agesilaus,Xenophon.,"Xenophōntos ta sōzomena. Xenophontis quae extant,",https://babel.hathitrust.org/cgi/pt?id=hvd.hxja7y&seq=297
32044098646540,urn:cts:latinLit:phi0474.phi001,lat,63,0.6629637004,44,106,3.333333333,3794,1082,0.2937429388,44,106,63,1,"Cicero, Marcus Tullius",Pro P. Quinctio,"Cicero, Marcus Tullius.",M. Tullii Ciceronis orationes,https://babel.hathitrust.org/cgi/pt?id=hvd.32044098646540&seq=44
32044085191591,urn:cts:latinLit:phi0474.phi052,deu,64,0.7054488807,17,85,3.15625,5714,1148,0.2071760985,23,85,63,1,"Cicero, Marcus Tullius",De Amicitia,"Cicero, Marcus Tullius.",M. Tulli Ciceronis Laelius de amicita.,https://babel.hathitrust.org/cgi/pt?id=hvd.32044085191591&seq=23
HW2JFY,urn:cts:greekLit:tlg0059.tlg019,lat,64,0.6423294978,23,617,3.5,4761,1135,0.249946622,23,85,63,1,Plato,Laches,Plato.,Platonis Opera omnia...,https://babel.hathitrust.org/cgi/pt?id=hvd.hw2jfy&seq=23
32044050954510,urn:cts:greekLit:tlg0074.tlg002,lat,66,0.6541813258,36,527,5.318181818,8017,1649,0.2066330174,464,527,63,0.984375,Arrian,Indica,,Geographi graeci minores.E codicibus recognovit prolegomenis annotatione indicibus instruxit...Carolus Mullerus.,https://babel.hathitrust.org/cgi/pt?id=hvd.32044050954510&seq=464
HW2M7L,urn:cts:latinLit:phi0474.phi001,lat,63,0.6622471794,46,108,3.444444444,3844,1091,0.2919578289,46,108,63,1,"Cicero, Marcus Tullius",Pro P. Quinctio,"Ernesti, Johann August","Clavis Ciceroniana, sive, Indices rerum et verborum philologico-critici in opera Ciceronis : accedunt Graeca Ciceronis necessariis observationibus illustrata",https://babel.hathitrust.org/cgi/pt?id=hvd.hw2m7l&seq=46
HN79S6,urn:cts:latinLit:phi0690.phi001,lat,63,0.6404887412,8,70,3.920634921,3162,891,0.2810484892,8,70,63,1,Virgil,Eclogues,Virgil.,Bucolica [et Aeneis].,https://babel.hathitrust.org/cgi/pt?id=hvd.hn79s6&seq=8
HN3SMU,urn:cts:latinLit:phi1351.phi002,deu,65,0.7225787328,15,84,4.969230769,6032,723,0.1210535203,15,76,62,1,"Tacitus, Cornelius",Germania,"Tacitus, Cornelius.",Germania.,https://babel.hathitrust.org/cgi/pt?id=hvd.hn3smu&seq=15
32044085148674,urn:cts:greekLit:tlg0059.tlg002,ell,63,0.7087915767,36,116,2.238095238,4546,1008,0.2325581428,51,116,62,0.9393939394,Plato,Apology,Plato.,"Apologie des Sokrates and Kriton,",https://babel.hathitrust.org/cgi/pt?id=hvd.32044085148674&seq=51
32044069760742,urn:cts:greekLit:tlg0031.tlg006,ell,62,0.63898643,252,314,2.338709677,3114,677,0.2204142681,252,314,62,0.9841269841,New Testament,Epistle to the Romans,,"Novum Testamentum graece / ad antiquos testes denuo recensuit, apparatum criticum omni studio perfectum apposuit, commentationem isagogicam praetexuit",https://babel.hathitrust.org/cgi/pt?id=hvd.32044069760742&seq=252
32044085234276,urn:cts:latinLit:phi1351.phi001,deu,63,0.6840174711,9,74,2.53968254,5141,826,0.1600271671,12,74,62,0.9841269841,"Tacitus, Cornelius",Agricola,"Tacitus, Cornelius",Cornelii Taciti De vita et moribus Iulii Agricolae liber.,https://babel.hathitrust.org/cgi/pt?id=hvd.32044085234276&seq=12
HN3SCU,urn:cts:greekLit:tlg0007.tlg030,ell,62,0.7534055041,164,226,2.14516129,4733,1221,0.2655064129,164,226,62,0.9841269841,Plutarch,Pyrrhus,Plutarch,"Ausgewählte Biographieen des Plutarch,",https://babel.hathitrust.org/cgi/pt?id=hvd.hn3scu&seq=164
32044085081180,urn:cts:greekLit:tlg0085.tlg003,deu,64,0.6905845664,35,119,2.5625,5939,1078,0.1856662822,35,96,62,1,Aeschylus,Prometheus Bound,Aeschylus.,Aeschylos Prometheus.,https://babel.hathitrust.org/cgi/pt?id=hvd.32044085081180&seq=35
HW1ZOP,urn:cts:greekLit:tlg0059.tlg002,ell,63,0.6495429106,60,157,4.111111111,5678,868,0.1568957163,60,124,62,0.9538461538,Plato,Apology,Plato.,Platons Ausgewählte Schriften für den Schulgebrauch.,https://babel.hathitrust.org/cgi/pt?id=hvd.hw1zop&seq=60
HW2MF3,urn:cts:latinLit:phi0959.phi010,lat,66,0.6188168317,277,424,3.878787879,4382,650,0.1502415511,285,346,62,1,Ovid,Ibis,Ovid,P. Ovidii Nasonis Opera omnia :,https://babel.hathitrust.org/cgi/pt?id=hvd.hw2mf3&seq=285
HXJV14,urn:cts:latinLit:phi0959.phi010,lat,65,0.6352642614,535,604,3.676923077,4240,649,0.1537912253,543,604,62,1,Ovid,Ibis,Ovid,P. Ovidii Nasonis Opera omnia :,https://babel.hathitrust.org/cgi/pt?id=hvd.hxjv14&seq=543
HNJVSJ,urn:cts:latinLit:stoa0089.stoa002,lat,61,0.6496104565,372,432,2,3921,526,0.1348594234,372,432,61,1,Claudian,de bello Gildonico,"Claudianus, Claudius",Opera omnia,https://babel.hathitrust.org/cgi/pt?id=hvd.hnjvsj&seq=372
HXQ2Z9,urn:cts:latinLit:phi0893.phi006,lat,61,0.6201171997,123,183,2.081967213,4147,473,0.1162223481,123,183,61,1,Horace,Ars Poetica,Horace.,Quinti Horatii Flacci Opera omnia,https://babel.hathitrust.org/cgi/pt?id=hvd.hxq2z9&seq=123
32044098646391,urn:cts:latinLit:phi0119.phi008,lat,61,0.6412397056,429,490,2.31147541,3248,935,0.2950620446,429,490,61,0.9838709677,"Plautus, Titus Maccius",Curculio,"Plautus, Titus Maccius.",M. Accii Plauti Comœdiæ.,https://babel.hathitrust.org/cgi/pt?id=hvd.32044098646391&seq=429
HXJHAV,urn:cts:greekLit:tlg0085.tlg007,eng,64,0.6706938288,66,155,3.8125,4041,959,0.2407095874,95,155,61,1,Aeschylus,Eumenides,Aeschylus.,Aeschyli Eumenides,https://babel.hathitrust.org/cgi/pt?id=hvd.hxjhav&seq=95
HNKYAF,urn:cts:latinLit:phi0119.phi008,lat,61,0.6110439574,55,116,3.409836066,3896,927,0.2513166259,55,116,61,0.9838709677,"Plautus, Titus Maccius",Curculio,"Plautus, Titus Maccius.",M. Accii Plauti Comoediæ : cum selectis variorum notis et novis commentariis,https://babel.hathitrust.org/cgi/pt?id=hvd.hnkyaf&seq=55
HXJUWV,urn:cts:latinLit:phi0119.phi008,lat,61,0.6291924511,55,116,2.852459016,3828,923,0.2546829555,55,116,61,0.9838709677,"Plautus, Titus Maccius",Curculio,"Plautus, Titus Maccius.",M. Accii Plauti Comoediæ : cum selectis variorum notis et novis commentariis,https://babel.hathitrust.org/cgi/pt?id=hvd.hxjuwv&seq=55
HXQ4J6,urn:cts:latinLit:phi0119.phi008,lat,61,0.6351573105,431,492,2.475409836,3265,932,0.2939945425,431,492,61,0.9838709677,"Plautus, Titus Maccius",Curculio,"Plautus, Titus Maccius.",M. Accii Plauti Comœdiæ.,https://babel.hathitrust.org/cgi/pt?id=hvd.hxq4j6&seq=431
HNXAWR,urn:cts:greekLit:tlg0059.tlg019,deu,61,0.7004636142,433,493,2.344262295,5279,963,0.1880178759,433,493,61,1,Plato,Laches,Plato.,Ausgewählte schriften.,https://babel.hathitrust.org/cgi/pt?id=hvd.hnxawr&seq=433
32044100860279,urn:cts:greekLit:tlg0031.tlg006,ell,61,0.647595405,250,312,2.229508197,2969,669,0.2277398093,250,312,61,0.9682539683,New Testament,Epistle to the Romans,,"Novum Testamentum graece / ad antiquos testes denuo recensuit, apparatum criticum omni studio perfectum apposuit, commentationem isagogicam praetexuit",https://babel.hathitrust.org/cgi/pt?id=hvd.32044100860279&seq=250
HN7VDJ,urn:cts:latinLit:phi0893.phi005,fra,75,0.632333775,19,860,11.18666667,8237,1543,0.1906066035,736,860,61,0.488,Horace,Epistulae,Horace,OEuvres complètes d'Horace,https://babel.hathitrust.org/cgi/pt?id=hvd.hn7vdj&seq=736
HW2M8A,urn:cts:latinLit:phi0893.phi006,lat,61,0.6214754021,367,427,2.06557377,4140,473,0.1166656589,367,427,61,1,Horace,Ars Poetica,Horace.,Quinti Horatii Flacci Opera omnia,https://babel.hathitrust.org/cgi/pt?id=hvd.hw2m8a&seq=367
HW2R4X,urn:cts:greekLit:tlg0059.tlg013,lat,65,0.6562635577,123,241,4.230769231,4872,1224,0.2659684249,123,183,61,1,Plato,Alcibiades 1,Plato.,"Platonis dialogi IV, Meno, Crito, Alcibiades uterque,",https://babel.hathitrust.org/cgi/pt?id=hvd.hw2r4x&seq=123
HW1ZOP,urn:cts:greekLit:tlg0059.tlg019,ell,61,0.6935016252,189,249,2.459016393,5306,962,0.1871629568,189,249,61,1,Plato,Laches,Plato.,Platons Ausgewählte Schriften für den Schulgebrauch.,https://babel.hathitrust.org/cgi/pt?id=hvd.hw1zop&seq=189
32044098638869,urn:cts:latinLit:stoa0089.stoa002,lat,61,0.6441692181,368,428,2.032786885,3934,521,0.133236535,368,428,61,1,Claudian,de bello Gildonico,"Claudianus, Claudius",Opera omnia,https://babel.hathitrust.org/cgi/pt?id=hvd.32044098638869&seq=368
HW42JF,urn:cts:greekLit:tlg0085.tlg007,eng,64,0.6541957236,68,157,3.90625,4054,959,0.2397170794,97,157,61,1,Aeschylus,Eumenides,Aeschylus.,Aeschyli Eumenides,https://babel.hathitrust.org/cgi/pt?id=hvd.hw42jf&seq=97
32044085148500,urn:cts:greekLit:tlg0059.tlg013,lat,66,0.6567508375,243,395,4.545454545,4891,1237,0.268541979,243,303,61,1,Plato,Alcibiades 1,Plato.,"Platonis dialogi IV, Meno, Crito, Alcibiades uterque,",https://babel.hathitrust.org/cgi/pt?id=hvd.32044085148500&seq=243
32044038324521,urn:cts:greekLit:tlg1205.tlg002,lat,62,0.6265051844,276,391,7.612903226,3799,1043,0.2929969643,276,380,60,0.5714285714,Athenagoras,De Resurrectione,Athenagoras,"Opera. Ad optimos libros mss. partim nondum colltos recensuit, scholiis parisinis nunc primum integris ornavit, prolegomenis adnotatione versione instruxit, indices adiecit Ioann. Carol. Theod. Otto ...",https://babel.hathitrust.org/cgi/pt?id=hvd.32044038324521&seq=276
HN5XN3,urn:cts:latinLit:phi1345.phi001,fra,60,0.6714418922,20,79,3.15,3675,944,0.2650176862,20,79,60,1,"Silius Italicus, Tiberius Catius",Punica,"Waltz, A.","Anthologie des poètes latins: Silius, Stace, Ansone, Claudien, Juvénal, Perse, Martial, Catulle, Tibulle, Properce, Ovide. Texte Latin, publié avec des notices, des sommaires et des notes.",https://babel.hathitrust.org/cgi/pt?id=hvd.hn5xn3&seq=20
HX5PYM,urn:cts:greekLit:tlg0006.tlg002,eng,62,0.7070355361,36,368,2.693548387,4846,1149,0.2398895919,309,368,60,1,Euripides,Alcestis,Euripides.,Euripides.,https://babel.hathitrust.org/cgi/pt?id=hvd.hx5pym&seq=309
HXQ2XJ,urn:cts:greekLit:tlg0007.tlg091,ell,60,0.6729220129,185,244,2.45,3133,883,0.2824437932,185,244,60,1,Plutarch,De Pythiae oraculis,Plutarch.,"Ploutarchou tou Chairōneōs Ta ēthika = Plutarchi Chaeronensis Moralia, id est Opera, exceptis vitis, reliqua",https://babel.hathitrust.org/cgi/pt?id=hvd.hxq2xj&seq=185
HNJXDZ,urn:cts:latinLit:phi0474.phi052,deu,61,0.6633642723,10,148,4.836065574,5310,1062,0.2016552438,85,148,60,0.9375,"Cicero, Marcus Tullius",De Amicitia,"Cicero, Marcus Tullius.",Cato major de senectute.,https://babel.hathitrust.org/cgi/pt?id=hvd.hnjxdz&seq=85
32044098638927,urn:cts:latinLit:phi0959.phi010,lat,62,0.6218502814,495,562,3.225806452,4038,623,0.1557642179,503,562,60,1,Ovid,Ibis,Ovid,P. Ovidii Nasonis Opera omnia :,https://babel.hathitrust.org/cgi/pt?id=hvd.32044098638927&seq=503
32044085108397,urn:cts:greekLit:tlg0014.tlg004,lat,60,0.6432451437,53,113,2.15,2936,574,0.1969312017,53,113,60,0.9836065574,Demosthenes,First Philippic,Demosthenes,"Philippica prima, Olynthiacae tres, et De pace.",https://babel.hathitrust.org/cgi/pt?id=hvd.32044085108397&seq=53
HW1YKP,urn:cts:greekLit:tlg0059.tlg002,deu,60,0.6943960007,70,131,2.416666667,5309,883,0.1687871357,70,131,60,0.9677419355,Plato,Apology,Plato.,Platons Vertheidigungsrede des Sokrates und Kriton,https://babel.hathitrust.org/cgi/pt?id=hvd.hw1ykp&seq=70
32044054539382,urn:cts:latinLit:phi0474.phi014,eng,59,0.7510844058,108,166,2.084745763,4817,1167,0.2693207124,108,166,59,1,"Cicero, Marcus Tullius",Pro L. Murena,"Cicero, Marcus Tullius.","M. Tullii Ciceronis orationes,",https://babel.hathitrust.org/cgi/pt?id=hvd.32044054539382&seq=108
HNJXEV,urn:cts:latinLit:phi0474.phi014,eng,59,0.7495999552,110,168,2.13559322,4843,1164,0.2670565864,110,168,59,1,"Cicero, Marcus Tullius",Pro L. Murena,"Cicero, Marcus Tullius.","M. Tullii Ciceronis orationes,",https://babel.hathitrust.org/cgi/pt?id=hvd.hnjxev&seq=110
HW2IWJ,urn:cts:greekLit:tlg0006.tlg006,ell,59,0.6281873612,447,505,4.118644068,4499,1225,0.2843296323,447,505,59,1,Euripides,Andromache,Euripides.,"Euripidis Dramata,",https://babel.hathitrust.org/cgi/pt?id=hvd.hw2iwj&seq=447
32044085107902,urn:cts:greekLit:tlg0014.tlg001,ell,66,0.6103935061,157,441,2.954545455,3683,696,0.1977352142,167,240,59,0.7972972973,Demosthenes,Olynthiac 1,Demosthenes,"Demosthenis Selectæ orationes; ad codices mss. recensuit, textum, scholiasten, et versionem plurimis in locis castigavit,",https://babel.hathitrust.org/cgi/pt?id=hvd.32044085107902&seq=167
HN3SMY,urn:cts:latinLit:phi1351.phi001,deu,59,0.6949621118,11,69,2.457627119,4014,864,0.2187921557,11,69,59,1,"Tacitus, Cornelius",Agricola,"Tacitus, Cornelius.",De vita et moribus Cn. Julii Agricolae liber.,https://babel.hathitrust.org/cgi/pt?id=hvd.hn3smy&seq=11
32044079377719,urn:cts:latinLit:stoa0275.stoa008,lat,59,0.6516338733,435,496,2.983050847,4735,1102,0.2430969328,435,496,59,0.9516129032,Tertullian,Adversus Valentinianos,Tertullian,Quae supersunt omnia.,https://babel.hathitrust.org/cgi/pt?id=hvd.32044079377719&seq=435
HNJXDZ,urn:cts:latinLit:phi0474.phi051,deu,59,0.6412586559,14,72,4.813559322,5150,1130,0.2217014615,14,72,59,1,"Cicero, Marcus Tullius",De Senectute,"Cicero, Marcus Tullius.",Cato major de senectute.,https://babel.hathitrust.org/cgi/pt?id=hvd.hnjxdz&seq=14
HW2M7O,urn:cts:latinLit:phi0474.phi021,lat,59,0.7220681882,11,69,2.644067797,3371,959,0.2891498252,11,69,59,1,"Cicero, Marcus Tullius",De haruspicum responso in P. Clodium,"Ernesti, Johann August","Clavis Ciceroniana, sive, Indices rerum et verborum philologico-critici in opera Ciceronis : accedunt Graeca Ciceronis necessariis observationibus illustrata",https://babel.hathitrust.org/cgi/pt?id=hvd.hw2m7o&seq=11
32044085181212,urn:cts:latinLit:phi0472.phi001,deu,59,0.6605686351,67,125,2.101694915,5120,691,0.1385983246,67,125,59,1,Catullus,Carmina,"Schulze, K. P.","Römische Elegiker : eine Auswahl aus Catull, Tibull, Properz und Ovid, für den Schulgebrauch",https://babel.hathitrust.org/cgi/pt?id=hvd.32044085181212&seq=67
HXIJRA,urn:cts:latinLit:phi0474.phi004,lat,59,0.634311444,315,373,2.915254237,4764,798,0.1766997182,315,373,59,1,"Cicero, Marcus Tullius",Divinatio in Q. Caecilium,"Cicero, Marcus Tullius.",Ciceronis Orationes.,https://babel.hathitrust.org/cgi/pt?id=hvd.hxijra&seq=315
HW2M7K,urn:cts:latinLit:phi0474.phi042,lat,60,0.6575922023,311,578,3.633333333,3971,861,0.2307637526,311,369,59,1,"Cicero, Marcus Tullius",Topica,"Ernesti, Johann August","Clavis Ciceroniana, sive, Indices rerum et verborum philologico-critici in opera Ciceronis : accedunt Graeca Ciceronis necessariis observationibus illustrata",https://babel.hathitrust.org/cgi/pt?id=hvd.hw2m7k&seq=311
HXJ98B,urn:cts:greekLit:tlg2200.tlg00454,ell,60,0.6105602066,690,802,2.866666667,4429,699,0.1599375431,744,802,59,1,Libanius,Oratio 54,Libanius.,Libanii Sophistae orationes et declamationes. Ad fidem codicum mspt. recensuit et perpetua adnotatione illustravit Io. Iacobus Reiske.,https://babel.hathitrust.org/cgi/pt?id=hvd.hxj98b&seq=744
32044085191583,urn:cts:latinLit:phi0474.phi052,deu,59,0.6847985985,17,80,3.830508475,5144,1065,0.2088932838,17,77,58,0.9508196721,"Cicero, Marcus Tullius",De Amicitia,"Cicero, Marcus Tullius.",M. Tullii Ciceronis Laelius de amicitia.,https://babel.hathitrust.org/cgi/pt?id=hvd.32044085191583&seq=17
32044085123289,urn:cts:greekLit:tlg0013.tlg003,ell,58,0.6400230757,441,504,2.586206897,2380,633,0.2658804721,441,504,58,0.90625,Homeric Hymns,Hymn 3 to Delian and Pythian Apollo,Homer,[Homeri] Carmina ad optimorum librorum fidem expressa,https://babel.hathitrust.org/cgi/pt?id=hvd.32044085123289&seq=441
AH42JN,urn:cts:greekLit:tlg0031.tlg001,deu,59,0.6062581929,67,204,1.898305085,2238,457,0.2039793238,73,204,58,0.4393939394,New Testament,Gospel according to Matthew,"Wendt, Hans Hinrich",Die Lehre Jesu,https://babel.hathitrust.org/cgi/pt?id=hvd.ah42jn&seq=73
HN5XN3,urn:cts:latinLit:phi1276.phi001,fra,59,0.6974741639,169,229,2.288135593,3361,984,0.2987404558,172,229,58,1,Juvenal,Saturae,"Waltz, A.","Anthologie des poètes latins: Silius, Stace, Ansone, Claudien, Juvénal, Perse, Martial, Catulle, Tibulle, Properce, Ovide. Texte Latin, publié avec des notices, des sommaires et des notes.",https://babel.hathitrust.org/cgi/pt?id=hvd.hn5xn3&seq=172
HNKYAF,urn:cts:latinLit:phi0119.phi009,lat,58,0.6108436534,119,177,4.293103448,3482,1011,0.2981151895,119,177,58,0.9830508475,"Plautus, Titus Maccius",Epidicus,"Plautus, Titus Maccius.",M. Accii Plauti Comoediæ : cum selectis variorum notis et novis commentariis,https://babel.hathitrust.org/cgi/pt?id=hvd.hnkyaf&seq=119
HNKYAG,urn:cts:latinLit:phi0119.phi018,lat,59,0.6507965545,314,374,2.440677966,3473,968,0.2922905128,317,374,58,1,"Plautus, Titus Maccius",Stichus,"Plautus, Titus Maccius.",M. Accii Plauti Comoediæ : cum selectis variorum notis et novis commentariis,https://babel.hathitrust.org/cgi/pt?id=hvd.hnkyag&seq=317
HX3JIU,urn:cts:latinLit:stoa0040.stoa024,lat,58,1,11,157,0,2576,58,0.02254348543,11,157,58,0.3945578231,Augustine,Contra Faustum,"Schwarz, Albredt Grorg von","Historia finium principatus Rugiae. Accessit specimen diplomatum Rugianorum majoris oferis sub titulo Rugiae diplomaticae, evulgandi nuntium ferens.",https://babel.hathitrust.org/cgi/pt?id=hvd.hx3jiu&seq=11
32044085137198,urn:cts:greekLit:tlg0062.tlg042,nld,59,0.678218335,53,125,2.06779661,1949,525,0.2742710654,68,125,58,1,Lucian of Samosata,De Morte Peregrini,Lucian,De dood van Peregrinus.,https://babel.hathitrust.org/cgi/pt?id=hvd.32044085137198&seq=68
32044085181196,urn:cts:latinLit:phi0472.phi001,deu,58,0.6599616799,29,86,2.327586207,5105,862,0.1763964867,29,86,58,1,Catullus,Carmina,"Jacoby, Carolus","Anthologie aus den Elegikern der Römer,",https://babel.hathitrust.org/cgi/pt?id=hvd.32044085181196&seq=29
HX5PYM,urn:cts:greekLit:tlg0006.tlg004,eng,58,0.7381682465,375,432,2.103448276,4570,1045,0.2327870229,375,432,58,1,Euripides,Heracleidae,Euripides.,Euripides.,https://babel.hathitrust.org/cgi/pt?id=hvd.hx5pym&seq=375
RSLGXQ,urn:cts:latinLit:stoa0045.stoa019,deu,60,0.7182495298,29,94,1.883333333,5025,532,0.1151247446,37,94,58,1,"Ausonius, Decimus Magnus",Mosella,"Ausonius, Decimus Magnus.",Die Mosella des Decimus Magnus Ausonius,https://babel.hathitrust.org/cgi/pt?id=hvd.rslgxq&seq=37
32044055041784,urn:cts:greekLit:tlg0059.tlg028,lat,58,0.651411568,407,464,2.103448276,4709,687,0.1535589741,407,464,58,1,Plato,Menexenus,Plato.,"Platonis Opera omnia,",https://babel.hathitrust.org/cgi/pt?id=hvd.32044055041784&seq=407
HW2M7M,urn:cts:latinLit:phi0474.phi009,lat,58,0.6538699958,312,369,2.844827586,3713,860,0.2410198953,312,369,58,1,"Cicero, Marcus Tullius",De Imperio Cn. Pompei Ad Quirites,"Ernesti, Johann August","Clavis Ciceroniana, sive, Indices rerum et verborum philologico-critici in opera Ciceronis : accedunt Graeca Ciceronis necessariis observationibus illustrata",https://babel.hathitrust.org/cgi/pt?id=hvd.hw2m7m&seq=312
HN2NR8,urn:cts:latinLit:phi0959.phi005,lat,60,0.6514142848,703,828,2.633333333,4560,841,0.1885607348,703,760,58,1,Ovid,Remedia amoris,Ovid,P. Ovidii Nasonis Opera omnia : in tres tomos divisa,https://babel.hathitrust.org/cgi/pt?id=hvd.hn2nr8&seq=703
HW2K1I,urn:cts:greekLit:tlg0032.tlg009,lat,59,0.6495223344,265,344,4.050847458,4058,923,0.2484400494,265,323,57,0.9661016949,Xenophon,Agesilaus,Xenophon.,Xenophontis quae extant ex librorum scriptorum fide et virorum doctorum conjecturis,https://babel.hathitrust.org/cgi/pt?id=hvd.hw2k1i&seq=265
32044085216026,urn:cts:latinLit:phi0969.phi001,fra,58,0.630835542,29,375,3,2611,669,0.2586849847,29,85,57,1,Persius,Saturae,Persius,"Perse et Juvénal,",https://babel.hathitrust.org/cgi/pt?id=hvd.32044085216026&seq=29
HXJFDT,urn:cts:greekLit:tlg0032.tlg009,lat,59,0.6523458904,263,342,4.457627119,4118,924,0.2462373061,263,321,57,0.9661016949,Xenophon,Agesilaus,Xenophon.,"Œconomiens, Convivium, Hiero, Agesilans.",https://babel.hathitrust.org/cgi/pt?id=hvd.hxjfdt&seq=263
HXQ2XM,urn:cts:greekLit:tlg0007.tlg117,ell,57,0.6795811191,153,209,2.543859649,3001,877,0.2924130062,153,209,57,1,Plutarch,An seni respublica gerenda sit,Plutarch.,"Ploutarchou tou Chairōneōs Ta ēthika = Plutarchi Chaeronensis Moralia, id est Opera, exceptis vitis, reliqua",https://babel.hathitrust.org/cgi/pt?id=hvd.hxq2xm&seq=153
32044085234672,urn:cts:latinLit:phi1351.phi002,deu,59,0.6460232963,13,83,4.169491525,4345,700,0.1663733043,13,69,57,1,"Tacitus, Cornelius",Germania,"Tacitus, Cornelius.",Germania.,https://babel.hathitrust.org/cgi/pt?id=hvd.32044085234672&seq=13
AH5615,urn:cts:greekLit:tlg0527.tlg008,ell,58,0.6036174091,20,173,2.172413793,3995,497,0.1430832452,20,77,57,0.9827586207,Old Testament,Judges,"Lagarde, Paul de",Septuaginta-Studien,https://babel.hathitrust.org/cgi/pt?id=hvd.ah5615&seq=20
HNXAWD,urn:cts:greekLit:tlg0059.tlg019,ell,56,0.6740867508,30,85,2.75,4205,972,0.2390177645,30,85,56,1,Plato,Laches,Plato,Platons ausgewählte Schriften,https://babel.hathitrust.org/cgi/pt?id=hvd.hnxawd&seq=30
32044054086350,urn:cts:greekLit:tlg0018.tlg004,ell,62,0.6725390345,58,389,3.129032258,4001,989,0.2437470383,334,389,56,1,Philo Judaeus,De Sacrificiis Abelis Et Caini,Philo,Philonis Alexandrini opera quae supersunt,https://babel.hathitrust.org/cgi/pt?id=hvd.32044054086350&seq=334
32044052757853,urn:cts:greekLit:tlg0018.tlg004,ell,62,0.6788772489,54,385,3.080645161,3966,985,0.2452909295,330,385,56,1,Philo Judaeus,De Sacrificiis Abelis Et Caini,Philo,Philonis Alexandrini opera quae supersunt,https://babel.hathitrust.org/cgi/pt?id=hvd.32044052757853&seq=330
HW3DKH,urn:cts:greekLit:tlg0020.tlg002,ell,56,0.6767542124,21,78,2.410714286,3641,788,0.2268809036,21,78,56,0.9655172414,Hesiod,Works and Days,,Poetae minores Graeci,https://babel.hathitrust.org/cgi/pt?id=hvd.hw3dkh&seq=21
HN3T75,urn:cts:latinLit:phi0119.phi005,deu,56,0.6036542557,135,191,3.714285714,4792,1085,0.2332591722,135,191,56,0.9824561404,"Plautus, Titus Maccius",Captivi,"Plautus, Titus Maccius.",Ausgewähte Komödien des T.M. Plautus.,https://babel.hathitrust.org/cgi/pt?id=hvd.hn3t75&seq=135
HNJTT7,urn:cts:latinLit:phi0893.phi003,fra,59,0.6057781108,15,291,3.847457627,4085,998,0.2420908712,194,291,56,0.5714285714,Horace,Epodi,Horace.,Q. Horatius Flaccus.,https://babel.hathitrust.org/cgi/pt?id=hvd.hnjtt7&seq=194
32044054757893,urn:cts:greekLit:tlg0018.tlg004,ell,62,0.6732140736,52,383,3.129032258,3640,989,0.2699891102,328,383,56,1,Philo Judaeus,De Sacrificiis Abelis Et Caini,Philo,Philonis Alexandrini opera quae supersunt,https://babel.hathitrust.org/cgi/pt?id=hvd.32044054757893&seq=328
HN3SCU,urn:cts:greekLit:tlg0007.tlg052,ell,56,0.772851631,727,782,2.035714286,4556,1100,0.2451237749,727,782,56,1,Plutarch,Tiberius and Caius Gracchus,Plutarch,"Ausgewählte Biographieen des Plutarch,",https://babel.hathitrust.org/cgi/pt?id=hvd.hn3scu&seq=727
HW1Z7K,urn:cts:greekLit:tlg0085.tlg002,deu,60,0.6700614582,51,122,3.283333333,5096,1004,0.198565039,51,106,56,1,Aeschylus,Persians,Aeschylus.,Perser.,https://babel.hathitrust.org/cgi/pt?id=hvd.hw1z7k&seq=51
HN1Z9X,urn:cts:latinLit:phi0474.phi051,deu,56,0.682557484,23,78,2.767857143,4606,999,0.2214035338,23,78,56,1,"Cicero, Marcus Tullius",De Senectute,"Cicero, Marcus Tullius.","Cato major, sive De senectute dialogus.",https://babel.hathitrust.org/cgi/pt?id=hvd.hn1z9x&seq=23
32044018833079,urn:cts:greekLit:tlg2959.tlg002,ell,57,0.6615103491,63,353,2.964912281,3139,910,0.289571362,63,124,56,0.9032258065,Methodius,De Libero Arbitrio,Methodius,Methodius von Olympus,https://babel.hathitrust.org/cgi/pt?id=hvd.32044018833079&seq=63
HNTA6M,urn:cts:latinLit:phi2331.phi014,lat,56,0.9866071429,540,685,0.05357142857,2636,56,0.02142473391,540,685,56,0.3835616438,Scriptores Historiae Augustae,Antoninus Geta,Tertullian,"Opera,",https://babel.hathitrust.org/cgi/pt?id=hvd.hnta6m&seq=540
HN51HW,urn:cts:latinLit:phi1351.phi001,lat,59,0.6261043639,416,571,4.796610169,5411,712,0.1379346448,416,471,56,1,"Tacitus, Cornelius",Agricola,"Tacitus, Cornelius.",Opera,https://babel.hathitrust.org/cgi/pt?id=hvd.hn51hw&seq=416
32044050964303,urn:cts:latinLit:phi0893.phi003,lat,57,0.6360188993,399,488,2.736842105,3412,620,0.1801906922,399,453,55,1,Horace,Epodi,Horace.,Opera.,https://babel.hathitrust.org/cgi/pt?id=hvd.32044050964303&seq=399
HNXAWB,urn:cts:greekLit:tlg0059.tlg002,deu,56,0.6594954926,19,127,2.892857143,4338,857,0.2007483327,69,127,55,0.9322033898,Plato,Apology,Plato.,Platons ausgewählte Schriften,https://babel.hathitrust.org/cgi/pt?id=hvd.hnxawb&seq=69
32044085080976,urn:cts:greekLit:tlg0085.tlg002,deu,57,0.6477601991,33,98,3.929824561,4691,995,0.2116335739,33,89,55,0.9649122807,Aeschylus,Persians,Aeschylus.,Aeschylos Perser.,https://babel.hathitrust.org/cgi/pt?id=hvd.32044085080976&seq=33
32044098646524,urn:cts:latinLit:phi0474.phi026,lat,57,0.6676597265,172,295,2.824561404,3443,882,0.2692505625,172,226,55,1,"Cicero, Marcus Tullius",Pro L. Cornelio Balbos,"Cicero, Marcus Tullius.",M. Tullii Ciceronis orationes,https://babel.hathitrust.org/cgi/pt?id=hvd.32044098646524&seq=172
HN2M6R,urn:cts:latinLit:phi0690.phi001,deu,57,0.6646745617,32,218,2.771929825,4861,839,0.1740103069,32,86,55,1,Virgil,Eclogues,Virgil.,Vergil's Gedichte,https://babel.hathitrust.org/cgi/pt?id=hvd.hn2m6r&seq=32
HW2LQ3,urn:cts:latinLit:phi0690.phi001,deu,59,0.632037461,32,214,5.016949153,5172,840,0.1630049593,32,86,55,1,Virgil,Eclogues,Virgil.,Gedichte.,https://babel.hathitrust.org/cgi/pt?id=hvd.hw2lq3&seq=32
HW2BKQ,urn:cts:greekLit:tlg0085.tlg002,deu,59,0.6678077782,57,132,4.406779661,5375,988,0.1884200581,57,111,55,1,Aeschylus,Persians,Aeschylus.,Äschylos Perser,https://babel.hathitrust.org/cgi/pt?id=hvd.hw2bkq&seq=57
32044085205722,urn:cts:latinLit:phi0969.phi001,lat,56,0.658761847,23,264,2.232142857,2962,673,0.22805678,23,77,55,1,Persius,Saturae,Persius,"A. Persii Flacci, D. Ivnii Ivvenalis, Svlpiciae Satvrae;",https://babel.hathitrust.org/cgi/pt?id=hvd.32044085205722&seq=23
HW2M7O,urn:cts:latinLit:phi0474.phi026,lat,55,0.663850228,442,496,3.327272727,3385,855,0.2655269036,442,496,55,1,"Cicero, Marcus Tullius",Pro L. Cornelio Balbos,"Ernesti, Johann August","Clavis Ciceroniana, sive, Indices rerum et verborum philologico-critici in opera Ciceronis : accedunt Graeca Ciceronis necessariis observationibus illustrata",https://babel.hathitrust.org/cgi/pt?id=hvd.hw2m7o&seq=442
32044085121796,urn:cts:greekLit:tlg0020.tlg001,ell,63,0.6291180075,35,118,6.396825397,3494,982,0.296982463,63,118,55,0.9821428571,Hesiod,Theogony,Hedsiodus.,Hesiodea quae supersunt Omnia,https://babel.hathitrust.org/cgi/pt?id=hvd.32044085121796&seq=63
HXG92Z,urn:cts:greekLit:tlg0020.tlg002,ell,55,0.6785944078,18,74,2.563636364,3562,784,0.2304139814,18,74,55,0.9649122807,Hesiod,Works and Days,,Poetae minores Graeci,https://babel.hathitrust.org/cgi/pt?id=hvd.hxg92z&seq=18
HN5113,urn:cts:latinLit:phi0631.phi001,lat,56,0.6487750816,31,264,3.910714286,3991,1082,0.2889892138,31,86,55,0.9821428571,Sallust,Catilinae Coniuratio,Sallust,C. Sallustii Crispi Opera quae extant.,https://babel.hathitrust.org/cgi/pt?id=hvd.hn5113&seq=31
HXJHB5,urn:cts:greekLit:tlg0085.tlg002,deu,60,0.648137927,53,128,4.816666667,5406,992,0.1876447634,53,107,55,1,Aeschylus,Persians,Aeschylus.,Äschylos Perser,https://babel.hathitrust.org/cgi/pt?id=hvd.hxjhb5&seq=53
32044085138758,urn:cts:greekLit:tlg0540.tlg013,ita,55,0.6500002485,132,186,2.254545455,2953,577,0.1961518902,132,186,55,1,Lysias,Against Agoratus,Lysias.,"Lisia. Orazioni scelte,",https://babel.hathitrust.org/cgi/pt?id=hvd.32044085138758&seq=132
HXQ2XP,urn:cts:greekLit:tlg0007.tlg133,ell,55,0.6487897678,74,128,2.8,2864,811,0.2842665469,74,128,55,1,Plutarch,Platonicae quaestiones,Plutarch.,"Ploutarchou tou Chairōneōs Ta ēthika = Plutarchi Chaeronensis Moralia, id est Opera, exceptis vitis, reliqua",https://babel.hathitrust.org/cgi/pt?id=hvd.hxq2xp&seq=74
HNJWXM,urn:cts:latinLit:phi0690.phi001,lat,55,0.6156454476,27,81,3.763636364,3754,834,0.2230825852,27,81,55,1,Virgil,Eclogues,Virgil.,Opera;,https://babel.hathitrust.org/cgi/pt?id=hvd.hnjwxm&seq=27
HN3T4A,urn:cts:latinLit:phi0631.phi003,deu,55,0.614506157,484,538,2.436363636,3350,628,0.2011979089,484,538,55,1,Sallust,Historiae,Sallust,Opera.,https://babel.hathitrust.org/cgi/pt?id=hvd.hn3t4a&seq=484
HW2JFX,urn:cts:greekLit:tlg0059.tlg028,lat,55,0.6385654858,264,324,2.8,4515,690,0.1576044641,271,324,54,1,Plato,Menexenus,Plato.,Platonis Opera omnia...,https://babel.hathitrust.org/cgi/pt?id=hvd.hw2jfx&seq=271
32044098646524,urn:cts:latinLit:phi0474.phi025,lat,54,0.6765798049,114,170,3.037037037,3303,810,0.2529834295,114,170,54,0.9473684211,"Cicero, Marcus Tullius",De provinciis consularibus,"Cicero, Marcus Tullius.",M. Tullii Ciceronis orationes,https://babel.hathitrust.org/cgi/pt?id=hvd.32044098646524&seq=114
32044085138691,urn:cts:greekLit:tlg0540.tlg012,deu,54,0.6580313648,35,88,2.222222222,5351,560,0.105885828,35,88,54,1,Lysias,"Against Eratosthenes, who had been One of the Thirty: Spoken by Lysias Himself",Lysias.,Ausgewählte Reden des Lysias,https://babel.hathitrust.org/cgi/pt?id=hvd.32044085138691&seq=35
HW2IWJ,urn:cts:greekLit:tlg0006.tlg002,ell,54,0.6416727195,388,441,3.555555556,4041,1089,0.2793766329,388,441,54,1,Euripides,Alcestis,Euripides.,"Euripidis Dramata,",https://babel.hathitrust.org/cgi/pt?id=hvd.hw2iwj&seq=388
HXJV1F,urn:cts:latinLit:phi0959.phi010,lat,58,0.6129978172,15,386,3.517241379,3954,689,0.174429742,15,72,54,0.9310344828,Ovid,Ibis,Ovid,"Publius Ovidius Naso,",https://babel.hathitrust.org/cgi/pt?id=hvd.hxjv1f&seq=15
HXQ4DF,urn:cts:latinLit:phi1351.phi002,lat,54,0.6679171568,356,409,2.185185185,5389,707,0.1364414686,356,409,54,1,"Tacitus, Cornelius",Germania,"Tacitus, Cornelius.","Opera,",https://babel.hathitrust.org/cgi/pt?id=hvd.hxq4df&seq=356
32044073570251,urn:cts:latinLit:phi2331.phi014,lat,54,0.9675925926,218,363,0.09259259259,2560,55,0.0216860968,218,363,54,0.3698630137,Scriptores Historiae Augustae,Antoninus Geta,Tertullian,Q. Septimii Florentis Tertulliani Opera,https://babel.hathitrust.org/cgi/pt?id=hvd.32044073570251&seq=218
HX5PYM,urn:cts:greekLit:tlg0006.tlg019,eng,54,0.7281948555,77,130,2.12962963,4293,983,0.2339918043,77,130,54,1,Euripides,Rhesus,Euripides.,Euripides.,https://babel.hathitrust.org/cgi/pt?id=hvd.hx5pym&seq=77
HXQ4DM,urn:cts:latinLit:stoa0255.stoa014,lat,59,0.666612645,96,788,2.525423729,3512,940,0.2696660233,735,788,54,1,"Seneca, Lucius Annaeus",de Vita Beata,"Seneca, Lucius Annaeus","L. Annæ Senecæ, pars prima; sive opera philosophica ...",https://babel.hathitrust.org/cgi/pt?id=hvd.hxq4dm&seq=735
AH5HZ5,urn:cts:greekLit:tlg0031.tlg007,ell,54,0.603640612,756,812,3.074074074,2540,667,0.2652147267,756,812,54,0.9473684211,New Testament,1 Corinthians,,Novum Testamentum graece;,https://babel.hathitrust.org/cgi/pt?id=hvd.ah5hz5&seq=756
32044085227155,urn:cts:latinLit:phi0631.phi003,deu,54,0.6396871138,437,490,2.148148148,2372,539,0.2311955143,437,490,54,1,Sallust,Historiae,Sallust,C. Sallusti Crispi Opera,https://babel.hathitrust.org/cgi/pt?id=hvd.32044085227155&seq=437
HW2MDC,urn:cts:latinLit:phi0631.phi003,deu,54,0.6355150465,423,476,2.222222222,2371,539,0.2319387775,423,476,54,1,Sallust,Historiae,Sallust,C. Sallusti Crispi Opera,https://babel.hathitrust.org/cgi/pt?id=hvd.hw2mdc&seq=423
HNJVSL,urn:cts:latinLit:stoa0089.stoa005,lat,56,0.6058840085,13,415,2.714285714,3592,449,0.128789503,13,65,53,1,Claudian,de raptu Proserpinae,"Claudianus, Claudius",Opera omnia,https://babel.hathitrust.org/cgi/pt?id=hvd.hnjvsl&seq=13
32044098638885,urn:cts:latinLit:stoa0089.stoa005,lat,55,0.615546263,9,323,2.618181818,3505,449,0.1309496657,9,61,53,1,Claudian,de raptu Proserpinae,"Claudianus, Claudius",Opera omnia,https://babel.hathitrust.org/cgi/pt?id=hvd.32044098638885&seq=9
HXJUNK,urn:cts:latinLit:stoa0255.stoa006,lat,53,0.6933176064,69,121,2.641509434,3419,868,0.2661918861,69,121,53,1,"Seneca, Lucius Annaeus",de consolatione ad Helviam,"Seneca, Lucius Annaeus","L. Annæ Senecæ, pars prima; sive opera philosophica ...",https://babel.hathitrust.org/cgi/pt?id=hvd.hxjunk&seq=69
HNAJSB,urn:cts:greekLit:tlg0062.tlg040,lat,55,0.6504085306,36,499,2.963636364,3191,787,0.2474488253,36,88,53,1,Lucian of Samosata,Pro imaginibus,Lucian,Opera.,https://babel.hathitrust.org/cgi/pt?id=hvd.hnajsb&seq=36
HXQ4DP,urn:cts:latinLit:stoa0255.stoa006,lat,53,0.6968586063,61,113,2.528301887,3406,867,0.2665377395,61,113,53,1,"Seneca, Lucius Annaeus",de consolatione ad Helviam,"Seneca, Lucius Annaeus","L. Annæ Senecæ, pars prima; sive opera philosophica ...",https://babel.hathitrust.org/cgi/pt?id=hvd.hxq4dp&seq=61
HNJXEW,urn:cts:latinLit:phi0474.phi027,eng,54,0.7614852148,182,749,3.222222222,4288,1190,0.2972751194,182,234,53,1,"Cicero, Marcus Tullius",In L. Calpurnium Pisonem,"Cicero, Marcus Tullius.","M. Tullii Ciceronis orationes,",https://babel.hathitrust.org/cgi/pt?id=hvd.hnjxew&seq=182
HNJXEW,urn:cts:latinLit:phi0474.phi031,eng,53,0.7663310456,346,398,2.113207547,4301,1121,0.2734686507,346,398,53,1,"Cicero, Marcus Tullius",Pro T. Annio Milone,"Cicero, Marcus Tullius.","M. Tullii Ciceronis orationes,",https://babel.hathitrust.org/cgi/pt?id=hvd.hnjxew&seq=346
HXQ2XJ,urn:cts:greekLit:tlg0007.tlg097,ell,53,0.6750368056,519,571,2.981132075,2842,848,0.298437041,519,571,53,1,Plutarch,De fraterno amore,Plutarch.,"Ploutarchou tou Chairōneōs Ta ēthika = Plutarchi Chaeronensis Moralia, id est Opera, exceptis vitis, reliqua",https://babel.hathitrust.org/cgi/pt?id=hvd.hxq2xj&seq=519
HXQ2XI,urn:cts:greekLit:tlg0007.tlg084b,ell,53,0.6528694829,209,261,2.320754717,2744,784,0.2858059306,209,261,53,1,Plutarch,Quaestiones Graecae,Plutarch.,"Ploutarchou tou Chairōneōs Ta ēthika = Plutarchi Chaeronensis Moralia, id est Opera, exceptis vitis, reliqua",https://babel.hathitrust.org/cgi/pt?id=hvd.hxq2xi&seq=209
32044085180917,urn:cts:latinLit:phi0472.phi001,eng,53,0.6183641752,25,559,3.867924528,4807,723,0.1518215833,25,76,52,1,Catullus,Carmina,"Pinder, North",Selections from the less known latin poets,https://babel.hathitrust.org/cgi/pt?id=hvd.32044085180917&seq=25
HNF86G,urn:cts:latinLit:phi0969.phi001,lat,53,0.6681347259,23,248,2.377358491,2893,665,0.2317339807,23,74,52,1,Persius,Saturae,Persius.,A. Persii Flacci Saturae,https://babel.hathitrust.org/cgi/pt?id=hvd.hnf86g&seq=23
32044085181196,urn:cts:latinLit:phi0660.phi001,deu,53,0.6101264081,108,355,3.264150943,4807,716,0.1519350449,108,159,52,1,Tibullus,Elegiae,"Jacoby, Carolus","Anthologie aus den Elegikern der Römer,",https://babel.hathitrust.org/cgi/pt?id=hvd.32044085181196&seq=108
HXJV1J,urn:cts:latinLit:phi0959.phi005,lat,52,0.7366775285,193,244,2.076923077,2954,816,0.2838505696,193,244,52,1,Ovid,Remedia amoris,Ovid,P. Ovidii Nasonis Opera omnia :,https://babel.hathitrust.org/cgi/pt?id=hvd.hxjv1j&seq=193
HN21QH,urn:cts:latinLit:phi0959.phi010,lat,52,0.6087378272,841,892,3.692307692,3526,651,0.1875001532,841,892,52,1,Ovid,Ibis,Ovid,"Pvb. Ovidii Nasonis opera omnia, in tres tomos divisa ex accuratissima recensione Nicol. Heinsii. ...",https://babel.hathitrust.org/cgi/pt?id=hvd.hn21qh&seq=841
HXQ2XJ,urn:cts:greekLit:tlg0007.tlg096,ell,52,0.6725076962,465,516,2.826923077,2737,819,0.2983809756,465,516,52,1,Plutarch,De Tranquillitate Animi,Plutarch.,"Ploutarchou tou Chairōneōs Ta ēthika = Plutarchi Chaeronensis Moralia, id est Opera, exceptis vitis, reliqua",https://babel.hathitrust.org/cgi/pt?id=hvd.hxq2xj&seq=465
HXJV1I,urn:cts:latinLit:phi0959.phi005,lat,52,0.7383606153,197,248,2.038461538,2962,816,0.283356718,197,248,52,1,Ovid,Remedia amoris,Ovid,P. Ovidii Nasonis Opera omnia :,https://babel.hathitrust.org/cgi/pt?id=hvd.hxjv1i&seq=197
32044081368318,urn:cts:latinLit:phi0474.phi040,fra,61,0.6117693217,56,610,3.967213115,2741,771,0.279853378,56,107,52,1,"Cicero, Marcus Tullius",Orator,"Bornecque, Henri",Les clausules métriques latines,https://babel.hathitrust.org/cgi/pt?id=hvd.32044081368318&seq=56
HNF86F,urn:cts:latinLit:phi0969.phi001,lat,53,0.6683594624,25,250,2.41509434,2888,663,0.2321335108,25,76,52,1,Persius,Saturae,Persius.,A. Persii Flacci Saturae,https://babel.hathitrust.org/cgi/pt?id=hvd.hnf86f&seq=25
HN21FK,urn:cts:latinLit:phi0969.phi001,lat,53,0.6621100119,25,250,2.358490566,3004,664,0.222023501,25,76,52,1,Persius,Saturae,Persius,"A. Persii Flacci, D. Ivnii Ivvenalis Svlpiciae Satvrae.",https://babel.hathitrust.org/cgi/pt?id=hvd.hn21fk&seq=25
HW1YBP,urn:cts:latinLit:phi0474.phi015,deu,54,0.7133282079,20,395,3.703703704,4404,1009,0.2266709381,344,395,52,1,"Cicero, Marcus Tullius",Pro P. Sulla,"Cicero, Marcus Tullius.",Catilinarische Reden. Für den Schulgebrauch.,https://babel.hathitrust.org/cgi/pt?id=hvd.hw1ybp&seq=344
HW2MF0,urn:cts:latinLit:phi0959.phi005,lat,52,0.7298275195,169,220,2.153846154,2964,817,0.2838692935,169,220,52,1,Ovid,Remedia amoris,Ovid,P. Ovidii Nasonis Opera omnia :,https://babel.hathitrust.org/cgi/pt?id=hvd.hw2mf0&seq=169
32044055041784,urn:cts:greekLit:tlg0059.tlg020,lat,52,0.7085777428,495,546,2.269230769,3640,872,0.2485691297,495,546,52,1,Plato,Lysis,Plato.,"Platonis Opera omnia,",https://babel.hathitrust.org/cgi/pt?id=hvd.32044055041784&seq=495
32044085148500,urn:cts:greekLit:tlg0059.tlg003,lat,56,0.6370175008,173,369,3.767857143,4446,822,0.2008180168,183,239,52,0.9122807018,Plato,Crito,Plato.,"Platonis dialogi IV, Meno, Crito, Alcibiades uterque,",https://babel.hathitrust.org/cgi/pt?id=hvd.32044085148500&seq=183
HN1ZD6,urn:cts:latinLit:phi0474.phi027,lat,52,0.7065820669,289,340,2.942307692,3873,1119,0.2950383437,289,340,52,1,"Cicero, Marcus Tullius",In L. Calpurnium Pisonem,"Cicero, Marcus Tullius.",[Orationes quaedam selectae cum interpretatione et notis quas in usum Delphini editit Carolus Merouille. Quibus praefigitur vita Ciceronis. Accesserunt Dialogi de Senectute & de Amicitia.,https://babel.hathitrust.org/cgi/pt?id=hvd.hn1zd6&seq=289
HNJVSJ,urn:cts:latinLit:stoa0089.stoa008,lat,51,0.6699618473,474,524,2.137254902,3010,515,0.1731902545,474,524,51,1,Claudian,In Eutropium,"Claudianus, Claudius",Opera omnia,https://babel.hathitrust.org/cgi/pt?id=hvd.hnjvsj&seq=474
HNJXDJ,urn:cts:latinLit:phi0474.phi014,lat,51,0.7499603168,9,59,2.647058824,4158,1185,0.2867467257,9,59,51,1,"Cicero, Marcus Tullius",Pro L. Murena,"Cicero, Marcus Tullius.",Rede für L. Murena.,https://babel.hathitrust.org/cgi/pt?id=hvd.hnjxdj&seq=9
32044085138691,urn:cts:greekLit:tlg0540.tlg013,deu,52,0.6443021965,96,420,2.346153846,4882,571,0.1200491667,96,146,51,1,Lysias,Against Agoratus,Lysias.,Ausgewählte Reden des Lysias,https://babel.hathitrust.org/cgi/pt?id=hvd.32044085138691&seq=96
HXJFCS,urn:cts:greekLit:tlg0059.tlg028,lat,56,0.6251417361,35,142,3.375,4856,674,0.1523883087,35,85,51,1,Plato,Menexenus,Plato.,Platonis Menexenus. Et Periclis Thucydidei oratio funebris,https://babel.hathitrust.org/cgi/pt?id=hvd.hxjfcs&seq=35
HXPP6P,urn:cts:greekLit:tlg0007.tlg054,lat,51,0.6955826054,241,292,2.529411765,4278,860,0.210440593,241,292,51,0.9807692308,Plutarch,Demosthenes,"Dobson, William Stephen",Oratores attici et quos sic vocant sophistae.,https://babel.hathitrust.org/cgi/pt?id=hvd.hxpp6p&seq=241
32044020532958,urn:cts:greekLit:tlg0010.tlg020,ell,51,0.7485536992,243,293,2.529411765,3743,1051,0.2874199855,243,293,51,1,Isocrates,To Philip,Isocrates,Isokrates ausgewählte Reden : für den Schulgebrauch,https://babel.hathitrust.org/cgi/pt?id=hvd.32044020532958&seq=243
32044098638869,urn:cts:latinLit:stoa0089.stoa008,lat,51,0.6692101999,470,520,2.137254902,3019,515,0.172751398,470,520,51,1,Claudian,In Eutropium,"Claudianus, Claudius",Opera omnia,https://babel.hathitrust.org/cgi/pt?id=hvd.32044098638869&seq=470
HW2LWF,urn:cts:latinLit:phi0119.phi013,lat,52,0.6308543463,436,1041,3.423076923,4146,1170,0.2955645881,436,486,51,1,"Plautus, Titus Maccius",Mostellaria,"Plautus, Titus Maccius.",Quae supersunt comoediae,https://babel.hathitrust.org/cgi/pt?id=hvd.hw2lwf&seq=436
HN3FTF,urn:cts:latinLit:phi0474.phi031,lat,56,0.6238573409,346,605,5.214285714,4151,1097,0.2926216885,346,396,51,1,"Cicero, Marcus Tullius",Pro T. Annio Milone,"Cicero, Marcus Tullius.",Orationes quaedam selectae : cum interpretatione & notis quas in usum Serenissimi Delphini,https://babel.hathitrust.org/cgi/pt?id=hvd.hn3ftf&seq=346
HW2M5K,urn:cts:latinLit:phi0474.phi031,lat,56,0.6187808831,342,601,5.732142857,4199,1117,0.2941642331,342,392,51,1,"Cicero, Marcus Tullius",Pro T. Annio Milone,"Cicero, Marcus Tullius.",Orationes quaedam selectae,https://babel.hathitrust.org/cgi/pt?id=hvd.hw2m5k&seq=342
HN1ZD6,urn:cts:latinLit:phi0474.phi031,lat,52,0.6583629395,342,580,2.903846154,3792,1016,0.2910134804,342,392,51,1,"Cicero, Marcus Tullius",Pro T. Annio Milone,"Cicero, Marcus Tullius.",[Orationes quaedam selectae cum interpretatione et notis quas in usum Delphini editit Carolus Merouille. Quibus praefigitur vita Ciceronis. Accesserunt Dialogi de Senectute & de Amicitia.,https://babel.hathitrust.org/cgi/pt?id=hvd.hn1zd6&seq=342
HW2JFX,urn:cts:greekLit:tlg0059.tlg020,lat,50,0.6904911174,347,396,2.6,3605,866,0.2479684852,347,396,50,1,Plato,Lysis,Plato.,Platonis Opera omnia...,https://babel.hathitrust.org/cgi/pt?id=hvd.hw2jfx&seq=347
32044085159267,urn:cts:greekLit:tlg0007.tlg010,ell,52,0.7352519897,12,67,2.961538462,3480,1004,0.2870835028,17,67,50,0.9803921569,Plutarch,Themistocles,Plutarch,Themistokles und Perikles.,https://babel.hathitrust.org/cgi/pt?id=hvd.32044085159267&seq=17
HN2XZU,urn:cts:latinLit:phi0959.phi005,lat,50,0.7259275369,397,446,1.98,3262,850,0.2670925016,397,446,50,1,Ovid,Remedia amoris,Ovid,Publii Ovidii Nasonis Opera omnia,https://babel.hathitrust.org/cgi/pt?id=hvd.hn2xzu&seq=397
HW2M7A,urn:cts:latinLit:stoa0045.stoa019,lat,53,0.6049016858,11,440,3.79245283,3768,564,0.1639058713,11,61,50,0.9803921569,"Ausonius, Decimus Magnus",Mosella,"Ausonius, Decimus Magnus.","D. Magni Ausonii Burdigalensis Opera omnia : ex editione Bipontina, cum notis et interpretatione in usum Delphini, variis lectionibus, notis variorum recensu editionum et codicum et indice locupletissimo accurate recensita.",https://babel.hathitrust.org/cgi/pt?id=hvd.hw2m7a&seq=11
HXJV19,urn:cts:latinLit:phi0959.phi005,lat,50,0.7098240836,405,454,2.94,3315,865,0.2687219967,405,454,50,1,Ovid,Remedia amoris,Ovid,"Publius Ovidius Naso,",https://babel.hathitrust.org/cgi/pt?id=hvd.hxjv19&seq=405
HXJUXK,urn:cts:latinLit:stoa0045.stoa019,lat,53,0.6079259009,9,434,3.735849057,3763,564,0.1647078468,9,59,50,0.9803921569,"Ausonius, Decimus Magnus",Mosella,"Ausonius, Decimus Magnus.","D. Magni Ausonii Burdigalensis Opera omnia : ex editione Bipontina, cum notis et interpretatione in usum Delphini, variis lectionibus, notis variorum recensu editionum et codicum et indice locupletissimo accurate recensita.",https://babel.hathitrust.org/cgi/pt?id=hvd.hxjuxk&seq=9
HN6R3K,urn:cts:latinLit:phi0690.phi001,deu,51,0.7040688794,27,204,2.450980392,4169,843,0.2035207401,27,76,50,1,Virgil,Eclogues,Virgil.,Gedichte. Erklaert,https://babel.hathitrust.org/cgi/pt?id=hvd.hn6r3k&seq=27
32044085159333,urn:cts:greekLit:tlg0007.tlg018,ell,50,0.7664783158,117,167,2.08,3608,1058,0.2972350007,117,167,50,0.9803921569,Plutarch,Timoleon,Plutarch,Ausgewählte biographieen.,https://babel.hathitrust.org/cgi/pt?id=hvd.32044085159333&seq=117
HNJXDA,urn:cts:latinLit:phi0474.phi015,deu,51,0.7201132763,17,69,3,4225,957,0.2257273863,20,69,50,1,"Cicero, Marcus Tullius",Pro P. Sulla,"Cicero, Marcus Tullius.",Rede für P. Sulla.,https://babel.hathitrust.org/cgi/pt?id=hvd.hnjxda&seq=20
HN274L,urn:cts:latinLit:phi0119.phi019,fra,50,0.6465266043,361,410,2.34,3891,572,0.1493206294,361,410,50,1,"Plautus, Titus Maccius",Trinummus,"Fabia, Philippe",Théâtre latin: Extraits des comiques.,https://babel.hathitrust.org/cgi/pt?id=hvd.hn274l&seq=361
HN5FB6,urn:cts:latinLit:phi0893.phi006,lat,50,0.6611827483,764,813,2.04,3504,475,0.1367190454,764,813,50,1,Horace,Ars Poetica,Horace.,Q. Horatius Flaccus.,https://babel.hathitrust.org/cgi/pt?id=hvd.hn5fb6&seq=764
32044097077945,urn:cts:latinLit:phi0631.phi001,eng,52,0.7357190613,408,535,4.442307692,3481,966,0.2916600714,408,457,50,1,Sallust,Catilinae Coniuratio,"Cicero, Marcus Tullius.","Selected orations and letters of Cicero, to which is added the Catiline of Sallust; with historical introduction, an outline of the Roman constitution, notes, vocabulary and index, by Harold Whetstone Johnston ...",https://babel.hathitrust.org/cgi/pt?id=hvd.32044097077945&seq=408
HN2W5I,urn:cts:greekLit:tlg0007.tlg067,lat,50,0.6831176585,175,224,2.46,2717,755,0.2773617551,175,224,50,1,Plutarch,De liberis educandis,Plutarch.,"Ploutarchou tou Chairōneōs Ta ēthika = Plutarchi Chaeronensis Moralia, id est Opera, exceptis vitis, reliqua",https://babel.hathitrust.org/cgi/pt?id=hvd.hn2w5i&seq=175
HN6R3L,urn:cts:latinLit:phi0690.phi001,deu,51,0.7105325501,33,210,2.431372549,4157,841,0.2030263229,33,82,50,1,Virgil,Eclogues,Virgil.,Gedichte. Lat. Erklært,https://babel.hathitrust.org/cgi/pt?id=hvd.hn6r3l&seq=33
HN6KCK,urn:cts:latinLit:phi0690.phi003,eng,58,0.6081219492,11,122,6.672413793,5668,806,0.1437959415,11,60,50,1,Virgil,Aeneid,Virgil.,Aeneid.,https://babel.hathitrust.org/cgi/pt?id=hvd.hn6kck&seq=11
32044085223832,urn:cts:latinLit:phi0978.phi001,ell,50,0.6067864855,11,68,3.74,3326,965,0.2858234923,11,63,49,0.9245283019,"Pliny, the Elder",Naturalis Historia,"Aly, Friedrich",Die quellen des Plinius im achten buch der Naturgeschichte.,https://babel.hathitrust.org/cgi/pt?id=hvd.32044085223832&seq=11
32044085181188,urn:cts:latinLit:phi0472.phi001,deu,49,0.6249884952,96,144,2.897959184,4307,781,0.1881646389,96,144,49,1,Catullus,Carmina,"Jacoby, Carolus",Anthologie aus den Elegikern der Römer.,https://babel.hathitrust.org/cgi/pt?id=hvd.32044085181188&seq=96
HXJ9A9,urn:cts:greekLit:tlg0013.tlg003,lat,49,0.6550495504,27,76,2.510204082,1996,528,0.2652902815,27,76,49,0.98,Homeric Hymns,Hymn 3 to Delian and Pythian Apollo,Homer.,"Hymni, Epigrammata, Fragmenta et Batrachomyomachia.",https://babel.hathitrust.org/cgi/pt?id=hvd.hxj9a9&seq=27
HN3STZ,urn:cts:latinLit:phi0690.phi001,deu,51,0.6781223307,31,203,2.68627451,3965,842,0.213426369,31,79,49,1,Virgil,Eclogues,Virgil.,"Gedichte,",https://babel.hathitrust.org/cgi/pt?id=hvd.hn3stz&seq=31
HWT75I,urn:cts:latinLit:phi0836.phi002,lat,49,0.9863945578,576,671,0.04081632653,1999,49,0.02457551198,576,671,49,0.5104166667,"Celsus, Aulus Cornelius",De Medicina,"Swedenborg, Emanuel","Arcana coelestia ; quae in scriptura sacra seu verbo Domini, sunt, detecta : hic primum quae in Genesi. Una cum mirabilibus, quae visa sunt in mundo spirituum et in coelo angelorum",https://babel.hathitrust.org/cgi/pt?id=hvd.hwt75i&seq=576
32044085190130,urn:cts:latinLit:phi0474.phi057,ita,50,0.600477957,13,130,5.02,3052,787,0.2617941515,13,61,49,1,"Cicero, Marcus Tullius",Letters to Atticus,"Cicero, Marcus Tullius.",Epistulae selectae temporum ordine compositae;,https://babel.hathitrust.org/cgi/pt?id=hvd.32044085190130&seq=13
32044085159333,urn:cts:greekLit:tlg0007.tlg010,ell,50,0.729853064,264,385,2.8,4248,940,0.2232536768,264,313,49,0.98,Plutarch,Themistocles,Plutarch,Ausgewählte biographieen.,https://babel.hathitrust.org/cgi/pt?id=hvd.32044085159333&seq=264
32044085159333,urn:cts:greekLit:tlg0007.tlg024,ell,50,0.7409020107,397,501,3.14,4156,954,0.2314461527,397,446,49,0.98,Plutarch,Aristides,Plutarch,Ausgewählte biographieen.,https://babel.hathitrust.org/cgi/pt?id=hvd.32044085159333&seq=397
HN3SCU,urn:cts:greekLit:tlg0007.tlg024,ell,49,0.7595997733,515,564,2.081632653,4019,952,0.2389950261,515,564,49,0.98,Plutarch,Aristides,Plutarch,"Ausgewählte Biographieen des Plutarch,",https://babel.hathitrust.org/cgi/pt?id=hvd.hn3scu&seq=515
HN3SCU,urn:cts:greekLit:tlg0007.tlg010,ell,51,0.7220014733,262,503,3,4240,941,0.223076876,262,361,49,0.49,Plutarch,Themistocles,Plutarch,"Ausgewählte Biographieen des Plutarch,",https://babel.hathitrust.org/cgi/pt?id=hvd.hn3scu&seq=262
HNJTTF,urn:cts:latinLit:phi0474.phi009,deu,49,0.677180929,33,81,3.857142857,4532,788,0.1741691038,33,81,49,1,"Cicero, Marcus Tullius",De Imperio Cn. Pompei Ad Quirites,"Cicero, Marcus Tullius.",Rede über das imperium des Cn. Pompeius.,https://babel.hathitrust.org/cgi/pt?id=hvd.hnjttf&seq=33
32044085181212,urn:cts:latinLit:phi0660.phi001,deu,49,0.6768249505,129,177,2.081632653,4313,621,0.1479484852,129,177,49,1,Tibullus,Elegiae,"Schulze, K. P.","Römische Elegiker : eine Auswahl aus Catull, Tibull, Properz und Ovid, für den Schulgebrauch",https://babel.hathitrust.org/cgi/pt?id=hvd.32044085181212&seq=129
32044085200723,urn:cts:latinLit:phi0893.phi003,deu,50,0.651516311,323,440,2.32,4309,614,0.145763519,323,371,49,1,Horace,Epodi,Horace.,"Q. Horatius Flaccus, erklärt",https://babel.hathitrust.org/cgi/pt?id=hvd.32044085200723&seq=323
HN215K,urn:cts:latinLit:phi0474.phi021,lat,68,0.6038628022,501,867,9.441176471,4925,1006,0.2538862839,505,554,49,0.98,"Cicero, Marcus Tullius",De haruspicum responso in P. Clodium,"Cicero, Marcus Tullius.",M. Tulli Ciceronis Orationes,https://babel.hathitrust.org/cgi/pt?id=hvd.hn215k&seq=505
HXQ2P4,urn:cts:greekLit:tlg0059.tlg018,ell,49,0.644670105,53,101,3.673469388,3584,953,0.2819421491,53,101,49,1,Plato,Charmides,Plato.,Platonis et quae vel Platonis esse feruntur vel Platonica solent comitari seripta graece omnia ad codices manuscriptos recensuit variasque inde lectiones,https://babel.hathitrust.org/cgi/pt?id=hvd.hxq2p4&seq=53
32044085215275,urn:cts:latinLit:phi0969.phi001,lat,51,0.6198106649,13,122,3,3381,695,0.2045673563,13,108,49,0.5104166667,Persius,Saturae,Persius,Satiræ;,https://babel.hathitrust.org/cgi/pt?id=hvd.32044085215275&seq=13
32044054757570,urn:cts:greekLit:tlg0018.tlg029,ell,48,0.724851165,576,623,2.354166667,3099,920,0.2983228647,576,623,48,1,Philo Judaeus,De Aeternitate Mundi,Philo,Philonis Alexandrini opera quae supersunt,https://babel.hathitrust.org/cgi/pt?id=hvd.32044054757570&seq=576
HXJ9A9,urn:cts:greekLit:tlg0013.tlg004,lat,48,0.6481798228,77,125,2.645833333,2038,580,0.2848992199,77,125,48,0.9795918367,Homeric Hymns,Hymn 4 to Hermes,Homer.,"Hymni, Epigrammata, Fragmenta et Batrachomyomachia.",https://babel.hathitrust.org/cgi/pt?id=hvd.hxj9a9&seq=77
32044085243046,urn:cts:latinLit:phi0690.phi001,deu,48,0.6912535048,27,74,2.583333333,3772,840,0.2240635025,27,74,48,1,Virgil,Eclogues,Virgil.,Gedichte.,https://babel.hathitrust.org/cgi/pt?id=hvd.32044085243046&seq=27
HNJXFU,urn:cts:latinLit:phi0474.phi016,deu,48,0.6606916398,13,61,2.5,4661,604,0.1296200214,13,61,48,0.9795918367,"Cicero, Marcus Tullius",Pro Archia Poeta,"Cicero, Marcus Tullius.",Rede für den dichter Archias.,https://babel.hathitrust.org/cgi/pt?id=hvd.hnjxfu&seq=13
HXQ2PB,urn:cts:greekLit:tlg0059.tlg035,ell,48,0.6779060349,11,58,2.958333333,3605,853,0.2551550027,11,58,48,1,Plato,Epinomis,Plato.,Platonis et quae vel Platonis esse feruntur vel Platonica solent comitari seripta graece omnia ad codices manuscriptos recensuit variasque inde lectiones,https://babel.hathitrust.org/cgi/pt?id=hvd.hxq2pb&seq=11
HN2221,urn:cts:latinLit:phi0690.phi001,deu,48,0.7197644791,25,72,2.1875,3683,835,0.2283496952,25,72,48,1,Virgil,Eclogues,Virgil.,Gedichte.,https://babel.hathitrust.org/cgi/pt?id=hvd.hn2221&seq=25
HXJVDW,urn:cts:greekLit:tlg0062.tlg045,ell,56,0.6273399708,474,620,4.196428571,4017,907,0.2447172415,474,521,48,1,Lucian of Samosata,De saltatione,Lucian,Ausgewählte Schriften;,https://babel.hathitrust.org/cgi/pt?id=hvd.hxjvdw&seq=474
32044085148500,urn:cts:greekLit:tlg0059.tlg014,lat,48,0.669786808,308,356,2.708333333,3599,860,0.2630954098,308,356,48,0.9795918367,Plato,Alcibiades 2,Plato.,"Platonis dialogi IV, Meno, Crito, Alcibiades uterque,",https://babel.hathitrust.org/cgi/pt?id=hvd.32044085148500&seq=308
HW2JFU,urn:cts:greekLit:tlg0059.tlg003,lat,48,0.6132575489,179,229,2.479166667,3935,519,0.1389173002,179,229,48,0.9411764706,Plato,Crito,Plato.,Platonis Opera omnia...,https://babel.hathitrust.org/cgi/pt?id=hvd.hw2jfu&seq=179
HN24ZH,urn:cts:latinLit:phi0119.phi008,lat,48,0.6470242792,273,320,2.708333333,3080,875,0.2964808803,273,320,48,1,"Plautus, Titus Maccius",Curculio,"Plautus, Titus Maccius",Comoediae.,https://babel.hathitrust.org/cgi/pt?id=hvd.hn24zh&seq=273
HN3SMW,urn:cts:latinLit:phi1351.phi001,deu,47,0.6889527446,12,59,7.106382979,4152,806,0.1982949286,12,59,47,0.9791666667,"Tacitus, Cornelius",Agricola,"Tacitus, Cornelius",Das Leben des Agricola,https://babel.hathitrust.org/cgi/pt?id=hvd.hn3smw&seq=12
32044085123289,urn:cts:greekLit:tlg0013.tlg004,ell,51,0.6414569293,491,551,2.62745098,2159,603,0.278389446,505,551,47,1,Homeric Hymns,Hymn 4 to Hermes,Homer,[Homeri] Carmina ad optimorum librorum fidem expressa,https://babel.hathitrust.org/cgi/pt?id=hvd.32044085123289&seq=505
32044054539382,urn:cts:latinLit:phi0474.phi015,eng,48,0.7530521583,168,219,2.125,3837,994,0.273877621,173,219,47,1,"Cicero, Marcus Tullius",Pro P. Sulla,"Cicero, Marcus Tullius.","M. Tullii Ciceronis orationes,",https://babel.hathitrust.org/cgi/pt?id=hvd.32044054539382&seq=173
HXJVLB,urn:cts:latinLit:phi0474.phi054,lat,47,0.6506023195,709,756,2.234042553,3368,671,0.2148381522,709,756,47,0.9791666667,"Cicero, Marcus Tullius",De Fato,"Cicero, Marcus Tullius.","M.T. Ciceronis quae exstant omnia opera, cum deperditorum fragmentis in quatuor partes divisa, item indices quinque novi et absolutissimi.",https://babel.hathitrust.org/cgi/pt?id=hvd.hxjvlb&seq=709
HNJXEV,urn:cts:latinLit:phi0474.phi015,eng,48,0.7516936912,170,221,2.125,3910,995,0.2702617913,175,221,47,1,"Cicero, Marcus Tullius",Pro P. Sulla,"Cicero, Marcus Tullius.","M. Tullii Ciceronis orationes,",https://babel.hathitrust.org/cgi/pt?id=hvd.hnjxev&seq=175
32044097067011,urn:cts:latinLit:phi0448.phi001,lat,49,0.6137792121,85,197,6.081632653,3849,964,0.2591978293,85,131,47,1,Julius Caesar,Gallic War,"Gildersleeve, Basil L.",Latin reader.,https://babel.hathitrust.org/cgi/pt?id=hvd.32044097067011&seq=85
32044035020908,urn:cts:greekLit:tlg4003.tlg001,lat,49,0.630283689,23,720,5.795918367,5809,1448,0.253532721,674,720,47,1,"Marcianus, of Heraclea",Periplus maris exteri,,Geographi graeci minores.E codicibus recognovit prolegomenis annotatione indicibus instruxit...Carolus Mullerus.,https://babel.hathitrust.org/cgi/pt?id=hvd.32044035020908&seq=674
HXKCHI,urn:cts:latinLit:stoa0089.stoa011,lat,47,0.68798531,172,218,2.936170213,3356,734,0.2252579412,172,218,47,1,Claudian,Panegyricus de quarto consulatu Honorii Augusti,"Claudianus, Claudius.",Cl. Claudiani quae exstant varietate lectionis et perpetua adnotatione,https://babel.hathitrust.org/cgi/pt?id=hvd.hxkchi&seq=172
HW2MFV,urn:cts:latinLit:phi1348.abo022,lat,47,0.6111365878,435,481,2.85106383,3094,507,0.1700383826,435,481,47,1,Suetonius,Domitianus,Suetonius,"Opera omnia, ex editione Baumgarten-Crusii, cum notis et interpretatione in usum Delphini variis lectionibus, notis variorum recensu editionum et codicum et indice locupletissimo accurate recensita.",https://babel.hathitrust.org/cgi/pt?id=hvd.hw2mfv&seq=435
HXQ4EG,urn:cts:latinLit:phi1348.abo022,lat,50,0.6044337976,339,422,2.92,3179,509,0.1629595642,339,385,47,1,Suetonius,Domitianus,Suetonius,"Opera omnia, ex editione Baumgarten-Crusii, cum notis et interpretatione in usum Delphini variis lectionibus, notis variorum recensu editionum et codicum et indice locupletissimo accurate recensita.",https://babel.hathitrust.org/cgi/pt?id=hvd.hxq4eg&seq=339
HW2LWF,urn:cts:latinLit:phi0119.phi005,lat,47,0.6562320991,178,224,2.510638298,3858,1061,0.2843397982,178,224,47,1,"Plautus, Titus Maccius",Captivi,"Plautus, Titus Maccius.",Quae supersunt comoediae,https://babel.hathitrust.org/cgi/pt?id=hvd.hw2lwf&seq=178
HN4QF7,urn:cts:latinLit:phi0893.phi006,lat,48,0.6545976858,205,408,2,2771,474,0.1712486841,362,408,47,1,Horace,Ars Poetica,Horace,"Q. Horati Flacci Opera,",https://babel.hathitrust.org/cgi/pt?id=hvd.hn4qf7&seq=362
AH3X63,urn:cts:greekLit:tlg1216.tlg001,eng,47,0.6634837743,146,227,4.085106383,3327,765,0.2447886998,146,227,47,0.5731707317,Barnabae Epistula,The Epistle of Barnabas,"Cunningham, W.",A dissertation on the Epistle of S. Barnabas : including a discussion of its date and authorship,https://babel.hathitrust.org/cgi/pt?id=hvd.ah3x63&seq=146
32044085138758,urn:cts:greekLit:tlg0540.tlg012,ita,47,0.6828513553,72,118,2.191489362,2519,567,0.2262267537,72,118,47,1,Lysias,"Against Eratosthenes, who had been One of the Thirty: Spoken by Lysias Himself",Lysias.,"Lisia. Orazioni scelte,",https://babel.hathitrust.org/cgi/pt?id=hvd.32044085138758&seq=72
32044050954510,urn:cts:greekLit:tlg4003.tlg001,lat,48,0.6054356258,23,720,5.958333333,5770,1425,0.2520175672,674,720,47,1,"Marcianus, of Heraclea",Periplus maris exteri,,Geographi graeci minores.E codicibus recognovit prolegomenis annotatione indicibus instruxit...Carolus Mullerus.,https://babel.hathitrust.org/cgi/pt?id=hvd.32044050954510&seq=674
HN3SMX,urn:cts:latinLit:phi1351.phi001,deu,47,0.6954815023,14,61,6.361702128,4166,805,0.1965041841,14,61,47,0.9791666667,"Tacitus, Cornelius",Agricola,"Tacitus, Cornelius.",Das leben des Agricola.,https://babel.hathitrust.org/cgi/pt?id=hvd.hn3smx&seq=14
32044085234680,urn:cts:latinLit:phi1351.phi002,deu,46,0.7025428275,11,56,2.239130435,2732,659,0.2421283944,11,56,46,1,"Tacitus, Cornelius",Germania,"Tacitus, Cornelius.","De origine, situ, moribus ac populis Germanorum liber.",https://babel.hathitrust.org/cgi/pt?id=hvd.32044085234680&seq=11
HNAJS6,urn:cts:greekLit:tlg0062.tlg041,lat,46,0.645105933,93,138,3.695652174,2453,694,0.2887106367,93,138,46,1,Lucian of Samosata,De Syria dea,Lucian,Opera.,https://babel.hathitrust.org/cgi/pt?id=hvd.hnajs6&seq=93
AH6MEK,urn:cts:greekLit:tlg1487.tlg001,ell,46,0.730037941,13,58,1.782608696,2414,648,0.2687062815,13,58,46,1,"Maximus, Astrologus",Περὶ καταρχῶν,Maximus,Maximi et Ammonis carminum De actionum auspiciis reliquiae. Accedunt Anecdota astrologica.,https://babel.hathitrust.org/cgi/pt?id=hvd.ah6mek&seq=13
32044058247651,urn:cts:latinLit:phi0690.phi001,deu,50,0.6301213417,9,179,4.06,3944,879,0.2243053802,19,64,46,1,Virgil,Eclogues,Virgil.,"Bucolica und Georgica,",https://babel.hathitrust.org/cgi/pt?id=hvd.32044058247651&seq=19
32044085180917,urn:cts:latinLit:phi0660.phi001,eng,47,0.6227351201,79,128,3.85106383,3969,721,0.1826497406,83,128,46,1,Tibullus,Elegiae,"Pinder, North",Selections from the less known latin poets,https://babel.hathitrust.org/cgi/pt?id=hvd.32044085180917&seq=83
HW2LPX,urn:cts:latinLit:phi0588.abo025,deu,47,0.6933906642,387,447,2.127659574,1964,522,0.2738260725,387,432,46,1,"Nepos, Cornelius",Atticus,"Nepos, Cornelius.","De vita excellentium imperatorum,",https://babel.hathitrust.org/cgi/pt?id=hvd.hw2lpx&seq=387
32044085108017,urn:cts:greekLit:tlg0014.tlg009,deu,46,0.6393924842,209,254,2.739130435,4118,454,0.1099284863,209,254,46,1,Demosthenes,Third Philippic,Demosthenes,Ausgewählte Reden des Demosthenes.,https://babel.hathitrust.org/cgi/pt?id=hvd.32044085108017&seq=209
HXJVBT,urn:cts:greekLit:tlg1487.tlg001,ell,46,0.7309291473,15,60,1.739130435,2414,645,0.2675296102,15,60,46,1,"Maximus, Astrologus",Περὶ καταρχῶν,Maximus,Maximi et Ammonis carminum De actionum auspiciis reliquiae. Accedunt Anecdota astrologica.,https://babel.hathitrust.org/cgi/pt?id=hvd.hxjvbt&seq=15
32044096514393,urn:cts:greekLit:tlg1487.tlg001,ell,46,0.7249385003,15,60,1.804347826,2415,650,0.2687815341,15,60,46,1,"Maximus, Astrologus",Περὶ καταρχῶν,Maximus,Maximi et Ammonis carminum De actionum auspiciis reliquiae. Accedunt Anecdota astrologica.,https://babel.hathitrust.org/cgi/pt?id=hvd.32044096514393&seq=15
HW2JG0,urn:cts:greekLit:tlg0059.tlg032,lat,46,0.6704701578,391,436,2.391304348,3119,663,0.221481503,391,436,46,1,Plato,Critias,Plato.,Platonis Opera omnia...,https://babel.hathitrust.org/cgi/pt?id=hvd.hw2jg0&seq=391
HXQ2P4,urn:cts:greekLit:tlg0059.tlg027,ell,46,0.6117127773,441,487,2.173913043,4182,529,0.1561325748,441,487,46,0.9787234043,Plato,Ion,Plato.,Platonis et quae vel Platonis esse feruntur vel Platonica solent comitari seripta graece omnia ad codices manuscriptos recensuit variasque inde lectiones,https://babel.hathitrust.org/cgi/pt?id=hvd.hxq2p4&seq=441
32044015471626,urn:cts:latinLit:stoa0238.stoa005,lat,47,0.626411931,367,507,3.680851064,6873,1397,0.2044140442,462,507,46,1,Prudentius,Apotheosis,,"Patrologiae cursus completus, sive biblioteca universalis, integra, uniformis, commoda, oeconomica, omnium SS. Patrum, doctorum scriptorumque eccelesiasticorum qui ab aevo apostolico ad usque Innocentii III tempora floruerunt ... [Series Latina, in qua prodeunt Patres, doctores scriptoresque Ecclesiae Latinae, a Tertulliano ad Innocentium III]",https://babel.hathitrust.org/cgi/pt?id=hvd.32044015471626&seq=462
HW2JEG,urn:cts:latinLit:phi0959.phi007,deu,46,0.6452910725,314,362,2.97826087,2016,513,0.2573820622,314,362,46,0.9387755102,Ovid,Fasti,,"Geist der römischen Elegie, oder, Auserlesene Gedichte aus Catull, Tibull, Properz und Ovid",https://babel.hathitrust.org/cgi/pt?id=hvd.hw2jeg&seq=314
HN21QD,urn:cts:latinLit:phi0959.phi010,lat,46,0.6547412519,833,878,2.782608696,2847,573,0.203240664,833,878,46,1,Ovid,Ibis,Ovid,"Pvb. Ovidii Nasonis opera omnia, in tres tomos divisa ex accuratissima recensione Nicol. Heinsii. ...",https://babel.hathitrust.org/cgi/pt?id=hvd.hn21qd&seq=833
HXPP62,urn:cts:greekLit:tlg0020.tlg002,ell,47,0.6862647662,23,198,3.617021277,3903,812,0.2136018554,23,68,46,1,Hesiod,Works and Days,,Poetæ minores græci,https://babel.hathitrust.org/cgi/pt?id=hvd.hxpp62&seq=23
32044100860311,urn:cts:greekLit:tlg0031.tlg019,ell,45,0.6775796562,567,611,2.244444444,2387,524,0.2214169766,567,611,45,1,New Testament,To the Hebrews,,Novum Testamentum Graece et Latine,https://babel.hathitrust.org/cgi/pt?id=hvd.32044100860311&seq=567
32044085108439,urn:cts:greekLit:tlg0014.tlg050,lat,45,0.7530830411,32,76,1.2,3474,490,0.1498739346,32,76,45,1,Demosthenes,Apollodorus Against Polycles,Demosthenes,Quae fertur Oratio adversus Polyclem annotationibus illustrata.,https://babel.hathitrust.org/cgi/pt?id=hvd.32044085108439&seq=32
HNJXEW,urn:cts:latinLit:phi0474.phi024,eng,45,0.7609864983,62,106,2.088888889,3706,929,0.2601337555,62,106,45,1,"Cicero, Marcus Tullius",Pro M. Caelio,"Cicero, Marcus Tullius.","M. Tullii Ciceronis orationes,",https://babel.hathitrust.org/cgi/pt?id=hvd.hnjxew&seq=62
32044085108017,urn:cts:greekLit:tlg0014.tlg008,deu,45,0.6473506015,161,205,2.333333333,4021,436,0.1082291362,161,205,45,1,Demosthenes,On the Chersonese,Demosthenes,Ausgewählte Reden des Demosthenes.,https://babel.hathitrust.org/cgi/pt?id=hvd.32044085108017&seq=161
32044097723340,urn:cts:latinLit:phi0474.phi001,eng,47,0.7198951981,20,519,4.468085106,3805,927,0.2563931371,23,67,45,1,"Cicero, Marcus Tullius",Pro P. Quinctio,"Cicero, Marcus Tullius.","M. Tullii Ciceronis orationes,",https://babel.hathitrust.org/cgi/pt?id=hvd.32044097723340&seq=23
HN274Q,urn:cts:latinLit:phi0472.phi001,deu,45,0.6831244808,33,77,2.177777778,3756,641,0.175854056,33,77,45,1,Catullus,Carmina,"Schulze, K. P.","Römische elegiker : eine auswahl Catull, Tibull, Properz und Ovid, für den schulgebrauch",https://babel.hathitrust.org/cgi/pt?id=hvd.hn274q&seq=33
HXJUUP,urn:cts:latinLit:phi1351.phi001,deu,45,0.699898642,12,57,7.444444444,4128,847,0.2118687145,12,57,45,0.9782608696,"Tacitus, Cornelius",Agricola,"Tacitus, Cornelius.",Das leben des agricola von Tacitus.,https://babel.hathitrust.org/cgi/pt?id=hvd.hxjuup&seq=12
HN22SG,urn:cts:latinLit:phi0119.phi008,lat,45,0.6092118609,246,290,2.888888889,3068,802,0.2728672401,246,290,45,1,"Plautus, Titus Maccius",Curculio,"Plautus, Titus Maccius.",Macci Plavti Comoediae : Accedit commentarivs ex variorum notis & observationibus quarum plurimae nunc primum eduntur,https://babel.hathitrust.org/cgi/pt?id=hvd.hn22sg&seq=246
HW2JFY,urn:cts:greekLit:tlg0059.tlg014,lat,45,0.6325844922,333,377,2.755555556,3195,664,0.2196134017,333,377,45,1,Plato,Alcibiades 2,Plato.,Platonis Opera omnia...,https://babel.hathitrust.org/cgi/pt?id=hvd.hw2jfy&seq=333
HNJXET,urn:cts:latinLit:phi0474.phi001,eng,47,0.7177166916,24,517,4.468085106,3823,928,0.2555207092,27,71,45,1,"Cicero, Marcus Tullius",Pro P. Quinctio,"Cicero, Marcus Tullius.","M. Tullii Ciceronis orationes,",https://babel.hathitrust.org/cgi/pt?id=hvd.hnjxet&seq=27
32044100860311,urn:cts:greekLit:tlg0031.tlg008,ell,44,0.692708044,422,465,1.75,2304,436,0.1903071763,422,465,44,1,New Testament,2 Corinthians,,Novum Testamentum Graece et Latine,https://babel.hathitrust.org/cgi/pt?id=hvd.32044100860311&seq=422
HW2M7A,urn:cts:latinLit:stoa0045.stoa014,lat,44,0.6482711608,322,365,2.431818182,2650,588,0.2331759917,322,365,44,1,"Ausonius, Decimus Magnus",Gratiarum Actio,"Ausonius, Decimus Magnus.","D. Magni Ausonii Burdigalensis Opera omnia : ex editione Bipontina, cum notis et interpretatione in usum Delphini, variis lectionibus, notis variorum recensu editionum et codicum et indice locupletissimo accurate recensita.",https://babel.hathitrust.org/cgi/pt?id=hvd.hw2m7a&seq=322
HXJH6G,urn:cts:latinLit:stoa0022a.stoa001,lat,46,0.918975418,130,549,1.108695652,2034,47,0.02336194327,414,549,44,0.3235294118,Ambrosiaster,Pseudo-Augustini Quaestiones Veteris et Novi Testamenti CXXVII,"Mayer, Joannes Godofridus.","Historia diaboli seu Commentatio de diaboli malorumque spirituum exsistentia, statibus, indiciis, consiliis, potestate.",https://babel.hathitrust.org/cgi/pt?id=hvd.hxjh6g&seq=414
HXQ2P8,urn:cts:greekLit:tlg0059.tlg028,ell,44,0.6181977337,149,192,2.931818182,3718,602,0.1731701558,149,192,44,1,Plato,Menexenus,Plato.,Platonis et quae vel Platonis esse feruntur vel Platonica solent comitari seripta graece omnia ad codices manuscriptos recensuit variasque inde lectiones,https://babel.hathitrust.org/cgi/pt?id=hvd.hxq2p8&seq=149
HXJUXK,urn:cts:latinLit:stoa0045.stoa014,lat,44,0.6093573499,316,359,4.181818182,2740,587,0.2282383392,316,359,44,1,"Ausonius, Decimus Magnus",Gratiarum Actio,"Ausonius, Decimus Magnus.","D. Magni Ausonii Burdigalensis Opera omnia : ex editione Bipontina, cum notis et interpretatione in usum Delphini, variis lectionibus, notis variorum recensu editionum et codicum et indice locupletissimo accurate recensita.",https://babel.hathitrust.org/cgi/pt?id=hvd.hxjuxk&seq=316
HNJTTG,urn:cts:latinLit:phi0474.phi009,deu,44,0.7337706404,29,72,2.113636364,3850,775,0.2025277151,29,72,44,1,"Cicero, Marcus Tullius",De Imperio Cn. Pompei Ad Quirites,"Cicero, Marcus Tullius.",Rede über das imperium des Cn. Pompeius.,https://babel.hathitrust.org/cgi/pt?id=hvd.hnjttg&seq=29
HN5HEE,urn:cts:greekLit:tlg0014.tlg025,ell,44,0.7460076572,907,950,2.090909091,2987,786,0.2702281111,907,950,44,1,Demosthenes,Against Aristogeiton I,Demosthenes,Les plaidoyers politiques,https://babel.hathitrust.org/cgi/pt?id=hvd.hn5hee&seq=907
32044085159333,urn:cts:greekLit:tlg0007.tlg025,ell,45,0.7263792383,447,502,2.911111111,3512,939,0.2729601612,447,490,44,1,Plutarch,Marcus Cato,Plutarch,Ausgewählte biographieen.,https://babel.hathitrust.org/cgi/pt?id=hvd.32044085159333&seq=447
HN3SCU,urn:cts:greekLit:tlg0007.tlg025,ell,45,0.7274819897,565,620,3.911111111,3535,938,0.2713774659,565,608,44,1,Plutarch,Marcus Cato,Plutarch,"Ausgewählte Biographieen des Plutarch,",https://babel.hathitrust.org/cgi/pt?id=hvd.hn3scu&seq=565
HXJVSP,urn:cts:greekLit:tlg0014.tlg025,ell,44,0.7695641386,321,364,1.909090909,2897,789,0.278872683,321,364,44,1,Demosthenes,Against Aristogeiton I,Demosthenes.,"Les plaidovers politiques de Démosthène. Texte grec pub.d'après les travaux les plus récents de la philologie, avec un commentaire critique et explicatif, une préface et des notices sur chaque discours",https://babel.hathitrust.org/cgi/pt?id=hvd.hxjvsp&seq=321
32044050669639,urn:cts:latinLit:stoa0045.stoa014,lat,44,0.6454787678,284,327,2.522727273,2632,589,0.2354816913,284,327,44,1,"Ausonius, Decimus Magnus",Gratiarum Actio,"Ausonius, Decimus Magnus","D. Magni Ausonii Burdigalensis Opera omnia : ex editione Bipontina, cum notis et interpretatione in usum Delphini, variis lectionibus, notis variorum recensu editionum et codicum et indice locupletissimo accurate recensita.",https://babel.hathitrust.org/cgi/pt?id=hvd.32044050669639&seq=284
HXQ4J7,urn:cts:latinLit:phi0119.phi007,lat,44,0.6586348948,9,52,2.522727273,2310,677,0.2989804994,9,52,44,1,"Plautus, Titus Maccius",Cistellaria,"Plautus, Titus Maccius.",M. Accii Plauti Comœdiæ.,https://babel.hathitrust.org/cgi/pt?id=hvd.hxq4j7&seq=9
HXIK5I,urn:cts:latinLit:phi0690.phi001,lat,44,0.6757192369,9,52,4.659090909,3611,903,0.2496993841,9,52,44,1,Virgil,Eclogues,Virgil.,"[P. Virgilii Maronis] Opera omnia,",https://babel.hathitrust.org/cgi/pt?id=hvd.hxik5i&seq=9
HNAIF4,urn:cts:greekLit:tlg0033.tlg004,lat,43,0.615307334,457,509,5.348837209,2569,575,0.2199337641,457,509,43,0.8113207547,Pindar,Isthmean,Pindar.,"Pindari Carmina, prolegomenis et commentariis instructa,",https://babel.hathitrust.org/cgi/pt?id=hvd.hnaif4&seq=457
32044054757570,urn:cts:greekLit:tlg0018.tlg027,ell,45,0.689709272,428,549,2.8,3157,764,0.2369069457,505,549,43,0.9555555556,Philo Judaeus,Quod Omnis Probus Liber Sit,Philo,Philonis Alexandrini opera quae supersunt,https://babel.hathitrust.org/cgi/pt?id=hvd.32044054757570&seq=505
HN2NQ4,urn:cts:latinLit:phi0959.phi010,lat,43,0.633108013,774,816,3.744186047,3131,652,0.2156667957,774,816,43,1,Ovid,Ibis,Ovid,P. Ovidii Nasonis Opera omnia : in tres tomos divisa,https://babel.hathitrust.org/cgi/pt?id=hvd.hn2nq4&seq=774
32044085190312,urn:cts:latinLit:phi0474.phi009,lat,43,0.6952176653,491,534,3.465116279,3245,903,0.2887898257,491,534,43,0.9772727273,"Cicero, Marcus Tullius",De Imperio Cn. Pompei Ad Quirites,"Cicero, Marcus Tullius.","Orationes VI : Pro Sulla, Pro Sextio, Pro Milone, Pro Archia P., Pro Ligario, et Pro Rege Deiotaro",https://babel.hathitrust.org/cgi/pt?id=hvd.32044085190312&seq=491
HW202H,urn:cts:latinLit:phi1351.phi001,deu,50,0.6530742593,171,694,7.92,4337,850,0.1978632781,592,634,43,1,"Tacitus, Cornelius",Agricola,"Tacitus, Cornelius.",Die Annalen des Tacitus : Schulausgabe,https://babel.hathitrust.org/cgi/pt?id=hvd.hw202h&seq=592
HX5PYP,urn:cts:greekLit:tlg0006.tlg001,eng,43,0.7163348195,609,651,2.186046512,3667,712,0.1985050147,609,651,43,1,Euripides,Cyclops,Euripides.,Euripides.,https://babel.hathitrust.org/cgi/pt?id=hvd.hx5pyp&seq=609
32044085217347,urn:cts:latinLit:phi0969.phi001,lat,43,0.6028771501,49,99,1.11627907,1451,229,0.1547423587,49,99,43,0.8431372549,Persius,Saturae,Persius,Auli Persii Flacci Satira prima.,https://babel.hathitrust.org/cgi/pt?id=hvd.32044085217347&seq=49
32044097077945,urn:cts:latinLit:phi0474.phi009,eng,44,0.7387368227,196,241,2.454545455,3062,785,0.259994806,199,241,43,1,"Cicero, Marcus Tullius",De Imperio Cn. Pompei Ad Quirites,"Cicero, Marcus Tullius.","Selected orations and letters of Cicero, to which is added the Catiline of Sallust; with historical introduction, an outline of the Roman constitution, notes, vocabulary and index, by Harold Whetstone Johnston ...",https://babel.hathitrust.org/cgi/pt?id=hvd.32044097077945&seq=199
HXJVDE,urn:cts:greekLit:tlg0062.tlg015,ell,43,0.6616068987,797,839,4.674418605,2191,604,0.2890537435,797,839,43,1,Lucian of Samosata,Symposium,Lucian,Lucianus Samosatensis,https://babel.hathitrust.org/cgi/pt?id=hvd.hxjvde&seq=797
HXJVDW,urn:cts:greekLit:tlg0062.tlg022,ell,49,0.6242291814,101,171,3.265306122,3748,861,0.2602556433,101,143,43,1,Lucian of Samosata,Timon,Lucian,Ausgewählte Schriften;,https://babel.hathitrust.org/cgi/pt?id=hvd.hxjvdw&seq=101
HNAJSC,urn:cts:greekLit:tlg0062.tlg031,lat,44,0.6573313214,245,571,4.045454545,2739,716,0.2622752947,245,287,43,1,Lucian of Samosata,Philopseudes sive incredulus,Lucian,Opera.,https://babel.hathitrust.org/cgi/pt?id=hvd.hnajsc&seq=245
32044102854809,urn:cts:greekLit:tlg0540.tlg012,eng,44,0.6226624639,93,248,3.568181818,2835,605,0.2136060217,93,135,43,1,Lysias,"Against Eratosthenes, who had been One of the Thirty: Spoken by Lysias Himself",Lysias.,"Eight orations of Lysias,",https://babel.hathitrust.org/cgi/pt?id=hvd.32044102854809&seq=93
HN21QT,urn:cts:latinLit:phi0959.phi010,lat,43,0.6797493393,886,928,2.534883721,3143,650,0.2157413755,886,928,43,1,Ovid,Ibis,Ovid,"P. Ovidii Nasonis Opera omnia : in tres tomos divisa : cum integris Nicolai Heinsii, D.F., lectissimisque variorum notis : quibus non pauca, ad suos quæque antiquitatis fontes diligenti comparatione reducta, accesserunt, studio Borchardi Cnippingii.",https://babel.hathitrust.org/cgi/pt?id=hvd.hn21qt&seq=886
32044085234169,urn:cts:latinLit:phi1351.phi001,deu,44,0.7321172836,14,60,3.090909091,3951,848,0.2213174503,14,55,42,1,"Tacitus, Cornelius",Agricola,"Tacitus, Cornelius",Das Leben des Agricola,https://babel.hathitrust.org/cgi/pt?id=hvd.32044085234169&seq=14
HXJUNK,urn:cts:latinLit:stoa0255.stoa012,lat,42,0.6299579565,17,60,2.571428571,2880,551,0.2090445334,17,60,42,0.9545454545,"Seneca, Lucius Annaeus",de Providentia,"Seneca, Lucius Annaeus","L. Annæ Senecæ, pars prima; sive opera philosophica ...",https://babel.hathitrust.org/cgi/pt?id=hvd.hxjunk&seq=17
32044085138683,urn:cts:greekLit:tlg0540.tlg019,deu,46,0.6073509435,559,669,4.173913043,4591,378,0.08098412674,559,600,42,1,Lysias,On the Property of Aristophanes: Against the Treasury,Lysias.,Für den Schulgebrauch erklärt von Hermann.,https://babel.hathitrust.org/cgi/pt?id=hvd.32044085138683&seq=559
32044035020908,urn:cts:greekLit:tlg0068.tlg001,lat,44,0.6795266719,86,395,5.590909091,5207,990,0.1904339396,354,395,42,1,Pseudo-Scymnus,"Ad Nicomedem regem, vv. 1-980",,Geographi graeci minores.E codicibus recognovit prolegomenis annotatione indicibus instruxit...Carolus Mullerus.,https://babel.hathitrust.org/cgi/pt?id=hvd.32044035020908&seq=354
32044019501329,urn:cts:greekLit:tlg0068.tlg001,lat,46,0.6421935976,26,397,7.760869565,5493,1006,0.1827113401,356,397,42,1,Pseudo-Scymnus,"Ad Nicomedem regem, vv. 1-980",,"Geographi Graeci minores. E codicibus recognovit prolegomenis, annotatione, indicibus instruxit, tabulis aeri incisis illustravit Carolus Müllerus.",https://babel.hathitrust.org/cgi/pt?id=hvd.32044019501329&seq=356
HXPP6S,urn:cts:greekLit:tlg0540.tlg014,ell,43,0.661064085,33,533,2.837209302,3492,737,0.2486807801,480,533,42,0.7777777778,Lysias,Against Alcibiades 1,"Dobson, William Stephen",Oratores attici et quos sic vocant sophistae.,https://babel.hathitrust.org/cgi/pt?id=hvd.hxpp6s&seq=480
HNJTT1,urn:cts:latinLit:phi0893.phi006,eng,43,0.6626275243,400,447,2.279069767,4289,474,0.1134445817,406,447,42,1,Horace,Ars Poetica,Horace.,"Opera omnia, works ;",https://babel.hathitrust.org/cgi/pt?id=hvd.hnjtt1&seq=406
HXQ2XJ,urn:cts:greekLit:tlg0007.tlg094,ell,42,0.6695357449,369,414,2.857142857,2252,631,0.2801247933,369,414,42,0.9130434783,Plutarch,De Virtute Morali,Plutarch.,"Ploutarchou tou Chairōneōs Ta ēthika = Plutarchi Chaeronensis Moralia, id est Opera, exceptis vitis, reliqua",https://babel.hathitrust.org/cgi/pt?id=hvd.hxq2xj&seq=369
HW2M7O,urn:cts:latinLit:phi0474.phi025,lat,42,0.6676572246,399,440,3.380952381,2560,647,0.2601733717,399,440,42,1,"Cicero, Marcus Tullius",De provinciis consularibus,"Ernesti, Johann August","Clavis Ciceroniana, sive, Indices rerum et verborum philologico-critici in opera Ciceronis : accedunt Graeca Ciceronis necessariis observationibus illustrata",https://babel.hathitrust.org/cgi/pt?id=hvd.hw2m7o&seq=399
32044038446548,urn:cts:latinLit:stoa0234f.stoa001,lat,44,0.7023684931,525,621,2.954545455,2496,710,0.2836388415,580,621,42,1,Proba,Cento,,Poetae christiani minores.,https://babel.hathitrust.org/cgi/pt?id=hvd.32044038446548&seq=580
32044097077960,urn:cts:latinLit:phi0474.phi057,eng,42,0.6528639491,387,454,2.904761905,2145,594,0.2827971813,387,454,42,0.6176470588,"Cicero, Marcus Tullius",Letters to Atticus,"Cicero, Marcus Tullius.",M. Tulli Ciceronis Orationes et epistolae selectae. Selected orations and letters of Cicero;,https://babel.hathitrust.org/cgi/pt?id=hvd.32044097077960&seq=387
AH5HPC,urn:cts:greekLit:tlg0031.tlg008,lat,42,0.6265628121,150,192,2.880952381,3685,499,0.1376785012,150,192,42,0.976744186,New Testament,2 Corinthians,,"He Kaine Diatheke = Novum Testamentum Graecum domini nostri Jesu Christi; cum scholiis theologicis et philologicis, in quibus....",https://babel.hathitrust.org/cgi/pt?id=hvd.ah5hpc&seq=150
32044085181212,urn:cts:latinLit:phi0959.phi008,deu,54,0.6923098857,58,369,2.388888889,4546,904,0.2013576036,328,369,42,1,Ovid,Tristia,"Schulze, K. P.","Römische Elegiker : eine Auswahl aus Catull, Tibull, Properz und Ovid, für den Schulgebrauch",https://babel.hathitrust.org/cgi/pt?id=hvd.32044085181212&seq=328
32044085200624,urn:cts:latinLit:phi0893.phi006,deu,44,0.6453736369,427,495,4.204545455,4443,485,0.1125178837,427,468,42,1,Horace,Ars Poetica,Horace.,Satiren und Episteln : Für den Schulgebraucht erklärt,https://babel.hathitrust.org/cgi/pt?id=hvd.32044085200624&seq=427
32044079965083,urn:cts:greekLit:tlg4036.tlg001,deu,46,0.9012635168,51,223,2.47826087,2558,48,0.02090706592,51,135,42,0.4941176471,Proclus,In Platonis Rem Publicam Commentarii,"Stolz, Otto",Grundzüge der Differential- und Integralrechnung.,https://babel.hathitrust.org/cgi/pt?id=hvd.32044079965083&seq=51
AH3W1K,urn:cts:latinLit:stoa0275.stoa008,lat,43,0.6302791395,423,1109,4.790697674,3558,769,0.2312891346,423,464,42,1,Tertullian,Adversus Valentinianos,Tertullian,Quae supersunt omnia.,https://babel.hathitrust.org/cgi/pt?id=hvd.ah3w1k&seq=423
HW2LTO,urn:cts:latinLit:phi0631.phi003,deu,42,0.6541680745,238,286,2.285714286,3141,469,0.1595085235,238,286,42,0.8571428571,Sallust,Historiae,Sallust,"De Conjuratione Catalinae et De bello Jugurthino, libri ex historiarum libris quinque deperditis, orationes et epistolae.",https://babel.hathitrust.org/cgi/pt?id=hvd.hw2lto&seq=238
32044072017270,urn:cts:latinLit:phi0631.phi003,deu,43,0.6333405559,251,303,3.441860465,3417,473,0.1475889049,251,299,42,0.8571428571,Sallust,Historiae,Sallust,C. Sallusti Crispi De coniuratione Catilinae et De bello Iugurthino libri : ex historiarum libris quinque deperditis orationes et epistulae,https://babel.hathitrust.org/cgi/pt?id=hvd.32044072017270&seq=251
32044085159630,urn:cts:greekLit:tlg0007.tlg067,ell,42,0.6485610619,9,50,2.738095238,2373,690,0.2953184117,9,50,42,1,Plutarch,De liberis educandis,Plutarch,De l'éducation des enfants. (Texte grec) corrigé d'après les meilleures éditions avec des notes historiques et grammaticales en français,https://babel.hathitrust.org/cgi/pt?id=hvd.32044085159630&seq=9
HNJXGC,urn:cts:latinLit:phi0893.phi006,eng,43,0.655930566,400,447,2.325581395,4347,472,0.1110592344,406,447,42,1,Horace,Ars Poetica,Horace,Quinti Horati Flacci opera omnia: the works of Horace,https://babel.hathitrust.org/cgi/pt?id=hvd.hnjxgc&seq=406
32044050954510,urn:cts:greekLit:tlg0068.tlg001,lat,46,0.649474543,86,395,7.304347826,5511,1006,0.1824292578,354,395,42,1,Pseudo-Scymnus,"Ad Nicomedem regem, vv. 1-980",,Geographi graeci minores.E codicibus recognovit prolegomenis annotatione indicibus instruxit...Carolus Mullerus.,https://babel.hathitrust.org/cgi/pt?id=hvd.32044050954510&seq=354
32044021156971,urn:cts:greekLit:tlg1216.tlg001,lat,47,0.6128767324,36,254,5.340425532,2891,695,0.2553089731,86,166,42,0.5185185185,Barnabae Epistula,The Epistle of Barnabas,,"Barnabae epistula : graece et latine : recensuerunt et illustraverunt Papiae quae supersunt, Presbyterorum reliquias ab Ireneo Servatas, Vetus Ecclesiae Romanae symbolum, Epistulam ad Diognetum",https://babel.hathitrust.org/cgi/pt?id=hvd.32044021156971&seq=86
HNJVSJ,urn:cts:latinLit:stoa0089.stoa013,lat,41,0.6361637582,433,473,2.292682927,2524,360,0.1424490347,433,473,41,1,Claudian,Panegyricus dictus Manlio Theodoro consuli,"Claudianus, Claudius",Opera omnia,https://babel.hathitrust.org/cgi/pt?id=hvd.hnjvsj&seq=433
32044085123289,urn:cts:greekLit:tlg0013.tlg002,ell,41,0.6342783308,569,609,3.268292683,1808,481,0.2700072559,569,609,41,1,Homeric Hymns,Hymn 2 to Demeter,Homer,[Homeri] Carmina ad optimorum librorum fidem expressa,https://babel.hathitrust.org/cgi/pt?id=hvd.32044085123289&seq=569
AH68C7,urn:cts:latinLit:stoa0104a.stoa014,lat,46,0.9024629055,7,412,0.6304347826,1651,51,0.03272451765,163,243,41,0.5061728395,"Cyprian Saint, Bishop of Carthage",Testimoniorum Libri Tres adversus Judaeos,"Luther, Martin",D. Martini Lutheri Exegetica opera latina,https://babel.hathitrust.org/cgi/pt?id=hvd.ah68c7&seq=163
32044085200848,urn:cts:latinLit:phi0893.phi006,fra,42,0.6535087726,23,75,3.214285714,3820,473,0.1274299861,35,75,41,1,Horace,Ars Poetica,Horace.,"Q. Horatii Flacci Epistula ad Pisones de arte poetica : Horace, art poétique, texte Latin",https://babel.hathitrust.org/cgi/pt?id=hvd.32044085200848&seq=35
HXJ9A9,urn:cts:greekLit:tlg0013.tlg002,lat,41,0.6641129384,143,183,2.317073171,1746,483,0.2780908476,143,183,41,1,Homeric Hymns,Hymn 2 to Demeter,Homer.,"Hymni, Epigrammata, Fragmenta et Batrachomyomachia.",https://babel.hathitrust.org/cgi/pt?id=hvd.hxj9a9&seq=143
32044100860279,urn:cts:greekLit:tlg0031.tlg008,ell,41,0.6616858019,383,424,2.219512195,1947,444,0.2293714294,383,424,41,0.9761904762,New Testament,2 Corinthians,,"Novum Testamentum graece / ad antiquos testes denuo recensuit, apparatum criticum omni studio perfectum apposuit, commentationem isagogicam praetexuit",https://babel.hathitrust.org/cgi/pt?id=hvd.32044100860279&seq=383
HN274Q,urn:cts:latinLit:phi0660.phi001,deu,41,0.6859069909,80,120,2.195121951,3485,621,0.1818464772,80,120,41,1,Tibullus,Elegiae,"Schulze, K. P.","Römische elegiker : eine auswahl Catull, Tibull, Properz und Ovid, für den schulgebrauch",https://babel.hathitrust.org/cgi/pt?id=hvd.hn274q&seq=80
HN2W5I,urn:cts:greekLit:tlg0007.tlg069,lat,41,0.6923203139,316,356,2.317073171,2209,629,0.2855320666,316,356,41,1,Plutarch,De recta ratione audiendi,Plutarch.,"Ploutarchou tou Chairōneōs Ta ēthika = Plutarchi Chaeronensis Moralia, id est Opera, exceptis vitis, reliqua",https://babel.hathitrust.org/cgi/pt?id=hvd.hn2w5i&seq=316
32044020532958,urn:cts:greekLit:tlg0010.tlg018,ell,41,0.6801566118,83,123,2.512195122,3741,533,0.1441088711,83,123,41,1,Isocrates,Areopagiticus,Isocrates,Isokrates ausgewählte Reden : für den Schulgebrauch,https://babel.hathitrust.org/cgi/pt?id=hvd.32044020532958&seq=83
HN215K,urn:cts:latinLit:phi0474.phi019,lat,50,0.6298957625,353,849,6.84,3909,601,0.1731019417,353,394,41,0.9761904762,"Cicero, Marcus Tullius",Cum Senatui gratias egit,"Cicero, Marcus Tullius.",M. Tulli Ciceronis Orationes,https://babel.hathitrust.org/cgi/pt?id=hvd.hn215k&seq=353
32044098638869,urn:cts:latinLit:stoa0089.stoa013,lat,41,0.6333808372,429,469,2.341463415,2522,360,0.1430182702,429,469,41,1,Claudian,Panegyricus dictus Manlio Theodoro consuli,"Claudianus, Claudius",Opera omnia,https://babel.hathitrust.org/cgi/pt?id=hvd.32044098638869&seq=429
HWSSV9,urn:cts:greekLit:tlg0031.tlg007,deu,43,0.6892428222,13,487,2.860465116,2713,720,0.2724942008,13,55,41,0.9534883721,New Testament,1 Corinthians,"Rückert, Leopold Immanuel",Die Briefe Pauli an die Korinther,https://babel.hathitrust.org/cgi/pt?id=hvd.hwssv9&seq=13
AH3W1J,urn:cts:latinLit:stoa0275.stoa017,lat,41,0.6523139014,105,145,3.292682927,3418,829,0.2585141576,105,145,41,1,Tertullian,De idololatria,Tertullian,Quae supersunt omnia.,https://babel.hathitrust.org/cgi/pt?id=hvd.ah3w1j&seq=105
AH3W1J,urn:cts:latinLit:stoa0275.stoa030,lat,41,0.6251128446,533,573,4.682926829,3238,905,0.2898347773,533,573,41,1,Tertullian,Scorpiace,Tertullian,Quae supersunt omnia.,https://babel.hathitrust.org/cgi/pt?id=hvd.ah3w1j&seq=533
32044085227189,urn:cts:latinLit:phi0631.phi003,deu,41,0.6592689695,234,281,2.317073171,3255,464,0.1517936105,234,281,41,0.8541666667,Sallust,Historiae,Sallust,"De coniuratione Catilinae ; et, De bello Iugurthino : libri ex historiarum libris quinque deperditis orationes et epistulae",https://babel.hathitrust.org/cgi/pt?id=hvd.32044085227189&seq=234
HNJWVY,urn:cts:latinLit:phi0893.phi003,lat,43,0.6046649848,42,359,3.837209302,3577,617,0.1781807923,316,359,41,0.9318181818,Horace,Epodi,Horace.,Q. Horatii Flacci Opera omnia.,https://babel.hathitrust.org/cgi/pt?id=hvd.hnjwvy&seq=316
HXJVBW,urn:cts:greekLit:tlg0540.tlg012,eng,42,0.6222296943,93,244,3.523809524,2757,570,0.2077369739,93,133,41,1,Lysias,"Against Eratosthenes, who had been One of the Thirty: Spoken by Lysias Himself",Lysias.,"Eight orations of Lysias,",https://babel.hathitrust.org/cgi/pt?id=hvd.hxjvbw&seq=93
HNJVSJ,urn:cts:latinLit:stoa0089.stoa006,lat,40,0.6331219713,318,357,2.875,2412,364,0.1508731018,318,357,40,1,Claudian,Epithalamium de nuptiis Honorii Augusti,"Claudianus, Claudius",Opera omnia,https://babel.hathitrust.org/cgi/pt?id=hvd.hnjvsj&seq=318
32044098638950,urn:cts:latinLit:phi0588.abo025,lat,42,0.6036770008,32,388,3.047619048,2241,486,0.2155005422,349,388,40,1,"Nepos, Cornelius",Atticus,,"Scriptores latini in usum Delphini, cum notis variorum variis lectionibus, conspectu codicum et editionum et indicibus locupletissimus accurate recensiti.",https://babel.hathitrust.org/cgi/pt?id=hvd.32044098638950&seq=349
HW2M7X,urn:cts:latinLit:stoa0089.stoa004,lat,40,0.6522657509,11,50,2.525,2329,396,0.1709499287,11,50,40,1,Claudian,de consulatu Stilichonis,"Claudianus, Claudius",Opera omnia,https://babel.hathitrust.org/cgi/pt?id=hvd.hw2m7x&seq=11
32044069760742,urn:cts:greekLit:tlg0031.tlg008,ell,40,0.6733703267,385,426,2.075,1966,437,0.2239497412,385,426,40,0.9523809524,New Testament,2 Corinthians,,"Novum Testamentum graece / ad antiquos testes denuo recensuit, apparatum criticum omni studio perfectum apposuit, commentationem isagogicam praetexuit",https://babel.hathitrust.org/cgi/pt?id=hvd.32044069760742&seq=385
32044012781761,urn:cts:latinLit:phi0474.phi043,lat,41,0.6323759169,164,217,3.804878049,2932,572,0.2005227427,177,217,40,0.9756097561,"Cicero, Marcus Tullius",De Republica,"Cicero, Marcus Tullius.","Tusculanarum disputationum liber primus, et Somnium scipionis,",https://babel.hathitrust.org/cgi/pt?id=hvd.32044012781761&seq=177
HXQ2XJ,urn:cts:greekLit:tlg0007.tlg090,ell,40,0.6392640865,143,182,2.8,2105,578,0.2752176722,143,182,40,1,Plutarch,De E apud Delphos,Plutarch.,"Ploutarchou tou Chairōneōs Ta ēthika = Plutarchi Chaeronensis Moralia, id est Opera, exceptis vitis, reliqua",https://babel.hathitrust.org/cgi/pt?id=hvd.hxq2xj&seq=143
AH5ICV,urn:cts:greekLit:tlg0031.tlg008,ell,41,0.6378669232,187,1424,2.707317073,1972,433,0.2229713322,1383,1424,40,0.9523809524,New Testament,2 Corinthians,,"Novum Testamentum graece / ad antiquos testes denuo recensuit, apparatum criticum omni studio perfectum apposuit, commentationem isagogicam praetexuit",https://babel.hathitrust.org/cgi/pt?id=hvd.ah5icv&seq=1383
32044097077945,urn:cts:latinLit:phi0474.phi005,eng,41,0.7048124287,268,565,5.268292683,2687,738,0.2799762328,268,309,40,0.9523809524,"Cicero, Marcus Tullius",In C. Verrem,"Cicero, Marcus Tullius.","Selected orations and letters of Cicero, to which is added the Catiline of Sallust; with historical introduction, an outline of the Roman constitution, notes, vocabulary and index, by Harold Whetstone Johnston ...",https://babel.hathitrust.org/cgi/pt?id=hvd.32044097077945&seq=268
HN2W5I,urn:cts:greekLit:tlg0007.tlg071,lat,40,0.6706132579,462,502,2.3,2099,576,0.2748250668,462,502,40,0.9756097561,Plutarch,Quomodo quis suos in virtute sentiat profectus,Plutarch.,"Ploutarchou tou Chairōneōs Ta ēthika = Plutarchi Chaeronensis Moralia, id est Opera, exceptis vitis, reliqua",https://babel.hathitrust.org/cgi/pt?id=hvd.hn2w5i&seq=462
HXQ4JB,urn:cts:latinLit:phi0588.abo025,lat,42,0.6250936373,32,388,2.738095238,2235,484,0.2154297112,349,388,40,1,"Nepos, Cornelius",Atticus,"Nepos, Cornelius.",Vitae excellentium imperatorum.,https://babel.hathitrust.org/cgi/pt?id=hvd.hxq4jb&seq=349
32044098638869,urn:cts:latinLit:stoa0089.stoa006,lat,40,0.6332790471,314,353,2.9,2397,364,0.1516175728,314,353,40,1,Claudian,Epithalamium de nuptiis Honorii Augusti,"Claudianus, Claudius",Opera omnia,https://babel.hathitrust.org/cgi/pt?id=hvd.32044098638869&seq=314
HW2M7W,urn:cts:latinLit:stoa0089.stoa006,lat,40,0.6148613832,320,359,3.225,2506,365,0.145703753,320,359,40,1,Claudian,Epithalamium de nuptiis Honorii Augusti,"Claudianus, Claudius",Opera omnia,https://babel.hathitrust.org/cgi/pt?id=hvd.hw2m7w&seq=320
HNJWYP,urn:cts:latinLit:phi0893.phi003,eng,40,0.6711897712,288,327,2.625,2576,618,0.2465730791,288,327,40,1,Horace,Epodi,Horace.,Quinti Horatii Flacci Opera = The works of Horace,https://babel.hathitrust.org/cgi/pt?id=hvd.hnjwyp&seq=288
32044011894938,urn:cts:latinLit:phi0474.phi012,eng,45,0.6155535944,81,168,5.022222222,3084,482,0.1674172927,81,120,40,1,"Cicero, Marcus Tullius",Pro C. Rabirio Perduellionis Reo Ad Quirites,"Cicero, Marcus Tullius.",Pro C. Rabirio [perduellionis reo] oratio ad Quirites.,https://babel.hathitrust.org/cgi/pt?id=hvd.32044011894938&seq=81
32044102855608,urn:cts:greekLit:tlg0059.tlg003,eng,39,0.656491981,159,197,2.512820513,2803,522,0.1913455214,159,197,39,1,Plato,Crito,Plato,Apology of Socrates and Crito,https://babel.hathitrust.org/cgi/pt?id=hvd.32044102855608&seq=159
HW2LTA,urn:cts:latinLit:phi0474.phi004,lat,40,0.6396945624,28,259,4.75,3337,761,0.2332035059,28,66,39,1,"Cicero, Marcus Tullius",Divinatio in Q. Caecilium,"Cicero, Marcus Tullius.",Ausgewählte Reden,https://babel.hathitrust.org/cgi/pt?id=hvd.hw2lta&seq=28
32044054539382,urn:cts:latinLit:phi0474.phi021,eng,40,0.7566994116,443,484,2.225,3093,829,0.2794649026,446,484,39,1,"Cicero, Marcus Tullius",De haruspicum responso in P. Clodium,"Cicero, Marcus Tullius.","M. Tullii Ciceronis orationes,",https://babel.hathitrust.org/cgi/pt?id=hvd.32044054539382&seq=446
32044098646524,urn:cts:latinLit:phi0474.phi023,lat,39,0.6149800626,11,49,3.743589744,2357,571,0.2468795948,11,49,39,1,"Cicero, Marcus Tullius",Against Vatinius,"Cicero, Marcus Tullius.",M. Tullii Ciceronis orationes,https://babel.hathitrust.org/cgi/pt?id=hvd.32044098646524&seq=11
32044102855624,urn:cts:greekLit:tlg0059.tlg003,eng,39,0.656025913,159,197,2.384615385,2803,522,0.1909207631,159,197,39,1,Plato,Crito,Plato,Apology of Socrates and Crito,https://babel.hathitrust.org/cgi/pt?id=hvd.32044102855624&seq=159
32044069760742,urn:cts:greekLit:tlg0031.tlg019,ell,39,0.6384981175,564,604,2.717948718,1972,505,0.2581062216,564,604,39,0.9512195122,New Testament,To the Hebrews,,"Novum Testamentum graece / ad antiquos testes denuo recensuit, apparatum criticum omni studio perfectum apposuit, commentationem isagogicam praetexuit",https://babel.hathitrust.org/cgi/pt?id=hvd.32044069760742&seq=564
HXQ2P3,urn:cts:greekLit:tlg0059.tlg020,ell,39,0.6216706037,409,447,4.102564103,2845,802,0.2967248833,409,447,39,1,Plato,Lysis,Plato.,Platonis et quae vel Platonis esse feruntur vel Platonica solent comitari seripta graece omnia ad codices manuscriptos recensuit variasque inde lectiones,https://babel.hathitrust.org/cgi/pt?id=hvd.hxq2p3&seq=409
HNJXEV,urn:cts:latinLit:phi0474.phi021,eng,40,0.7550550393,445,486,2.225,3146,830,0.275477602,448,486,39,1,"Cicero, Marcus Tullius",De haruspicum responso in P. Clodium,"Cicero, Marcus Tullius.","M. Tullii Ciceronis orationes,",https://babel.hathitrust.org/cgi/pt?id=hvd.hnjxev&seq=448
32044085137016,urn:cts:greekLit:tlg0062.tlg022,ell,40,0.7051495249,33,116,2.9,3233,741,0.2352077995,33,71,39,1,Lucian of Samosata,Timon,Lucian,Ausgewählte schriften.,https://babel.hathitrust.org/cgi/pt?id=hvd.32044085137016&seq=33
HXQ4DP,urn:cts:latinLit:phi1017.phi011,lat,39,0.6070214606,274,312,2.256410256,3033,429,0.1445539271,274,312,39,1,"Seneca, Lucius Annaeus",Apocolocyntosis,"Seneca, Lucius Annaeus","L. Annæ Senecæ, pars prima; sive opera philosophica ...",https://babel.hathitrust.org/cgi/pt?id=hvd.hxq4dp&seq=274
HXQ2P5,urn:cts:greekLit:tlg0059.tlg014,ell,39,0.620781517,97,136,2.897435897,3108,606,0.2056863072,97,136,39,0.975,Plato,Alcibiades 2,Plato.,Platonis et quae vel Platonis esse feruntur vel Platonica solent comitari seripta graece omnia ad codices manuscriptos recensuit variasque inde lectiones,https://babel.hathitrust.org/cgi/pt?id=hvd.hxq2p5&seq=97
32044100860279,urn:cts:greekLit:tlg0031.tlg019,ell,39,0.659463665,564,604,2.615384615,1890,509,0.2722498807,564,604,39,0.9512195122,New Testament,To the Hebrews,,"Novum Testamentum graece / ad antiquos testes denuo recensuit, apparatum criticum omni studio perfectum apposuit, commentationem isagogicam praetexuit",https://babel.hathitrust.org/cgi/pt?id=hvd.32044100860279&seq=564
32044018750620,urn:cts:greekLit:tlg0059.tlg003,eng,43,0.6151475805,165,215,2.930232558,3083,560,0.1846760196,165,203,39,1,Plato,Crito,Plato.,Apology of Socrates and Crito,https://babel.hathitrust.org/cgi/pt?id=hvd.32044018750620&seq=165
AH5ICV,urn:cts:greekLit:tlg0031.tlg019,ell,39,0.6442774984,1562,1602,2.769230769,1887,509,0.2717872885,1562,1602,39,0.9512195122,New Testament,To the Hebrews,,"Novum Testamentum graece / ad antiquos testes denuo recensuit, apparatum criticum omni studio perfectum apposuit, commentationem isagogicam praetexuit",https://babel.hathitrust.org/cgi/pt?id=hvd.ah5icv&seq=1562
HW2M7O,urn:cts:latinLit:phi0474.phi023,lat,39,0.6335298806,297,335,3.41025641,2397,570,0.2423362302,297,335,39,1,"Cicero, Marcus Tullius",Against Vatinius,"Ernesti, Johann August","Clavis Ciceroniana, sive, Indices rerum et verborum philologico-critici in opera Ciceronis : accedunt Graeca Ciceronis necessariis observationibus illustrata",https://babel.hathitrust.org/cgi/pt?id=hvd.hw2m7o&seq=297
HXQ2XI,urn:cts:greekLit:tlg0007.tlg086,ell,39,0.6351313979,313,351,4.41025641,2063,599,0.293798744,313,351,39,1,Plutarch,De fortuna Romanorum,Plutarch.,"Ploutarchou tou Chairōneōs Ta ēthika = Plutarchi Chaeronensis Moralia, id est Opera, exceptis vitis, reliqua",https://babel.hathitrust.org/cgi/pt?id=hvd.hxq2xi&seq=313
32044102855616,urn:cts:greekLit:tlg0059.tlg003,eng,39,0.6463945951,159,197,2.666666667,2815,524,0.1911231799,159,197,39,1,Plato,Crito,Plato.,"Apology of Socrates and Crito, edited on the basis of Cron's edition",https://babel.hathitrust.org/cgi/pt?id=hvd.32044102855616&seq=159
32044020532958,urn:cts:greekLit:tlg0010.tlg015,ell,40,0.6651711457,43,125,3.95,3581,540,0.1542232061,43,81,39,1,Isocrates,Evagoras,Isocrates,Isokrates ausgewählte Reden : für den Schulgebrauch,https://babel.hathitrust.org/cgi/pt?id=hvd.32044020532958&seq=43
HN273V,urn:cts:latinLit:stoa0045.stoa019,lat,40,0.6762533259,220,294,2.25,2170,524,0.245221226,220,258,39,1,"Ausonius, Decimus Magnus",Mosella,,"Poetae Latini minores,",https://babel.hathitrust.org/cgi/pt?id=hvd.hn273v&seq=220
HN24ZL,urn:cts:greekLit:tlg0540.tlg013,deu,41,0.6505198224,78,276,4.024390244,3012,638,0.2147455719,78,116,39,1,Lysias,Against Agoratus,Lysias.,Ausgewählte reden des Lysias.,https://babel.hathitrust.org/cgi/pt?id=hvd.hn24zl&seq=78
HXJVBB,urn:cts:greekLit:tlg0540.tlg012,deu,38,0.663526896,31,68,3.421052632,3054,616,0.2051285013,31,68,38,1,Lysias,"Against Eratosthenes, who had been One of the Thirty: Spoken by Lysias Himself",Lysias.,Ausgewählte reden des Lysias,https://babel.hathitrust.org/cgi/pt?id=hvd.hxjvbb&seq=31
HNI7CJ,urn:cts:greekLit:tlg0081.tlg001,lat,52,0.6135323261,41,172,5.076923077,3564,842,0.2385709661,135,172,38,1,Dionysius of Halicarnassus,Antiquitates Romanae,"Schneider, Carl Ernst Christoph",Descriptio duorum codicum Mss. Galeni libros Latinam in linguam translatos continentium.,https://babel.hathitrust.org/cgi/pt?id=hvd.hni7cj&seq=135
32044085138782,urn:cts:greekLit:tlg0540.tlg006,lat,39,0.6597698889,19,64,2.435897436,1299,353,0.2718690852,27,64,38,1,Lysias,Against Andocides,Lysias.,Oratio contra Andocidem.,https://babel.hathitrust.org/cgi/pt?id=hvd.32044085138782&seq=27
HXJWPJ,urn:cts:greekLit:tlg0062.tlg016,ell,39,0.644820221,514,555,4.641025641,2007,520,0.2691281837,514,551,38,1,Lucian of Samosata,Cataplus,Lucian,Lucianus Samosatensis,https://babel.hathitrust.org/cgi/pt?id=hvd.hxjwpj&seq=514
HXJWPJ,urn:cts:greekLit:tlg0062.tlg067,ell,38,0.6472957134,132,169,2.552631579,1770,493,0.2801629873,132,169,38,1,Lucian of Samosata,Dialogi Marini,Lucian,Lucianus Samosatensis,https://babel.hathitrust.org/cgi/pt?id=hvd.hxjwpj&seq=132
HXJUNP,urn:cts:latinLit:phi1348.abo022,lat,41,0.6370488271,709,808,4.317073171,2413,628,0.2763662894,709,746,38,1,Suetonius,Domitianus,Suetonius,C. Suetoni Tranquilli Opera;,https://babel.hathitrust.org/cgi/pt?id=hvd.hxjunp&seq=709
HNKYAF,urn:cts:latinLit:phi0119.phi007,lat,38,0.6196643231,15,52,3.368421053,2230,617,0.2799537554,15,52,38,1,"Plautus, Titus Maccius",Cistellaria,"Plautus, Titus Maccius.",M. Accii Plauti Comoediæ : cum selectis variorum notis et novis commentariis,https://babel.hathitrust.org/cgi/pt?id=hvd.hnkyaf&seq=15
HXJUWV,urn:cts:latinLit:phi0119.phi007,lat,38,0.6303961592,15,52,2.763157895,2203,610,0.2791166393,15,52,38,1,"Plautus, Titus Maccius",Cistellaria,"Plautus, Titus Maccius.",M. Accii Plauti Comoediæ : cum selectis variorum notis et novis commentariis,https://babel.hathitrust.org/cgi/pt?id=hvd.hxjuwv&seq=15
HW1ZMF,urn:cts:greekLit:tlg0006.tlg001,ell,38,0.6182828983,9,46,4.394736842,3039,668,0.2310434903,9,46,38,1,Euripides,Cyclops,Euripides.,Cyclops.,https://babel.hathitrust.org/cgi/pt?id=hvd.hw1zmf&seq=9
32044085148955,urn:cts:greekLit:tlg0059.tlg001,ell,40,0.6520498273,41,149,4.175,2401,670,0.2916862864,41,80,38,0.95,Plato,Euthyphro,Plato.,Euthyphron : Exhortation aux Grecs à l'usage des classes supérieures,https://babel.hathitrust.org/cgi/pt?id=hvd.32044085148955&seq=41
HW20TM,urn:cts:greekLit:tlg0062.tlg022,ell,39,0.7095038952,31,113,3.461538462,3349,742,0.2263230277,31,68,38,1,Lucian of Samosata,Timon,Lucian,Ausgewählte Schriften des Lucian : Für den Schulgebrauch,https://babel.hathitrust.org/cgi/pt?id=hvd.hw20tm&seq=31
32044085108397,urn:cts:greekLit:tlg0014.tlg003,lat,43,0.6469375151,129,273,2.23255814,2096,443,0.2097979156,217,263,38,0.8085106383,Demosthenes,Third Olynthiac,Demosthenes,"Philippica prima, Olynthiacae tres, et De pace.",https://babel.hathitrust.org/cgi/pt?id=hvd.32044085108397&seq=217
HXJV15,urn:cts:latinLit:phi0959.phi008,lat,38,0.6508062951,575,612,2.894736842,2187,451,0.2089523267,575,612,38,1,Ovid,Tristia,Ovid,P. Ovidii Nasonis Opera omnia :,https://babel.hathitrust.org/cgi/pt?id=hvd.hxjv15&seq=575
HW2LGZ,urn:cts:latinLit:phi0893.phi006,deu,38,0.60807382,338,375,3.210526316,3194,478,0.1561624552,338,375,38,1,Horace,Ars Poetica,Horace.,Sämmtliche werke.,https://babel.hathitrust.org/cgi/pt?id=hvd.hw2lgz&seq=338
32044085107993,urn:cts:greekLit:tlg0014.tlg034,eng,38,0.6256563746,22,60,2.789473684,2744,441,0.1689456893,22,60,38,0.9743589744,Demosthenes,Against Phormio,Demosthenes,Select private orations.,https://babel.hathitrust.org/cgi/pt?id=hvd.32044085107993&seq=22
32044085107993,urn:cts:greekLit:tlg0014.tlg040,eng,41,0.6163033248,147,262,5.87804878,2878,523,0.1860541652,190,227,38,1,Demosthenes,Against Boeotus II,Demosthenes,Select private orations.,https://babel.hathitrust.org/cgi/pt?id=hvd.32044085107993&seq=190
32044085107993,urn:cts:greekLit:tlg0014.tlg037,eng,39,0.6053379504,105,145,3.538461538,2691,505,0.1913034796,108,145,38,1,Demosthenes,Against Pantaenetus,Demosthenes,Select private orations.,https://babel.hathitrust.org/cgi/pt?id=hvd.32044085107993&seq=108
HW2LGY,urn:cts:latinLit:phi0893.phi003,deu,39,0.6344877233,40,287,2.538461538,2991,606,0.2111129003,250,287,38,1,Horace,Epodi,Horace.,Des Q. Horatius Flaccus sämmtliche Werke für den Schulgebrauch,https://babel.hathitrust.org/cgi/pt?id=hvd.hw2lgy&seq=250
HXQ2XP,urn:cts:greekLit:tlg0007.tlg134,ell,38,0.6340106799,132,214,2.5,1997,501,0.2527110598,132,214,38,0.4578313253,Plutarch,De animae procreatione in Timaeo,Plutarch.,"Ploutarchou tou Chairōneōs Ta ēthika = Plutarchi Chaeronensis Moralia, id est Opera, exceptis vitis, reliqua",https://babel.hathitrust.org/cgi/pt?id=hvd.hxq2xp&seq=132
HW1ZKM,urn:cts:latinLit:phi0893.phi006,deu,38,0.6076483731,322,398,3.868421053,3681,481,0.1332460831,322,358,37,1,Horace,Ars Poetica,Horace.,Des Q. Horatius Flaccus Satiren und Episteln : für den Schulgebrauch,https://babel.hathitrust.org/cgi/pt?id=hvd.hw1zkm&seq=322
HW2LTH,urn:cts:latinLit:phi0893.phi006,lat,38,0.6458040572,678,726,2.789473684,3447,509,0.1507399017,678,714,37,1,Horace,Ars Poetica,Horace.,"Eclogae,",https://babel.hathitrust.org/cgi/pt?id=hvd.hw2lth&seq=678
HNATCQ,urn:cts:greekLit:tlg0014.tlg009,fra,37,0.6820798106,377,413,2.297297297,2718,508,0.1920458522,377,413,37,1,Demosthenes,Third Philippic,Demosthenes.,"Les harangues de Démosthène : texte grec, publié -- avec un commentaire critique et explicatif, une introduction générale et des notices sur chaque discours",https://babel.hathitrust.org/cgi/pt?id=hvd.hnatcq&seq=377
HW1X7W,urn:cts:latinLit:phi0893.phi006,deu,38,0.6054789516,324,402,4.342105263,3715,483,0.1326421141,324,360,37,1,Horace,Ars Poetica,Horace.,Sämtliche Werke : für den Schulgebrauch erklärt.,https://babel.hathitrust.org/cgi/pt?id=hvd.hw1x7w&seq=324
HW3IYV,urn:cts:greekLit:tlg0020.tlg003,eng,37,0.6145100384,163,201,2.567567568,3056,413,0.1355248438,163,201,37,0.9487179487,Hesiod,Shield of Heracles,Hesiod.,The epics of Hesiod.,https://babel.hathitrust.org/cgi/pt?id=hvd.hw3iyv&seq=163
HW2LGV,urn:cts:latinLit:phi0893.phi006,deu,37,0.6042127732,326,362,3.378378378,3143,476,0.1550235124,326,362,37,1,Horace,Ars Poetica,Horace,Des Q. Horatius Flaccus Sämmtliche Werke für den Schulgebrauch erklar̈t.,https://babel.hathitrust.org/cgi/pt?id=hvd.hw2lgv&seq=326
HW2LGR,urn:cts:latinLit:phi0893.phi006,deu,38,0.6052832919,622,700,4.263157895,3676,483,0.1339965042,622,658,37,1,Horace,Ars Poetica,Horace.,Sämmtliche werke für den schulgebrauch erklärt.,https://babel.hathitrust.org/cgi/pt?id=hvd.hw2lgr&seq=622
32044050964311,urn:cts:latinLit:phi0893.phi006,lat,37,0.652593725,302,340,2.783783784,2230,478,0.2127481519,302,340,37,0.9487179487,Horace,Ars Poetica,Horace.,Opera.,https://babel.hathitrust.org/cgi/pt?id=hvd.32044050964311&seq=302
HW2IVS,urn:cts:greekLit:tlg0014.tlg009,ell,38,0.6786953879,228,296,2.526315789,2080,531,0.270913189,228,265,37,0.9736842105,Demosthenes,Third Philippic,Demosthenes.,Orationes philippicae novem,https://babel.hathitrust.org/cgi/pt?id=hvd.hw2ivs&seq=228
HXIJRE,urn:cts:latinLit:phi0474.phi019,lat,37,0.6064905187,379,417,4,2784,527,0.1988792025,379,417,37,0.9487179487,"Cicero, Marcus Tullius",Cum Senatui gratias egit,"Cicero, Marcus Tullius.",Ciceronis Orationes.,https://babel.hathitrust.org/cgi/pt?id=hvd.hxijre&seq=379
HXQ4DP,urn:cts:latinLit:stoa0255.stoa012,lat,38,0.6499438181,13,52,2.473684211,2579,532,0.229583523,16,52,37,1,"Seneca, Lucius Annaeus",de Providentia,"Seneca, Lucius Annaeus","L. Annæ Senecæ, pars prima; sive opera philosophica ...",https://babel.hathitrust.org/cgi/pt?id=hvd.hxq4dp&seq=16
HXJVEL,urn:cts:greekLit:tlg0062.tlg022,ell,37,0.7304124845,29,65,2.378378378,3131,739,0.2426994127,29,65,37,1,Lucian of Samosata,Timon,Lucian,Ausgewählte Schriften des Lucian : Für den Schulgebrauch,https://babel.hathitrust.org/cgi/pt?id=hvd.hxjvel&seq=29
HXJUZK,urn:cts:latinLit:phi0474.phi009,lat,39,0.6366166344,27,587,3.153846154,2865,752,0.2708910965,73,110,37,0.9736842105,"Cicero, Marcus Tullius",De Imperio Cn. Pompei Ad Quirites,"Cicero, Marcus Tullius.","Selectae M.T. Ciceronis orationes cum P. Caroli Merouville, interpretatione et notis in usum Delphini, quibus accesserunt De Senectute et De Amiciti a dialogi; Somnium Scripionis; vita Ciceronis per annos consulares digesta; excerptae ex Ascanio, P. Manutio, aliisque in tres orationes notae; cum variarum spicilegio.",https://babel.hathitrust.org/cgi/pt?id=hvd.hxjuzk&seq=73
HN274L,urn:cts:latinLit:phi0119.phi005,fra,37,0.6068069107,139,175,2.567567568,2854,402,0.142799915,139,175,37,1,"Plautus, Titus Maccius",Captivi,"Fabia, Philippe",Théâtre latin: Extraits des comiques.,https://babel.hathitrust.org/cgi/pt?id=hvd.hn274l&seq=139
HXKCHI,urn:cts:latinLit:stoa0089.stoa002,lat,37,0.6886050296,252,288,2.783783784,2697,570,0.2174682801,252,288,37,1,Claudian,de bello Gildonico,"Claudianus, Claudius.",Cl. Claudiani quae exstant varietate lectionis et perpetua adnotatione,https://babel.hathitrust.org/cgi/pt?id=hvd.hxkchi&seq=252
AH53A3,urn:cts:latinLit:stoa0149b.stoa001,lat,43,0.8095930233,19,381,3.488372093,1704,43,0.02585454508,243,311,37,0.5362318841,"Hilary, Saint, Bishop of Poitiers",Tractatus super psalmos,"Semler, Joh. Salomo",I. S. Semleri Apparatus ad liberalem Veteris Testamenti interpretationem.,https://babel.hathitrust.org/cgi/pt?id=hvd.ah53a3&seq=243
32044011409455,urn:cts:greekLit:tlg0020.tlg003,eng,37,0.6112103771,161,199,2.756756757,3121,409,0.1307411768,161,199,37,0.9487179487,Hesiod,Shield of Heracles,Hesiod.,The epics of Hesiod.,https://babel.hathitrust.org/cgi/pt?id=hvd.32044011409455&seq=161
HN26V9,urn:cts:greekLit:tlg0540.tlg012,deu,39,0.6631618079,33,161,3.230769231,3031,616,0.2034522306,33,69,37,1,Lysias,"Against Eratosthenes, who had been One of the Thirty: Spoken by Lysias Himself",Lysias.,"Ausgewählte Reden des Lysias,",https://babel.hathitrust.org/cgi/pt?id=hvd.hn26v9&seq=33
HW2LWF,urn:cts:latinLit:phi0119.phi009,lat,38,0.6076975411,84,378,3.421052632,3164,772,0.2521562765,342,378,37,1,"Plautus, Titus Maccius",Epidicus,"Plautus, Titus Maccius.",Quae supersunt comoediae,https://babel.hathitrust.org/cgi/pt?id=hvd.hw2lwf&seq=342
HW2LWF,urn:cts:latinLit:phi0119.phi008,lat,38,0.6019939994,228,1060,4.947368421,3226,765,0.2529896818,228,264,37,1,"Plautus, Titus Maccius",Curculio,"Plautus, Titus Maccius.",Quae supersunt comoediae,https://babel.hathitrust.org/cgi/pt?id=hvd.hw2lwf&seq=228
HN1I4F,urn:cts:latinLit:phi0660.phi001,deu,37,0.7161444727,58,94,2.135135135,2840,687,0.2441540005,58,94,37,1,Tibullus,Elegiae,"Schulze, Karl Paul","Römische elegiker. Eine Auswahl aus Catull, Tibull, Properz.",https://babel.hathitrust.org/cgi/pt?id=hvd.hn1i4f&seq=58
HXQ2XP,urn:cts:greekLit:tlg4030.tlg001,ell,38,0.9377885503,5,203,0.6052631579,1953,38,0.02552502123,129,203,37,0.4933333333,Sophonias,In Aristotelis Libros De Anima Paraphrasis,Plutarch.,"Ploutarchou tou Chairōneōs Ta ēthika = Plutarchi Chaeronensis Moralia, id est Opera, exceptis vitis, reliqua",https://babel.hathitrust.org/cgi/pt?id=hvd.hxq2xp&seq=129
HXJVTD,urn:cts:greekLit:tlg0014.tlg009,fra,37,0.6745316697,377,413,2.297297297,2681,505,0.1939711168,377,413,37,1,Demosthenes,Third Philippic,Demosthenes.,"Les harangues de Démosthène : texte grec publié d'après les travaux les plus récents de la philologie, avec un commentaire critique et explicatif, une introduction générale et des notices sur chaque discours",https://babel.hathitrust.org/cgi/pt?id=hvd.hxjvtd&seq=377
HNATCR,urn:cts:greekLit:tlg0014.tlg009,fra,37,0.6887318267,377,413,2.243243243,2670,510,0.1960053693,377,413,37,1,Demosthenes,Third Philippic,Demosthenes.,"Les harangues de Démosthène : texte grec publié d'après les travaux les plus récents de la philologie, avec un commentaire critique et explicatif, une introduction générale et des notices sur chaque discours",https://babel.hathitrust.org/cgi/pt?id=hvd.hnatcr&seq=377
HW2LGT,urn:cts:latinLit:phi0893.phi003,lat,39,0.6454690329,33,318,3.384615385,3031,632,0.2203847732,281,318,37,0.9736842105,Horace,Epodi,Horace.,Q. Horatii Flacci Opera omnia,https://babel.hathitrust.org/cgi/pt?id=hvd.hw2lgt&seq=281
HN24ZL,urn:cts:greekLit:tlg0540.tlg012,deu,39,0.673212912,34,269,2.871794872,2837,610,0.217370787,34,70,37,1,Lysias,"Against Eratosthenes, who had been One of the Thirty: Spoken by Lysias Himself",Lysias.,Ausgewählte reden des Lysias.,https://babel.hathitrust.org/cgi/pt?id=hvd.hn24zl&seq=34
HW2JFX,urn:cts:greekLit:tlg0059.tlg026,lat,37,0.6743733651,491,583,4.72972973,2539,680,0.2814673434,491,526,36,1,Plato,Hippias Minor,Plato.,Platonis Opera omnia...,https://babel.hathitrust.org/cgi/pt?id=hvd.hw2jfx&seq=491
HXQ4LI,urn:cts:latinLit:phi1348.abo020,lat,39,0.6397599844,363,622,2.974358974,2685,468,0.1834999783,363,398,36,1,Suetonius,Divus Vespasianus,Suetonius,"C. Suetonii Tranquilli Duodecim Caesares, et minora quae supersunt opera; Baumgartenii-crusii commentario",https://babel.hathitrust.org/cgi/pt?id=hvd.hxq4li&seq=363
HW2L64,urn:cts:latinLit:phi0474.phi009,lat,38,0.6470588819,19,534,4.421052632,2867,751,0.2707340116,65,100,36,1,"Cicero, Marcus Tullius",De Imperio Cn. Pompei Ad Quirites,"Cicero, Marcus Tullius.",M.T. Ciceronis Orationes quædam selectæ,https://babel.hathitrust.org/cgi/pt?id=hvd.hw2l64&seq=65
HW2IVS,urn:cts:greekLit:tlg0014.tlg004,ell,36,0.6243629015,89,124,3.416666667,2018,425,0.21246776,89,124,36,1,Demosthenes,First Philippic,Demosthenes.,Orationes philippicae novem,https://babel.hathitrust.org/cgi/pt?id=hvd.hw2ivs&seq=89
HN5HEE,urn:cts:greekLit:tlg0014.tlg022,ell,36,0.7238904913,615,651,3,2375,649,0.2790559115,615,651,36,0.972972973,Demosthenes,Against Androtion,Demosthenes,Les plaidoyers politiques,https://babel.hathitrust.org/cgi/pt?id=hvd.hn5hee&seq=615
32044005540935,urn:cts:latinLit:phi0893.phi006,eng,37,0.6641796236,302,352,3.027027027,2752,569,0.2114138676,302,342,36,0.8780487805,Horace,Ars Poetica,Horace.,The Satires and epistles of Horace.,https://babel.hathitrust.org/cgi/pt?id=hvd.32044005540935&seq=302
HXQ2XN,urn:cts:greekLit:tlg0007.tlg125,ell,36,0.6131287996,181,216,2.861111111,1815,493,0.2704935729,181,216,36,1,Plutarch,Quaestiones Naturales,Plutarch.,"Ploutarchou tou Chairōneōs Ta ēthika = Plutarchi Chaeronensis Moralia, id est Opera, exceptis vitis, reliqua",https://babel.hathitrust.org/cgi/pt?id=hvd.hxq2xn&seq=181
32044085159333,urn:cts:greekLit:tlg0007.tlg027,ell,36,0.7368798268,21,56,2.388888889,2759,674,0.2548203308,21,56,36,1,Plutarch,Philopoemen,Plutarch,Ausgewählte biographieen.,https://babel.hathitrust.org/cgi/pt?id=hvd.32044085159333&seq=21
HN274Q,urn:cts:latinLit:phi0959.phi008,deu,47,0.6931024534,24,286,3.255319149,3797,898,0.2384111042,251,286,36,1,Ovid,Tristia,"Schulze, K. P.","Römische elegiker : eine auswahl Catull, Tibull, Properz und Ovid, für den schulgebrauch",https://babel.hathitrust.org/cgi/pt?id=hvd.hn274q&seq=251
HN3SCU,urn:cts:greekLit:tlg0007.tlg027,ell,36,0.7380850219,17,52,2.361111111,2750,672,0.254400325,17,52,36,1,Plutarch,Philopoemen,Plutarch,"Ausgewählte Biographieen des Plutarch,",https://babel.hathitrust.org/cgi/pt?id=hvd.hn3scu&seq=17
HN22G7,urn:cts:latinLit:phi0631.phi003,deu,36,0.6922189218,226,268,2.305555556,2637,496,0.2050767448,226,268,36,0.8372093023,Sallust,Historiae,Sallust,De coniuratione Catilinae et De bello Iugurthino libri ex historiarum libris quinque deperditis orationes epistolae.,https://babel.hathitrust.org/cgi/pt?id=hvd.hn22g7&seq=226
32044085217354,urn:cts:latinLit:phi0969.phi001,lat,36,0.6323953237,53,91,1,1161,191,0.1631415389,53,91,36,0.9230769231,Persius,Saturae,Persius,Auli Persii Flacci Satira prima.,https://babel.hathitrust.org/cgi/pt?id=hvd.32044085217354&seq=53
32044085108397,urn:cts:greekLit:tlg0014.tlg002,lat,46,0.6196001045,145,224,2.543478261,2236,440,0.1960088611,179,214,36,1,Demosthenes,Olynthiac 2,Demosthenes,"Philippica prima, Olynthiacae tres, et De pace.",https://babel.hathitrust.org/cgi/pt?id=hvd.32044085108397&seq=179
HXJVSP,urn:cts:greekLit:tlg0014.tlg022,ell,36,0.7189635437,31,66,2.972222222,2380,640,0.2749027859,31,66,36,1,Demosthenes,Against Androtion,Demosthenes.,"Les plaidovers politiques de Démosthène. Texte grec pub.d'après les travaux les plus récents de la philologie, avec un commentaire critique et explicatif, une préface et des notices sur chaque discours",https://babel.hathitrust.org/cgi/pt?id=hvd.hxjvsp&seq=31
HW2LGX,urn:cts:latinLit:phi0893.phi003,deu,36,0.6617058809,235,270,3.25,2852,621,0.2214443604,235,270,36,1,Horace,Epodi,Horace,Des Q. Horatius Flaccus Sämmtliche Werke für den Schulgebrauch erklar̈t.,https://babel.hathitrust.org/cgi/pt?id=hvd.hw2lgx&seq=235
32044015471626,urn:cts:latinLit:stoa0238.stoa006,lat,40,0.6075171416,340,543,4.875,5940,1277,0.2144153894,508,543,36,1,Prudentius,Hamartigenia,,"Patrologiae cursus completus, sive biblioteca universalis, integra, uniformis, commoda, oeconomica, omnium SS. Patrum, doctorum scriptorumque eccelesiasticorum qui ab aevo apostolico ad usque Innocentii III tempora floruerunt ... [Series Latina, in qua prodeunt Patres, doctores scriptoresque Ecclesiae Latinae, a Tertulliano ad Innocentium III]",https://babel.hathitrust.org/cgi/pt?id=hvd.32044015471626&seq=508
32044085148831,urn:cts:greekLit:tlg0059.tlg003,fra,36,0.6454499646,18,54,2.777777778,2178,521,0.2415046297,18,54,36,0.972972973,Plato,Crito,Plato.,Criton.,https://babel.hathitrust.org/cgi/pt?id=hvd.32044085148831&seq=18
32044031563224,urn:cts:greekLit:tlg0540.tlg012,fra,36,0.7184709252,41,76,2.222222222,1862,531,0.2889886059,41,76,36,1,Lysias,"Against Eratosthenes, who had been One of the Thirty: Spoken by Lysias Himself",Lysias.,"Discours choisis avec une introduction, des notes, et un index des noms propres et des termes d'antiquités,",https://babel.hathitrust.org/cgi/pt?id=hvd.32044031563224&seq=41
HN3FTF,urn:cts:latinLit:phi0474.phi009,lat,38,0.6309851548,25,536,4.447368421,2778,718,0.2681185788,71,106,36,1,"Cicero, Marcus Tullius",De Imperio Cn. Pompei Ad Quirites,"Cicero, Marcus Tullius.",Orationes quaedam selectae : cum interpretatione & notis quas in usum Serenissimi Delphini,https://babel.hathitrust.org/cgi/pt?id=hvd.hn3ftf&seq=71
HW2M7N,urn:cts:latinLit:phi0474.phi019,lat,36,0.7169398508,448,483,2.305555556,2090,567,0.2818627633,448,483,36,1,"Cicero, Marcus Tullius",Cum Senatui gratias egit,"Ernesti, Johann August","Clavis Ciceroniana, sive, Indices rerum et verborum philologico-critici in opera Ciceronis : accedunt Graeca Ciceronis necessariis observationibus illustrata",https://babel.hathitrust.org/cgi/pt?id=hvd.hw2m7n&seq=448
HW2M5K,urn:cts:latinLit:phi0474.phi009,lat,39,0.6001865344,23,610,4.384615385,2965,727,0.2593143444,69,104,36,1,"Cicero, Marcus Tullius",De Imperio Cn. Pompei Ad Quirites,"Cicero, Marcus Tullius.",Orationes quaedam selectae,https://babel.hathitrust.org/cgi/pt?id=hvd.hw2m5k&seq=69
HN1ZD6,urn:cts:latinLit:phi0474.phi009,lat,37,0.6326715071,23,104,2.945945946,2597,684,0.2714688672,69,104,36,1,"Cicero, Marcus Tullius",De Imperio Cn. Pompei Ad Quirites,"Cicero, Marcus Tullius.",[Orationes quaedam selectae cum interpretatione et notis quas in usum Delphini editit Carolus Merouille. Quibus praefigitur vita Ciceronis. Accesserunt Dialogi de Senectute & de Amicitia.,https://babel.hathitrust.org/cgi/pt?id=hvd.hn1zd6&seq=69
32044014721054,urn:cts:greekLit:tlg0527.tlg026,ell,36,0.7181845238,395,430,3.111111111,3049,865,0.288589052,395,430,36,1,Old Testament,Machabaeorum iv,,Libri Apocryphi Veteris Testamenti Graece,https://babel.hathitrust.org/cgi/pt?id=hvd.32044014721054&seq=395
HW2039,urn:cts:latinLit:phi0474.phi025,deu,38,0.7278802303,96,137,3.631578947,2995,591,0.1977373926,96,131,36,1,"Cicero, Marcus Tullius",De provinciis consularibus,"Cicero, Marcus Tullius.",Reden für Lucius Murena und über die Consularprovinzen.,https://babel.hathitrust.org/cgi/pt?id=hvd.hw2039&seq=96
32044020164240,urn:cts:greekLit:tlg0014.tlg008,deu,38,0.633913333,257,363,4.210526316,3528,469,0.132805252,257,292,35,0.9722222222,Demosthenes,On the Chersonese,Demosthenes,Neun philippische reden erklärt von C. Rehdantz.,https://babel.hathitrust.org/cgi/pt?id=hvd.32044020164240&seq=257
32044085190312,urn:cts:latinLit:phi0474.phi016,lat,35,0.63160614,299,335,3.257142857,2400,430,0.178818065,299,335,35,0.9459459459,"Cicero, Marcus Tullius",Pro Archia Poeta,"Cicero, Marcus Tullius.","Orationes VI : Pro Sulla, Pro Sextio, Pro Milone, Pro Archia P., Pro Ligario, et Pro Rege Deiotaro",https://babel.hathitrust.org/cgi/pt?id=hvd.32044085190312&seq=299
32044015471246,urn:cts:latinLit:stoa0171.stoa007,lat,36,0.6474844561,9,414,8.055555556,4936,1368,0.278197197,9,43,35,1,Lactantius,De Opificio Dei,,"Patrologiae cursus completus, sive biblioteca universalis, integra, uniformis, commoda, oeconomica, omnium SS. Patrum, doctorum scriptorumque eccelesiasticorum qui ab aevo apostolico ad usque Innocentii III tempora floruerunt ... [Series Latina, in qua prodeunt Patres, doctores scriptoresque Ecclesiae Latinae, a Tertulliano ad Innocentium III]",https://babel.hathitrust.org/cgi/pt?id=hvd.32044015471246&seq=9
HXJUQ2,urn:cts:latinLit:phi0978.phi001,ell,35,1,25,93,0,1168,35,0.03008184256,25,93,35,0.5072463768,"Pliny, the Elder",Naturalis Historia,Plutarch.,Plutarchi Chaeronensis Moralia,https://babel.hathitrust.org/cgi/pt?id=hvd.hxjuq2&seq=25
HXJUNP,urn:cts:latinLit:phi1348.abo020,lat,37,0.6459358284,657,792,4.675675676,2208,557,0.2634889188,657,691,35,1,Suetonius,Divus Vespasianus,Suetonius,C. Suetoni Tranquilli Opera;,https://babel.hathitrust.org/cgi/pt?id=hvd.hxjunp&seq=657
HW2LC0,urn:cts:latinLit:phi0893.phi006,lat,38,0.652842217,591,737,6.236842105,3719,480,0.1347015318,591,625,35,1,Horace,Ars Poetica,Horace.,"Opera omnia cum indicibus locupletissimis,",https://babel.hathitrust.org/cgi/pt?id=hvd.hw2lc0&seq=591
HXIJRD,urn:cts:latinLit:phi0474.phi012,lat,35,0.6608168738,573,607,2.771428571,2833,441,0.1603160542,573,607,35,1,"Cicero, Marcus Tullius",Pro C. Rabirio Perduellionis Reo Ad Quirites,"Cicero, Marcus Tullius.",Ciceronis Orationes.,https://babel.hathitrust.org/cgi/pt?id=hvd.hxijrd&seq=573
HW2IVS,urn:cts:greekLit:tlg0014.tlg008,ell,36,0.6812945359,192,297,2.833333333,1969,539,0.2766854042,192,227,35,0.9722222222,Demosthenes,On the Chersonese,Demosthenes.,Orationes philippicae novem,https://babel.hathitrust.org/cgi/pt?id=hvd.hw2ivs&seq=192
32044097723340,urn:cts:latinLit:phi0474.phi009,eng,36,0.7466464381,266,526,4.611111111,2815,741,0.2841062293,266,300,35,1,"Cicero, Marcus Tullius",De Imperio Cn. Pompei Ad Quirites,"Cicero, Marcus Tullius.","M. Tullii Ciceronis orationes,",https://babel.hathitrust.org/cgi/pt?id=hvd.32044097723340&seq=266
32044024534174,urn:cts:greekLit:tlg0014.tlg008,deu,38,0.6276332099,62,162,7.342105263,3589,468,0.1339742227,62,97,35,0.9722222222,Demosthenes,On the Chersonese,Demosthenes,Neun philippische reden erklärt,https://babel.hathitrust.org/cgi/pt?id=hvd.32044024534174&seq=62
32044085148823,urn:cts:greekLit:tlg0059.tlg003,fra,35,0.6534023788,20,56,2.628571429,2125,508,0.2423421369,20,56,35,0.9459459459,Plato,Crito,Plato.,Criton.,https://babel.hathitrust.org/cgi/pt?id=hvd.32044085148823&seq=20
32044096580352,urn:cts:latinLit:stoa0171.stoa007,lat,36,0.6406894647,9,85,4.305555556,4904,1337,0.2712580171,9,43,35,1,Lactantius,De Opificio Dei,,"Patrologiae cursus completus, sive biblioteca universalis, integra, uniformis, commoda, oeconomica, omnium SS. Patrum, doctorum scriptorumque eccelesiasticorum qui ab aevo apostolico ad usque Innocentii III tempora floruerunt ... [Series Latina, in qua prodeunt Patres, doctores scriptoresque Ecclesiae Latinae, a Tertulliano ad Innocentium III]",https://babel.hathitrust.org/cgi/pt?id=hvd.32044096580352&seq=9
HNJXET,urn:cts:latinLit:phi0474.phi009,eng,35,0.7645696654,268,302,2.142857143,2681,743,0.2950745704,268,302,35,1,"Cicero, Marcus Tullius",De Imperio Cn. Pompei Ad Quirites,"Cicero, Marcus Tullius.","M. Tullii Ciceronis orationes,",https://babel.hathitrust.org/cgi/pt?id=hvd.hnjxet&seq=268
HN26V6,urn:cts:greekLit:tlg0540.tlg013,ell,36,0.6606663708,68,222,3.888888889,2514,609,0.2496458568,68,102,35,1,Lysias,Against Agoratus,Lysias.,Ausgewählte Reden; erklaert von R. Rauchenstein.,https://babel.hathitrust.org/cgi/pt?id=hvd.hn26v6&seq=68
HXJVD9,urn:cts:greekLit:tlg0010.tlg018,deu,36,0.7180431837,126,173,2.777777778,2669,587,0.2268820821,139,173,35,1,Isocrates,Areopagiticus,Isocrates.,"Ausgewählte Reden des Isokrates, Panegyrikos und Areopagitikos,",https://babel.hathitrust.org/cgi/pt?id=hvd.hxjvd9&seq=139
HN64GI,urn:cts:latinLit:phi0893.phi006,lat,34,0.6779995893,391,424,3.764705882,2476,566,0.2376188153,391,424,34,1,Horace,Ars Poetica,Horace.,"Carmina,",https://babel.hathitrust.org/cgi/pt?id=hvd.hn64gi&seq=391
32044013692793,urn:cts:greekLit:tlg0033.tlg001,ell,34,0.6054868738,199,243,5.617647059,1829,414,0.2286200806,199,243,34,0.7555555556,Pindar,Olympian,,Anthologie griechischer Lyriker für die obersten Classen der Gymnasien,https://babel.hathitrust.org/cgi/pt?id=hvd.32044013692793&seq=199
HN25U8,urn:cts:greekLit:tlg0014.tlg057,ell,34,0.656948624,406,439,3.235294118,2515,587,0.2349370233,406,439,34,1,Demosthenes,Against Eubulides,Demosthenes,Ausgewählte reden des Demosthenes,https://babel.hathitrust.org/cgi/pt?id=hvd.hn25u8&seq=406
HW2IW2,urn:cts:greekLit:tlg0014.tlg008,deu,39,0.6137062682,66,400,8.538461538,3732,482,0.1290093904,227,260,34,1,Demosthenes,On the Chersonese,Demosthenes.,"Ausgewählte Reden,",https://babel.hathitrust.org/cgi/pt?id=hvd.hw2iw2&seq=227
HW2IVW,urn:cts:greekLit:tlg0014.tlg009,ell,34,0.6186304049,205,238,3.382352941,2484,500,0.2114275309,205,238,34,1,Demosthenes,Third Philippic,Demosthenes.,Ausgewählte reden des Demosthenes,https://babel.hathitrust.org/cgi/pt?id=hvd.hw2ivw&seq=205
HW2IVW,urn:cts:greekLit:tlg0014.tlg057,ell,34,0.6435702596,652,685,3.382352941,2471,581,0.2374805327,652,685,34,1,Demosthenes,Against Eubulides,Demosthenes.,Ausgewählte reden des Demosthenes,https://babel.hathitrust.org/cgi/pt?id=hvd.hw2ivw&seq=652
HN25DW,urn:cts:greekLit:tlg0014.tlg009,ell,34,0.6171417712,201,234,3.352941176,2583,500,0.204207137,201,234,34,1,Demosthenes,Third Philippic,Demosthenes,"Ausgewæhlte Reden des Demosthenes,",https://babel.hathitrust.org/cgi/pt?id=hvd.hn25dw&seq=201
HNXAWR,urn:cts:greekLit:tlg0059.tlg001,deu,36,0.649876222,512,551,4.222222222,2640,703,0.2675429588,517,551,34,0.9714285714,Plato,Euthyphro,Plato.,Ausgewählte schriften.,https://babel.hathitrust.org/cgi/pt?id=hvd.hnxawr&seq=517
HWT5CQ,urn:cts:latinLit:stoa0121g.stoa002,lat,35,0.9438095238,115,830,0.2,1427,35,0.02454996444,115,191,34,0.4415584416,Faustus of Riez,De Spiritu Sancto Libri Duo,"Swedenborg, Emanuel","Vera Christiana religio : continens universam theologiam Novae Ecclesiae a Domino apud Danielem cap. VII: 13-14, et in Apocalypsi cap. XXI: 1, 2. praedictae",https://babel.hathitrust.org/cgi/pt?id=hvd.hwt5cq&seq=115
32044085121796,urn:cts:greekLit:tlg0020.tlg003,ell,34,0.6585819423,207,241,2.882352941,1879,411,0.2196021899,207,241,34,0.9714285714,Hesiod,Shield of Heracles,Hedsiodus.,Hesiodea quae supersunt Omnia,https://babel.hathitrust.org/cgi/pt?id=hvd.32044085121796&seq=207
32044085227171,urn:cts:latinLit:phi0631.phi003,lat,34,0.6337754479,273,343,3.735294118,2600,446,0.1734532131,273,343,34,0.4788732394,Sallust,Historiae,Sallust,"Catilina, Iugurtha, Historiarum fragmenta.",https://babel.hathitrust.org/cgi/pt?id=hvd.32044085227171&seq=273
32044055041784,urn:cts:greekLit:tlg0059.tlg027,lat,34,0.6736910312,719,752,2.617647059,2291,590,0.2736488792,719,752,34,1,Plato,Ion,Plato.,"Platonis Opera omnia,",https://babel.hathitrust.org/cgi/pt?id=hvd.32044055041784&seq=719
HXQ2YN,urn:cts:latinLit:stoa0045.stoa019,lat,35,0.6908938281,259,297,2.4,2395,489,0.2002695899,259,292,34,1,"Ausonius, Decimus Magnus",Mosella,"Lemaire, N. E.",Poetae Latini minores.,https://babel.hathitrust.org/cgi/pt?id=hvd.hxq2yn&seq=259
HN64GG,urn:cts:latinLit:phi0893.phi006,fra,34,0.6752897711,492,554,4.529411765,2044,438,0.2183028245,492,554,34,0.5396825397,Horace,Ars Poetica,Horace,"Les poësies d'Horace,",https://babel.hathitrust.org/cgi/pt?id=hvd.hn64gg&seq=492
HNJXFV,urn:cts:latinLit:phi0474.phi004,deu,33,0.7417876628,15,48,2.636363636,2675,655,0.2488068543,15,48,33,0.9705882353,"Cicero, Marcus Tullius",Divinatio in Q. Caecilium,"Cicero, Marcus Tullius.",Divinatio in Q. Caecilium.,https://babel.hathitrust.org/cgi/pt?id=hvd.hnjxfv&seq=15
32044085191252,urn:cts:latinLit:phi0474.phi058,eng,33,0.7412294428,185,217,2.060606061,2231,563,0.2734441337,185,217,33,1,"Cicero, Marcus Tullius",Letters to his brother Quintus,"Cicero, Marcus Tullius.","M. Tullii Ciceronis Cato Major sive De Senectute, Laelius sive De amicitia et Epistolae selectae.",https://babel.hathitrust.org/cgi/pt?id=hvd.32044085191252&seq=185
32044085138691,urn:cts:greekLit:tlg0540.tlg019,deu,34,0.7017699829,16,323,3.147058824,3243,348,0.1080373828,291,323,33,1,Lysias,On the Property of Aristophanes: Against the Treasury,Lysias.,Ausgewählte Reden des Lysias,https://babel.hathitrust.org/cgi/pt?id=hvd.32044085138691&seq=291
HW2JDD,urn:cts:greekLit:tlg0013.tlg004,ell,33,0.6875532578,53,85,2.696969697,1987,565,0.2890043245,53,85,33,1,Homeric Hymns,Hymn 4 to Hermes,Homer.,"Omērou apanta, h.e. Homeri opera omnia",https://babel.hathitrust.org/cgi/pt?id=hvd.hw2jdd&seq=53
32044085191245,urn:cts:latinLit:phi0474.phi058,eng,33,0.7386825145,187,219,2.090909091,2236,561,0.2711297159,187,219,33,1,"Cicero, Marcus Tullius",Letters to his brother Quintus,"Cicero, Marcus Tullius.","M. Tullii Ciceronis Cato Major sive De senectute; Laelius sive De amicitia, et Epistolae selectae.",https://babel.hathitrust.org/cgi/pt?id=hvd.32044085191245&seq=187
HXQ4D7,urn:cts:latinLit:phi0631.phi003,lat,33,0.646321485,291,341,3.636363636,2018,487,0.2460317341,291,341,33,0.6470588235,Sallust,Historiae,Sallust,"C. Crispi Sallustii Opera omnia, ex editione Gottlieb Cortii,",https://babel.hathitrust.org/cgi/pt?id=hvd.hxq4d7&seq=291
HWK7WX,urn:cts:greekLit:tlg0031.tlg008,ell,33,0.6154765388,189,222,3.212121212,1544,451,0.2941358438,189,222,33,0.9705882353,New Testament,2 Corinthians,,Novum Testamentum Graece. Ad antiquissimos testes denuo recensuit delectuque critico ac prolegomenis instruxit Constant. de Tischendorf.,https://babel.hathitrust.org/cgi/pt?id=hvd.hwk7wx&seq=189
32044098638745,urn:cts:latinLit:phi0631.phi003,lat,33,0.6371033799,289,339,3.787878788,2028,489,0.2457905614,289,339,33,0.6470588235,Sallust,Historiae,Sallust,"C. Crispi Sallustii Opera omnia, ex editione Gottlieb Cortii,",https://babel.hathitrust.org/cgi/pt?id=hvd.32044098638745&seq=289
32044081737181,urn:cts:greekLit:tlg2018.tlg001,eng,40,0.615764661,176,255,3,2869,451,0.1574008792,176,208,33,1,Eusebius of Caesarea,Praeparatio Evangelica,Dionysius,The letters and other remains of Dionysius of Alexandria,https://babel.hathitrust.org/cgi/pt?id=hvd.32044081737181&seq=176
HN2W4Z,urn:cts:greekLit:tlg0007.tlg110,ell,33,0.6324173288,423,456,3.090909091,1712,497,0.2913875255,423,456,33,0.9705882353,Plutarch,De exilio,Plutarch.,"Ploutarchou tou Chairōneōs Ta ēthika = Plutarchi Chaeronensis Moralia, id est Opera, exceptis vitis, reliqua",https://babel.hathitrust.org/cgi/pt?id=hvd.hn2w4z&seq=423
HN2W4Z,urn:cts:greekLit:tlg0007.tlg106,ell,33,0.6567473223,185,217,2.575757576,1720,498,0.289536095,185,217,33,1,Plutarch,De Se Ipsum Citra Invidiam Laudando,Plutarch.,"Ploutarchou tou Chairōneōs Ta ēthika = Plutarchi Chaeronensis Moralia, id est Opera, exceptis vitis, reliqua",https://babel.hathitrust.org/cgi/pt?id=hvd.hn2w4z&seq=185
HXJVEL,urn:cts:greekLit:tlg0062.tlg034,ell,33,0.6945679328,319,352,3.727272727,2657,753,0.2872349698,319,352,33,0.9705882353,Lucian of Samosata,Anacharsis,Lucian,Ausgewählte Schriften des Lucian : Für den Schulgebrauch,https://babel.hathitrust.org/cgi/pt?id=hvd.hxjvel&seq=319
HXQ2XK,urn:cts:greekLit:tlg0007.tlg110,ell,33,0.6505573512,423,456,2.939393939,1751,497,0.2840632108,423,456,33,0.9705882353,Plutarch,De exilio,Plutarch.,"Ploutarchou tou Chairōneōs Ta ēthika = Plutarchi Chaeronensis Moralia, id est Opera, exceptis vitis, reliqua",https://babel.hathitrust.org/cgi/pt?id=hvd.hxq2xk&seq=423
HXQ2XK,urn:cts:greekLit:tlg0007.tlg106,ell,33,0.6554881114,185,217,2.575757576,1780,499,0.279617337,185,217,33,1,Plutarch,De Se Ipsum Citra Invidiam Laudando,Plutarch.,"Ploutarchou tou Chairōneōs Ta ēthika = Plutarchi Chaeronensis Moralia, id est Opera, exceptis vitis, reliqua",https://babel.hathitrust.org/cgi/pt?id=hvd.hxq2xk&seq=185
HN274L,urn:cts:latinLit:phi0119.phi003,fra,33,0.6060162919,106,138,2.242424242,2535,338,0.1353647336,106,138,33,1,"Plautus, Titus Maccius",Aulularia,"Fabia, Philippe",Théâtre latin: Extraits des comiques.,https://babel.hathitrust.org/cgi/pt?id=hvd.hn274l&seq=106
HW2MFV,urn:cts:latinLit:phi1348.abo017,lat,33,0.6370118474,291,323,2.696969697,2160,391,0.1842613245,291,323,33,1,Suetonius,Galba,Suetonius,"Opera omnia, ex editione Baumgarten-Crusii, cum notis et interpretatione in usum Delphini variis lectionibus, notis variorum recensu editionum et codicum et indice locupletissimo accurate recensita.",https://babel.hathitrust.org/cgi/pt?id=hvd.hw2mfv&seq=291
HW20TM,urn:cts:greekLit:tlg0062.tlg034,ell,33,0.7211168804,327,360,3.151515152,2583,749,0.2936314964,327,360,33,0.9705882353,Lucian of Samosata,Anacharsis,Lucian,Ausgewählte Schriften des Lucian : Für den Schulgebrauch,https://babel.hathitrust.org/cgi/pt?id=hvd.hw20tm&seq=327
HW1YBP,urn:cts:latinLit:phi0474.phi004,deu,33,0.7398178804,407,440,2.575757576,2653,651,0.2489928246,407,440,33,0.9705882353,"Cicero, Marcus Tullius",Divinatio in Q. Caecilium,"Cicero, Marcus Tullius.",Catilinarische Reden. Für den Schulgebrauch.,https://babel.hathitrust.org/cgi/pt?id=hvd.hw1ybp&seq=407
HXQ4EG,urn:cts:latinLit:phi1348.abo017,lat,34,0.6284503767,195,477,2.852941176,2165,391,0.1820386726,195,227,33,1,Suetonius,Galba,Suetonius,"Opera omnia, ex editione Baumgarten-Crusii, cum notis et interpretatione in usum Delphini variis lectionibus, notis variorum recensu editionum et codicum et indice locupletissimo accurate recensita.",https://babel.hathitrust.org/cgi/pt?id=hvd.hxq4eg&seq=195
HXJVL6,urn:cts:latinLit:phi0474.phi030,lat,33,0.7264189779,441,474,2.151515152,1952,546,0.2862294081,441,474,33,0.9705882353,"Cicero, Marcus Tullius",Pro C. Rabirio Postumo,"Cicero, Marcus Tullius.","M.T. Ciceronis quae exstant omnia opera, cum deperditorum fragmentis in quatuor partes divisa, item indices quinque novi et absolutissimi.",https://babel.hathitrust.org/cgi/pt?id=hvd.hxjvl6&seq=441
HXJVL6,urn:cts:latinLit:phi0474.phi034,lat,35,0.7113646256,617,662,2.085714286,2095,565,0.2689285867,617,650,33,0.9705882353,"Cicero, Marcus Tullius",Pro Rege Deiotaro,"Cicero, Marcus Tullius.","M.T. Ciceronis quae exstant omnia opera, cum deperditorum fragmentis in quatuor partes divisa, item indices quinque novi et absolutissimi.",https://babel.hathitrust.org/cgi/pt?id=hvd.hxjvl6&seq=617
32044085107993,urn:cts:greekLit:tlg0014.tlg035,eng,34,0.6584463307,21,99,3.676470588,2256,498,0.2334179613,67,99,33,1,Demosthenes,Against Lacritus,Demosthenes,Select private orations.,https://babel.hathitrust.org/cgi/pt?id=hvd.32044085107993&seq=67
HXJVDW,urn:cts:greekLit:tlg0062.tlg021,ell,37,0.6448319862,251,319,5.432432432,2588,668,0.2870419449,251,284,33,0.9705882353,Lucian of Samosata,Icaromenippus,Lucian,Ausgewählte Schriften;,https://babel.hathitrust.org/cgi/pt?id=hvd.hxjvdw&seq=251
32044083853499,urn:cts:latinLit:phi0474.phi058,eng,33,0.7421706154,193,225,2.060606061,2195,559,0.2743088935,193,225,33,1,"Cicero, Marcus Tullius",Letters to his brother Quintus,"Cicero, Marcus Tullius.","M. Tullii Ciceronis Cato major, sive, De senectute ; Laelius, sive, De amicitia ; et epistolae selectae",https://babel.hathitrust.org/cgi/pt?id=hvd.32044083853499&seq=193
HXJVTC,urn:cts:greekLit:tlg0014.tlg009,ell,33,0.6208081451,214,247,3.454545455,2666,493,0.1902574928,214,247,33,0.9705882353,Demosthenes,Third Philippic,Demosthenes.,Ausgewählte reden des Demosthenes,https://babel.hathitrust.org/cgi/pt?id=hvd.hxjvtc&seq=214
HW2JFX,urn:cts:greekLit:tlg0059.tlg027,lat,32,0.6904359527,545,576,2.375,2229,585,0.2738764935,545,576,32,1,Plato,Ion,Plato.,Platonis Opera omnia...,https://babel.hathitrust.org/cgi/pt?id=hvd.hw2jfx&seq=545
32044073505083,urn:cts:latinLit:stoa0096.stoa003,lat,32,0.6159902026,104,138,8.78125,4508,1240,0.2736896864,104,138,32,0.9142857143,Commodianus,Instructiones,,"Patrologiae cursus completus, sive biblioteca universalis, integra, uniformis, commoda, oeconomica, omnium SS. Patrum, doctorum scriptorumque eccelesiasticorum qui ab aevo apostolico ad usque Innocentii III tempora floruerunt ... [Series Latina, in qua prodeunt Patres, doctores scriptoresque Ecclesiae Latinae, a Tertulliano ad Innocentium III]",https://babel.hathitrust.org/cgi/pt?id=hvd.32044073505083&seq=104
HW2J4Q,urn:cts:greekLit:tlg0014.tlg057,ell,32,0.637280745,136,167,4.53125,2484,586,0.2402467074,136,167,32,1,Demosthenes,Against Eubulides,Demosthenes.,Ausgewählte reden des Demosthenes.,https://babel.hathitrust.org/cgi/pt?id=hvd.hw2j4q&seq=136
HNATCQ,urn:cts:greekLit:tlg0014.tlg010,fra,32,0.7034098505,427,458,2.3125,2300,499,0.2255791164,427,458,32,1,Demosthenes,Fourth Philippic,Demosthenes.,"Les harangues de Démosthène : texte grec, publié -- avec un commentaire critique et explicatif, une introduction générale et des notices sur chaque discours",https://babel.hathitrust.org/cgi/pt?id=hvd.hnatcq&seq=427
HNATCQ,urn:cts:greekLit:tlg0014.tlg008,fra,33,0.7231880941,334,424,3.515151515,2428,477,0.1979101623,334,365,32,1,Demosthenes,On the Chersonese,Demosthenes.,"Les harangues de Démosthène : texte grec, publié -- avec un commentaire critique et explicatif, une introduction générale et des notices sur chaque discours",https://babel.hathitrust.org/cgi/pt?id=hvd.hnatcq&seq=334
HXIJRB,urn:cts:latinLit:phi0474.phi007,lat,32,0.6549183514,434,466,2.96875,2277,529,0.2481529303,434,466,32,0.9696969697,"Cicero, Marcus Tullius",Pro Fonteio,"Cicero, Marcus Tullius.",Ciceronis Orationes.,https://babel.hathitrust.org/cgi/pt?id=hvd.hxijrb&seq=434
32044085180800,urn:cts:latinLit:phi0969.phi001,lat,32,0.7230679093,220,251,1.5,2954,681,0.2339096739,220,251,32,1,Persius,Saturae,"Orelli, Johann Kaspar von","Eclogae poetarum Latinorum in usum gymnasiorum et seminariorum philologicorum,",https://babel.hathitrust.org/cgi/pt?id=hvd.32044085180800&seq=220
HXPP6P,urn:cts:greekLit:tlg0061.tlg003,lat,32,0.7300512676,309,340,2.5625,2370,645,0.2814286732,309,340,32,1,Pseudo-Lucian,Demosthenis encomium,"Dobson, William Stephen",Oratores attici et quos sic vocant sophistae.,https://babel.hathitrust.org/cgi/pt?id=hvd.hxpp6p&seq=309
AH3W1J,urn:cts:latinLit:stoa0275.stoa016,lat,32,0.6186398143,499,530,3.96875,2545,615,0.2521344174,499,530,32,1,Tertullian,De Fuga in Persecutione,Tertullian,Quae supersunt omnia.,https://babel.hathitrust.org/cgi/pt?id=hvd.ah3w1j&seq=499
AH3W1J,urn:cts:latinLit:stoa0275.stoa020,lat,32,0.6190312478,591,622,2.71875,2765,527,0.2018737668,591,622,32,1,Tertullian,De Oratione,Tertullian,Quae supersunt omnia.,https://babel.hathitrust.org/cgi/pt?id=hvd.ah3w1j&seq=591
HN25G1,urn:cts:greekLit:tlg0014.tlg057,ell,32,0.6304540618,138,169,3.625,2481,585,0.2402234602,138,169,32,1,Demosthenes,Against Eubulides,Demosthenes,Ausgewählte reden des Demosthenes,https://babel.hathitrust.org/cgi/pt?id=hvd.hn25g1&seq=138
32044085215291,urn:cts:latinLit:phi0969.phi001,lat,32,0.711748308,200,231,1.53125,2951,692,0.2391182802,200,231,32,1,Persius,Saturae,"Orelli, Johann Kaspar von","Eclogae poetarum Latinorum in usum gymnasiorum et seminariorum philologicorum,",https://babel.hathitrust.org/cgi/pt?id=hvd.32044085215291&seq=200
HXJVTD,urn:cts:greekLit:tlg0014.tlg008,fra,33,0.7089575002,334,425,3.454545455,2376,474,0.2021171643,334,365,32,1,Demosthenes,On the Chersonese,Demosthenes.,"Les harangues de Démosthène : texte grec publié d'après les travaux les plus récents de la philologie, avec un commentaire critique et explicatif, une introduction générale et des notices sur chaque discours",https://babel.hathitrust.org/cgi/pt?id=hvd.hxjvtd&seq=334
HXJVTD,urn:cts:greekLit:tlg0014.tlg010,fra,32,0.7017646245,429,460,2.40625,2250,498,0.2306229901,429,460,32,1,Demosthenes,Fourth Philippic,Demosthenes.,"Les harangues de Démosthène : texte grec publié d'après les travaux les plus récents de la philologie, avec un commentaire critique et explicatif, une introduction générale et des notices sur chaque discours",https://babel.hathitrust.org/cgi/pt?id=hvd.hxjvtd&seq=429
HNATCR,urn:cts:greekLit:tlg0014.tlg010,fra,32,0.7022638331,429,460,2.375,2273,499,0.2269500096,429,460,32,1,Demosthenes,Fourth Philippic,Demosthenes.,"Les harangues de Démosthène : texte grec publié d'après les travaux les plus récents de la philologie, avec un commentaire critique et explicatif, une introduction générale et des notices sur chaque discours",https://babel.hathitrust.org/cgi/pt?id=hvd.hnatcr&seq=429
HNATCR,urn:cts:greekLit:tlg0014.tlg008,fra,33,0.7136848688,334,425,3.484848485,2389,475,0.2016274144,334,365,32,1,Demosthenes,On the Chersonese,Demosthenes.,"Les harangues de Démosthène : texte grec publié d'après les travaux les plus récents de la philologie, avec un commentaire critique et explicatif, une introduction générale et des notices sur chaque discours",https://babel.hathitrust.org/cgi/pt?id=hvd.hnatcr&seq=334
HW2M7N,urn:cts:latinLit:phi0474.phi016,lat,32,0.6402039422,392,423,2.78125,2028,415,0.2108199753,392,423,32,1,"Cicero, Marcus Tullius",Pro Archia Poeta,"Ernesti, Johann August","Clavis Ciceroniana, sive, Indices rerum et verborum philologico-critici in opera Ciceronis : accedunt Graeca Ciceronis necessariis observationibus illustrata",https://babel.hathitrust.org/cgi/pt?id=hvd.hw2m7n&seq=392
HXJ98B,urn:cts:greekLit:tlg2200.tlg00442,ell,32,0.6347977867,394,425,3.4375,2093,557,0.2737138529,394,425,32,1,Libanius,Oratio 42,Libanius.,Libanii Sophistae orationes et declamationes. Ad fidem codicum mspt. recensuit et perpetua adnotatione illustravit Io. Iacobus Reiske.,https://babel.hathitrust.org/cgi/pt?id=hvd.hxj98b&seq=394
HXQ4LI,urn:cts:latinLit:phi1348.abo017,lat,33,0.6460871244,267,633,2.636363636,2309,415,0.1921426539,267,297,31,1,Suetonius,Galba,Suetonius,"C. Suetonii Tranquilli Duodecim Caesares, et minora quae supersunt opera; Baumgartenii-crusii commentario",https://babel.hathitrust.org/cgi/pt?id=hvd.hxq4li&seq=267
HNAJSD,urn:cts:greekLit:tlg0062.tlg042,lat,33,0.6148692703,269,579,5.272727273,2014,503,0.2468922249,269,299,31,1,Lucian of Samosata,De Morte Peregrini,Lucian,Opera.,https://babel.hathitrust.org/cgi/pt?id=hvd.hnajsd&seq=269
HNAJS9,urn:cts:greekLit:tlg0062.tlg007,lat,33,0.631558979,209,480,4.242424242,2030,476,0.2292285436,209,239,31,1,Lucian of Samosata,Nigrinus,Lucian,Opera.,https://babel.hathitrust.org/cgi/pt?id=hvd.hnajs9&seq=209
32044024586380,urn:cts:latinLit:phi0893.phi006,eng,34,0.6061922918,54,826,4.176470588,2481,482,0.1911371321,796,826,31,1,Horace,Ars Poetica,Horace.,"The odes and epodes of Horace,",https://babel.hathitrust.org/cgi/pt?id=hvd.32044024586380&seq=796
HN2W4Z,urn:cts:greekLit:tlg0007.tlg104,ell,31,0.6556129092,139,169,2.967741935,1603,473,0.293534044,139,169,31,1,Plutarch,De Vitioso Pudore,Plutarch.,"Ploutarchou tou Chairōneōs Ta ēthika = Plutarchi Chaeronensis Moralia, id est Opera, exceptis vitis, reliqua",https://babel.hathitrust.org/cgi/pt?id=hvd.hn2w4z&seq=139
HXJVEL,urn:cts:greekLit:tlg0062.tlg019,ell,32,0.7281135982,221,255,2.9375,2450,711,0.297563663,221,251,31,1,Lucian of Samosata,Gallus,Lucian,Ausgewählte Schriften des Lucian : Für den Schulgebrauch,https://babel.hathitrust.org/cgi/pt?id=hvd.hxjvel&seq=221
HXQ2XK,urn:cts:greekLit:tlg0007.tlg104,ell,31,0.6739314725,139,169,2.580645161,1612,467,0.2888545894,139,169,31,1,Plutarch,De Vitioso Pudore,Plutarch.,"Ploutarchou tou Chairōneōs Ta ēthika = Plutarchi Chaeronensis Moralia, id est Opera, exceptis vitis, reliqua",https://babel.hathitrust.org/cgi/pt?id=hvd.hxq2xk&seq=139
AH443A,urn:cts:greekLit:tlg0031.tlg004,ell,43,0.6096248966,27,244,4.720930233,3629,930,0.2942327665,150,244,31,0.3263157895,New Testament,Gospel of John,,"Synopsis evangelica : ex quattuor evangeliis ordine chronologico concinnavit, brevi commentario illustravit, ad antiquos testes denuo recensuit",https://babel.hathitrust.org/cgi/pt?id=hvd.ah443a&seq=150
HW2IQ3,urn:cts:greekLit:tlg0033.tlg002,deu,31,0.6177850574,257,288,4.870967742,2800,541,0.1962484367,257,288,31,0.96875,Pindar,Pythian,"Buchholz, Eduard",Anthologie aus den Lyriken der Griechen ...,https://babel.hathitrust.org/cgi/pt?id=hvd.hw2iq3&seq=257
HNJWZ3,urn:cts:latinLit:phi0893.phi003,deu,31,0.6779262872,232,262,3.322580645,2145,621,0.2990790332,232,262,31,1,Horace,Epodi,Horace.,Die Oden und Epoden Für den Schulgebranch;,https://babel.hathitrust.org/cgi/pt?id=hvd.hnjwz3&seq=232
HW20TM,urn:cts:greekLit:tlg0062.tlg019,ell,32,0.7310620097,231,265,2.96875,2461,710,0.2941015237,231,261,31,1,Lucian of Samosata,Gallus,Lucian,Ausgewählte Schriften des Lucian : Für den Schulgebrauch,https://babel.hathitrust.org/cgi/pt?id=hvd.hw20tm&seq=231
HW1ZOP,urn:cts:greekLit:tlg0059.tlg001,ell,33,0.6049948962,270,306,3.939393939,2405,679,0.2879829926,275,306,31,0.96875,Plato,Euthyphro,Plato.,Platons Ausgewählte Schriften für den Schulgebrauch.,https://babel.hathitrust.org/cgi/pt?id=hvd.hw1zop&seq=275
HW2JEG,urn:cts:latinLit:phi0959.phi008,deu,31,0.6027321616,262,293,3.322580645,1298,300,0.2260471419,262,293,31,0.96875,Ovid,Tristia,,"Geist der römischen Elegie, oder, Auserlesene Gedichte aus Catull, Tibull, Properz und Ovid",https://babel.hathitrust.org/cgi/pt?id=hvd.hw2jeg&seq=262
32044085107993,urn:cts:greekLit:tlg0014.tlg039,eng,31,0.6122605746,152,182,3,2434,346,0.1502811501,152,182,31,1,Demosthenes,Against Boeotus I,Demosthenes,Select private orations.,https://babel.hathitrust.org/cgi/pt?id=hvd.32044085107993&seq=152
HXQ2XP,urn:cts:greekLit:tlg0007.tlg130,ell,31,0.6663300406,9,39,2.677419355,1620,462,0.2854303338,9,39,31,1,Plutarch,Bruta animalia ratione uti,Plutarch.,"Ploutarchou tou Chairōneōs Ta ēthika = Plutarchi Chaeronensis Moralia, id est Opera, exceptis vitis, reliqua",https://babel.hathitrust.org/cgi/pt?id=hvd.hxq2xp&seq=9
HNJWVY,urn:cts:latinLit:phi0893.phi006,lat,31,0.7074443196,625,655,2.903225806,2698,469,0.1771275229,625,655,31,1,Horace,Ars Poetica,Horace.,Q. Horatii Flacci Opera omnia.,https://babel.hathitrust.org/cgi/pt?id=hvd.hnjwvy&seq=625
HN26V6,urn:cts:greekLit:tlg0540.tlg012,ell,32,0.6954102737,29,221,3.125,2132,592,0.2785003372,29,59,31,1,Lysias,"Against Eratosthenes, who had been One of the Thirty: Spoken by Lysias Himself",Lysias.,Ausgewählte Reden; erklaert von R. Rauchenstein.,https://babel.hathitrust.org/cgi/pt?id=hvd.hn26v6&seq=29
HXJ98B,urn:cts:greekLit:tlg2200.tlg00446,ell,31,0.6033232284,469,499,3.419354839,2122,461,0.2219513475,469,499,31,1,Libanius,Oratio 46,Libanius.,Libanii Sophistae orationes et declamationes. Ad fidem codicum mspt. recensuit et perpetua adnotatione illustravit Io. Iacobus Reiske.,https://babel.hathitrust.org/cgi/pt?id=hvd.hxj98b&seq=469
HN64GI,urn:cts:latinLit:phi0893.phi003,lat,30,0.6190275247,161,190,2.466666667,2219,499,0.2306292047,161,190,30,1,Horace,Epodi,Horace.,"Carmina,",https://babel.hathitrust.org/cgi/pt?id=hvd.hn64gi&seq=161
32044020164240,urn:cts:greekLit:tlg0014.tlg004,deu,33,0.6290812743,95,400,4.151515152,2992,363,0.1196381359,159,188,30,1,Demosthenes,First Philippic,Demosthenes,Neun philippische reden erklärt von C. Rehdantz.,https://babel.hathitrust.org/cgi/pt?id=hvd.32044020164240&seq=159
HN5XN3,urn:cts:latinLit:phi0620.phi001,fra,30,0.6235216845,342,373,3.1,1633,406,0.2507455798,342,373,30,0.9375,"Propertius, Sextus",Elegiae,"Waltz, A.","Anthologie des poètes latins: Silius, Stace, Ansone, Claudien, Juvénal, Perse, Martial, Catulle, Tibulle, Properce, Ovide. Texte Latin, publié avec des notices, des sommaires et des notes.",https://babel.hathitrust.org/cgi/pt?id=hvd.hn5xn3&seq=342
HW2LB9,urn:cts:latinLit:phi0474.phi049,deu,43,0.6073806756,21,326,2.441860465,3990,504,0.1264160097,21,110,30,0.3333333333,"Cicero, Marcus Tullius",Tusculanae Disputationes,"Cicero, Marcus Tullius.",Chrestomathia Ciceroniana : ein Lesebuch für mittlere Gymnasialklassen,https://babel.hathitrust.org/cgi/pt?id=hvd.hw2lb9&seq=21
HN4QEZ,urn:cts:latinLit:phi0893.phi006,eng,30,0.7092129593,732,761,2.5,2805,478,0.1782915099,732,761,30,1,Horace,Ars Poetica,Horace.,Opera omnia.,https://babel.hathitrust.org/cgi/pt?id=hvd.hn4qez&seq=732
32044015466758,urn:cts:latinLit:stoa0096.stoa003,lat,31,0.6588102714,102,135,5.225806452,4339,1236,0.2839263948,106,135,30,1,Commodianus,Instructiones,,"Patrologiae cursus completus, sive biblioteca universalis, integra, uniformis, commoda, oeconomica, omnium SS. Patrum, doctorum scriptorumque eccelesiasticorum qui ab aevo apostolico ad usque Innocentii III tempora floruerunt ... [Series Latina, in qua prodeunt Patres, doctores scriptoresque Ecclesiae Latinae, a Tertulliano ad Innocentium III]",https://babel.hathitrust.org/cgi/pt?id=hvd.32044015466758&seq=106
HNJXEW,urn:cts:latinLit:phi0474.phi023,eng,30,0.7451782156,26,55,2.033333333,2758,489,0.1832760457,26,55,30,1,"Cicero, Marcus Tullius",Against Vatinius,"Cicero, Marcus Tullius.","M. Tullii Ciceronis orationes,",https://babel.hathitrust.org/cgi/pt?id=hvd.hnjxew&seq=26
HN2I93,urn:cts:latinLit:phi0588.abo025,lat,37,0.6021498209,22,399,6.810810811,2181,533,0.2761554164,278,307,30,1,"Nepos, Cornelius",Atticus,"Nepos, Cornelius.","Cornelius Nepos, ex optimarum editionum recensione et cum selectis variorum interpretum notis;",https://babel.hathitrust.org/cgi/pt?id=hvd.hn2i93&seq=278
HNXAWR,urn:cts:greekLit:tlg0059.tlg003,deu,30,0.707015143,130,159,2.466666667,2475,488,0.2023500489,130,159,30,1,Plato,Crito,Plato.,Ausgewählte schriften.,https://babel.hathitrust.org/cgi/pt?id=hvd.hnxawr&seq=130
32044085200582,urn:cts:latinLit:phi0893.phi006,eng,30,0.7083294915,741,770,2.466666667,2880,475,0.1721591971,741,770,30,1,Horace,Ars Poetica,Horace.,"Quinti Horatii Flacci Opera omnia,",https://babel.hathitrust.org/cgi/pt?id=hvd.32044085200582&seq=741
32044004454633,urn:cts:latinLit:phi0893.phi006,eng,30,0.7142158712,741,770,2.433333333,2887,476,0.1714771506,741,770,30,1,Horace,Ars Poetica,Horace.,Opera omnia;,https://babel.hathitrust.org/cgi/pt?id=hvd.32044004454633&seq=741
HW1ZOP,urn:cts:greekLit:tlg0059.tlg003,ell,31,0.655278119,125,160,4.258064516,2569,488,0.1938114068,125,154,30,1,Plato,Crito,Plato.,Platons Ausgewählte Schriften für den Schulgebrauch.,https://babel.hathitrust.org/cgi/pt?id=hvd.hw1zop&seq=125
32044020532958,urn:cts:greekLit:tlg0010.tlg007,ell,30,0.6194288279,13,42,2.866666667,2743,349,0.1299395189,13,42,30,1,Isocrates,To Demonicus,Isocrates,Isokrates ausgewählte Reden : für den Schulgebrauch,https://babel.hathitrust.org/cgi/pt?id=hvd.32044020532958&seq=13
HN4QF4,urn:cts:latinLit:phi0893.phi006,eng,30,0.7118400167,737,766,2.5,2909,476,0.1705936868,737,766,30,1,Horace,Ars Poetica,Horace.,Quinti Horatii Flacci Opera omnia.,https://babel.hathitrust.org/cgi/pt?id=hvd.hn4qf4&seq=737
HW2JG2,urn:cts:greekLit:tlg0059.tlg033,lat,31,0.6579066123,361,402,2.774193548,2025,499,0.2538510716,372,402,30,0.9677419355,Plato,Minos,Plato.,Platonis Opera omnia...,https://babel.hathitrust.org/cgi/pt?id=hvd.hw2jg2&seq=372
HW1YKP,urn:cts:greekLit:tlg0059.tlg003,deu,31,0.6650290725,132,166,3.451612903,2527,492,0.1944190539,132,161,30,1,Plato,Crito,Plato.,Platons Vertheidigungsrede des Sokrates und Kriton,https://babel.hathitrust.org/cgi/pt?id=hvd.hw1ykp&seq=132
32044010342434,urn:cts:greekLit:tlg0031.tlg001,ell,30,0.6037013352,64,210,2.433333333,3187,929,0.2909210434,64,210,30,0.2040816327,New Testament,Gospel according to Matthew,,"The life and morals of Jesus of Nazareth, extracted textually from the Gospels in Greek, Latin, French, and English,",https://babel.hathitrust.org/cgi/pt?id=hvd.32044010342434&seq=64
HN4QEY,urn:cts:latinLit:phi0893.phi006,eng,30,0.7232924058,728,757,2.2,2836,481,0.179450202,728,757,30,1,Horace,Ars Poetica,Horace.,Opera omnia.,https://babel.hathitrust.org/cgi/pt?id=hvd.hn4qey&seq=728
HW25FP,urn:cts:greekLit:tlg0062.tlg024,ell,30,0.6064428776,140,297,3.933333333,1773,503,0.2962784648,140,168,29,1,Lucian of Samosata,Vitarum auctio,Lucian,Lucian; selected writings;,https://babel.hathitrust.org/cgi/pt?id=hvd.hw25fp&seq=140
HW2M7P,urn:cts:latinLit:phi0474.phi030,lat,29,0.6643114384,101,131,3.344827586,1655,469,0.2899409795,101,131,29,0.935483871,"Cicero, Marcus Tullius",Pro C. Rabirio Postumo,"Ernesti, Johann August","Clavis Ciceroniana, sive, Indices rerum et verborum philologico-critici in opera Ciceronis : accedunt Graeca Ciceronis necessariis observationibus illustrata",https://babel.hathitrust.org/cgi/pt?id=hvd.hw2m7p&seq=101
32044085227296,urn:cts:latinLit:phi0631.phi003,lat,29,0.6212871608,165,194,6.275862069,2177,486,0.2131596692,165,194,29,0.9666666667,Sallust,Historiae,Sallust,"Bellum Catilinae, Bellum Jugurthinum, orationes et epistulae ex Historiis excerptae;",https://babel.hathitrust.org/cgi/pt?id=hvd.32044085227296&seq=165
32044085138683,urn:cts:greekLit:tlg0540.tlg001,deu,29,0.6544851947,377,406,2.034482759,2840,275,0.09720311039,377,406,29,0.9666666667,Lysias,On the Murder of Eratosthenes,Lysias.,Für den Schulgebrauch erklärt von Hermann.,https://babel.hathitrust.org/cgi/pt?id=hvd.32044085138683&seq=377
HW2LPX,urn:cts:latinLit:phi0588.abo018,deu,29,0.6544584873,293,321,2.310344828,1195,337,0.2847187,293,321,29,1,"Nepos, Cornelius",Eumenes,"Nepos, Cornelius.","De vita excellentium imperatorum,",https://babel.hathitrust.org/cgi/pt?id=hvd.hw2lpx&seq=293
HNAJSD,urn:cts:greekLit:tlg0062.tlg028,lat,31,0.6284763883,7,356,3.387096774,1896,445,0.2322588911,7,35,29,1,Lucian of Samosata,Adversus indoctum et libros multos ementem,Lucian,Opera.,https://babel.hathitrust.org/cgi/pt?id=hvd.hnajsd&seq=7
32044085108199,urn:cts:greekLit:tlg0014.tlg009,ell,29,0.630308588,218,246,3.620689655,1737,505,0.2954903813,218,246,29,1,Demosthenes,Third Philippic,Demosthenes,Discours sur la couronne.,https://babel.hathitrust.org/cgi/pt?id=hvd.32044085108199&seq=218
HNJXEW,urn:cts:latinLit:phi0474.phi025,eng,29,0.7842312619,109,137,1.862068966,2390,554,0.2432714408,109,137,29,1,"Cicero, Marcus Tullius",De provinciis consularibus,"Cicero, Marcus Tullius.","M. Tullii Ciceronis orationes,",https://babel.hathitrust.org/cgi/pt?id=hvd.hnjxew&seq=109
32044085176303,urn:cts:greekLit:tlg0032.tlg005,lat,29,0.6950420285,225,254,2.75862069,2173,494,0.2312296608,225,254,29,0.9666666667,Xenophon,Apology,Xenophon.,Xenophōntos Apomnēmoneumatōn biblia tessara = Commentarii dictorum factorumque Socratis ad defendendum eum scripti a Xenophonte libris IV : cum Apologia Socratis,https://babel.hathitrust.org/cgi/pt?id=hvd.32044085176303&seq=225
HW2J4T,urn:cts:greekLit:tlg0014.tlg001,lat,33,0.61221929,164,429,4,1605,308,0.195279013,164,193,29,0.9666666667,Demosthenes,Olynthiac 1,Demosthenes.,Selectæ orationes.,https://babel.hathitrust.org/cgi/pt?id=hvd.hw2j4t&seq=164
32044055031272,urn:cts:greekLit:tlg0540.tlg031,ita,29,0.6382087753,219,254,2.137931034,1077,273,0.2445396149,219,254,29,0.8055555556,Lysias,"Against Philon, On his Scrutiny",Lysias.,"Le orazioni contro Eratostene, e contro Nicomaco;",https://babel.hathitrust.org/cgi/pt?id=hvd.32044055031272&seq=219
HNJXEU,urn:cts:latinLit:phi0474.phi004,eng,30,0.7461400072,29,629,4.1,2571,612,0.2515217555,29,57,29,1,"Cicero, Marcus Tullius",Divinatio in Q. Caecilium,"Cicero, Marcus Tullius.","M. Tullii Ciceronis orationes,",https://babel.hathitrust.org/cgi/pt?id=hvd.hnjxeu&seq=29
HN3NNQ,urn:cts:latinLit:phi0588.abo025,lat,29,0.6834655665,780,808,2.068965517,1969,465,0.2492758909,780,808,29,1,"Nepos, Cornelius",Atticus,"Cicero, Marcus Tullius.",M. Tullii Ciceronis Epistolarum libri XVI ad T. Pomponium Atticum,https://babel.hathitrust.org/cgi/pt?id=hvd.hn3nnq&seq=780
AH3W1J,urn:cts:latinLit:stoa0276.stoa002,lat,29,0.6074133483,709,737,3.379310345,2241,545,0.2552228445,709,737,29,1,Pseudo-Tertullian,Ad Uxorem,Tertullian,Quae supersunt omnia.,https://babel.hathitrust.org/cgi/pt?id=hvd.ah3w1j&seq=709
AH3W1J,urn:cts:latinLit:stoa0275.stoa023,lat,29,0.604371675,625,653,4.137931034,2342,535,0.2364003589,625,653,29,1,Tertullian,De Patientia,Tertullian,Quae supersunt omnia.,https://babel.hathitrust.org/cgi/pt?id=hvd.ah3w1j&seq=625
HXJVIC,urn:cts:latinLit:phi0474.phi006,lat,29,0.683156457,67,97,2.344827586,1922,456,0.2552027543,67,97,29,0.935483871,"Cicero, Marcus Tullius",Pro M. Tullio,"Cicero, Marcus Tullius.","M.T. Ciceronis quae exstant omnia opera, cum deperditorum fragmentis in quatuor partes divisa, item indices quinque novi et absolutissimi.",https://babel.hathitrust.org/cgi/pt?id=hvd.hxjvic&seq=67
HN1I4F,urn:cts:latinLit:phi0472.phi001,deu,29,0.71664062,27,55,2.206896552,2150,559,0.2639298188,27,55,29,1,Catullus,Carmina,"Schulze, Karl Paul","Römische elegiker. Eine Auswahl aus Catull, Tibull, Properz.",https://babel.hathitrust.org/cgi/pt?id=hvd.hn1i4f&seq=27
HXJVCH,urn:cts:greekLit:tlg0540.tlg001,deu,31,0.6000047727,121,194,3.935483871,3001,278,0.09087961415,121,150,29,0.9666666667,Lysias,On the Murder of Eratosthenes,Lysias.,Ausgewählte Reden des Lysias : für den Schulgebrach,https://babel.hathitrust.org/cgi/pt?id=hvd.hxjvch&seq=121
HW2JEI,urn:cts:latinLit:phi0959.phi008,deu,41,0.6508060754,28,205,2.634146341,3324,703,0.2120492521,177,205,29,1,Ovid,Tristia,"Peters, Karl",Anthologie aus den römischen Elegikern.,https://babel.hathitrust.org/cgi/pt?id=hvd.hw2jei&seq=177
HXJVDW,urn:cts:greekLit:tlg0062.tlg007,ell,35,0.6165612121,187,321,5.028571429,2732,546,0.223227851,187,215,29,1,Lucian of Samosata,Nigrinus,Lucian,Ausgewählte Schriften;,https://babel.hathitrust.org/cgi/pt?id=hvd.hxjvdw&seq=187
32044096580329,urn:cts:latinLit:stoa0275.stoa024,lat,33,0.6009215813,12,780,5.787878788,4516,1239,0.2841179055,12,41,29,0.9666666667,Tertullian,De Praescriptionibus Hereticorum,,"Patrologiae cursus completus, sive biblioteca universalis, integra, uniformis, commoda, oeconomica, omnium SS. Patrum, doctorum scriptorumque eccelesiasticorum qui ab aevo apostolico ad usque Innocentii III tempora floruerunt ... [Series Latina, in qua prodeunt Patres, doctores scriptoresque Ecclesiae Latinae, a Tertulliano ad Innocentium III]",https://babel.hathitrust.org/cgi/pt?id=hvd.32044096580329&seq=12
32044014220743,urn:cts:latinLit:phi0474.phi049,lat,36,0.8239432262,107,346,1.527777778,1462,59,0.03694391346,107,173,29,0.4328358209,"Cicero, Marcus Tullius",Tusculanae Disputationes,"Lucilius, Gaius",C. Lucilii Saturarum reliquiae.,https://babel.hathitrust.org/cgi/pt?id=hvd.32044014220743&seq=107
32044024534216,urn:cts:greekLit:tlg0014.tlg004,deu,29,0.6699128348,152,180,2.448275862,2769,368,0.1345691926,152,180,29,1,Demosthenes,First Philippic,Demosthenes,Neun philippische reden erklärt,https://babel.hathitrust.org/cgi/pt?id=hvd.32044024534216&seq=152
HXJVTC,urn:cts:greekLit:tlg0014.tlg008,ell,29,0.6332112543,181,210,3.827586207,2375,498,0.213718049,181,210,29,0.9666666667,Demosthenes,On the Chersonese,Demosthenes.,Ausgewählte reden des Demosthenes,https://babel.hathitrust.org/cgi/pt?id=hvd.hxjvtc&seq=181
HW25FP,urn:cts:greekLit:tlg0062.tlg042,ell,28,0.7200225956,255,282,2.5,1660,485,0.2989874264,255,282,28,1,Lucian of Samosata,De Morte Peregrini,Lucian,Lucian; selected writings;,https://babel.hathitrust.org/cgi/pt?id=hvd.hw25fp&seq=255
HNJVSJ,urn:cts:latinLit:stoa0089.stoa014,lat,28,0.6646871808,77,104,2.392857143,1780,280,0.1559999213,77,104,28,1,Claudian,Panegyricus dictus Probino et Olybrio consulibus,"Claudianus, Claudius",Opera omnia,https://babel.hathitrust.org/cgi/pt?id=hvd.hnjvsj&seq=77
HNJVSJ,urn:cts:latinLit:stoa0089.stoa010,lat,28,0.6157535038,213,240,2.75,1737,229,0.1309648486,213,240,28,1,Claudian,Panegyricus de tertio consulatu Honorii Augusti,"Claudianus, Claudius",Opera omnia,https://babel.hathitrust.org/cgi/pt?id=hvd.hnjvsj&seq=213
HW2M4W,urn:cts:latinLit:phi0474.phi009,lat,29,0.6785872455,55,414,4.689655172,2461,698,0.2974071243,55,82,28,1,"Cicero, Marcus Tullius",De Imperio Cn. Pompei Ad Quirites,"Cicero, Marcus Tullius.","M.T. Ciceronis orationes quædam selectæ, in usam Delphini : cum interpretatione et variantibus aliquot per singulas orationes lectionibus, quibus praefigitur vita Ciceronis per annos consulares digesta",https://babel.hathitrust.org/cgi/pt?id=hvd.hw2m4w&seq=55
HW2M7P,urn:cts:latinLit:phi0474.phi033,lat,28,0.6619762666,159,186,2.785714286,1670,400,0.2594784331,159,186,28,1,"Cicero, Marcus Tullius",Pro Q. Ligario,"Ernesti, Johann August","Clavis Ciceroniana, sive, Indices rerum et verborum philologico-critici in opera Ciceronis : accedunt Graeca Ciceronis necessariis observationibus illustrata",https://babel.hathitrust.org/cgi/pt?id=hvd.hw2m7p&seq=159
32044098646524,urn:cts:latinLit:phi0474.phi030,lat,28,0.6565127741,407,436,3.392857143,1592,453,0.2897843008,407,436,28,0.9333333333,"Cicero, Marcus Tullius",Pro C. Rabirio Postumo,"Cicero, Marcus Tullius.",M. Tullii Ciceronis orationes,https://babel.hathitrust.org/cgi/pt?id=hvd.32044098646524&seq=407
32044098646524,urn:cts:latinLit:phi0474.phi033,lat,28,0.6684770402,465,492,2.678571429,1638,399,0.2650405593,465,492,28,1,"Cicero, Marcus Tullius",Pro Q. Ligario,"Cicero, Marcus Tullius.",M. Tullii Ciceronis orationes,https://babel.hathitrust.org/cgi/pt?id=hvd.32044098646524&seq=465
HW2IW2,urn:cts:greekLit:tlg0014.tlg004,deu,28,0.6801645394,143,170,2.464285714,2723,367,0.1362866938,143,170,28,1,Demosthenes,First Philippic,Demosthenes.,"Ausgewählte Reden,",https://babel.hathitrust.org/cgi/pt?id=hvd.hw2iw2&seq=143
HW2IVW,urn:cts:greekLit:tlg0014.tlg008,ell,28,0.6575266705,174,202,3.321428571,2055,494,0.2427414994,174,202,28,0.9655172414,Demosthenes,On the Chersonese,Demosthenes.,Ausgewählte reden des Demosthenes,https://babel.hathitrust.org/cgi/pt?id=hvd.hw2ivw&seq=174
HN25DW,urn:cts:greekLit:tlg0014.tlg008,ell,28,0.6495621885,170,198,3.357142857,2140,492,0.2317926497,170,198,28,0.9655172414,Demosthenes,On the Chersonese,Demosthenes,"Ausgewæhlte Reden des Demosthenes,",https://babel.hathitrust.org/cgi/pt?id=hvd.hn25dw&seq=170
32044085137016,urn:cts:greekLit:tlg0062.tlg023,ell,28,0.6788006882,88,118,5.535714286,2052,521,0.2464462893,88,118,28,0.9032258065,Lucian of Samosata,Contemplantes,Lucian,Ausgewählte schriften.,https://babel.hathitrust.org/cgi/pt?id=hvd.32044085137016&seq=88
HXJV1J,urn:cts:latinLit:phi0959.phi001,lat,29,0.6137033421,7,272,3.103448276,1731,323,0.1956904491,7,34,28,1,Ovid,Amores,Ovid,P. Ovidii Nasonis Opera omnia :,https://babel.hathitrust.org/cgi/pt?id=hvd.hxjv1j&seq=7
HW2IPH,urn:cts:greekLit:tlg0033.tlg002,deu,29,0.6240973933,197,302,6.482758621,2443,544,0.2223370945,197,225,28,0.9655172414,Pindar,Pythian,,Anthologie aus den Lyrikern der griechen,https://babel.hathitrust.org/cgi/pt?id=hvd.hw2iph&seq=197
HXJV1I,urn:cts:latinLit:phi0959.phi001,lat,29,0.6153172276,11,276,3.137931034,1749,324,0.1951510164,11,38,28,1,Ovid,Amores,Ovid,P. Ovidii Nasonis Opera omnia :,https://babel.hathitrust.org/cgi/pt?id=hvd.hxjv1i&seq=11
32044115314015,urn:cts:latinLit:phi0978.phi001,lat,31,0.9575115207,47,640,0.1935483871,1219,33,0.03441757745,57,119,28,0.4444444444,"Pliny, the Elder",Naturalis Historia,,[Aristoteles. German diss. A-P. : Pamphlet vol.],https://babel.hathitrust.org/cgi/pt?id=hvd.32044115314015&seq=57
HXKCHI,urn:cts:latinLit:stoa0089.stoa013,lat,28,0.6230775844,289,316,3.392857143,2047,367,0.1892061999,289,316,28,1,Claudian,Panegyricus dictus Manlio Theodoro consuli,"Claudianus, Claudius.",Cl. Claudiani quae exstant varietate lectionis et perpetua adnotatione,https://babel.hathitrust.org/cgi/pt?id=hvd.hxkchi&seq=289
32044097077945,urn:cts:latinLit:phi0474.phi056,eng,28,0.6496223242,363,406,2.571428571,1884,393,0.2181715703,363,406,28,0.6363636364,"Cicero, Marcus Tullius",Letters to his Friends,"Cicero, Marcus Tullius.","Selected orations and letters of Cicero, to which is added the Catiline of Sallust; with historical introduction, an outline of the Roman constitution, notes, vocabulary and index, by Harold Whetstone Johnston ...",https://babel.hathitrust.org/cgi/pt?id=hvd.32044097077945&seq=363
HW2MFV,urn:cts:latinLit:phi1348.abo019,lat,28,0.6497291758,343,370,2.607142857,1851,335,0.1865394377,343,370,28,1,Suetonius,Vitellius,Suetonius,"Opera omnia, ex editione Baumgarten-Crusii, cum notis et interpretatione in usum Delphini variis lectionibus, notis variorum recensu editionum et codicum et indice locupletissimo accurate recensita.",https://babel.hathitrust.org/cgi/pt?id=hvd.hw2mfv&seq=343
HXQ4EG,urn:cts:latinLit:phi1348.abo019,lat,28,0.6690941642,247,274,2.464285714,1840,340,0.1913095391,247,274,28,1,Suetonius,Vitellius,Suetonius,"Opera omnia, ex editione Baumgarten-Crusii, cum notis et interpretatione in usum Delphini variis lectionibus, notis variorum recensu editionum et codicum et indice locupletissimo accurate recensita.",https://babel.hathitrust.org/cgi/pt?id=hvd.hxq4eg&seq=247
HNJWZA,urn:cts:latinLit:phi0893.phi006,fra,28,0.6758337477,401,428,3.5,2581,473,0.189120413,401,428,28,1,Horace,Ars Poetica,Horace.,Opera.,https://babel.hathitrust.org/cgi/pt?id=hvd.hnjwza&seq=401
32044085200749,urn:cts:latinLit:phi0893.phi006,fra,28,0.6312671377,478,506,3.642857143,2418,428,0.1752182232,478,506,28,0.9655172414,Horace,Ars Poetica,Horace.,Quinti Horati Flacci Opera.,https://babel.hathitrust.org/cgi/pt?id=hvd.32044085200749&seq=478
32044098638869,urn:cts:latinLit:stoa0089.stoa010,lat,28,0.6066685535,209,236,2.821428571,1741,229,0.1306441246,209,236,28,1,Claudian,Panegyricus de tertio consulatu Honorii Augusti,"Claudianus, Claudius",Opera omnia,https://babel.hathitrust.org/cgi/pt?id=hvd.32044098638869&seq=209
HW2M7W,urn:cts:latinLit:stoa0089.stoa014,lat,28,0.6512608755,79,106,2.535714286,1779,279,0.1551326655,79,106,28,1,Claudian,Panegyricus dictus Probino et Olybrio consulibus,"Claudianus, Claudius",Opera omnia,https://babel.hathitrust.org/cgi/pt?id=hvd.hw2m7w&seq=79
HW2M7W,urn:cts:latinLit:stoa0089.stoa010,lat,28,0.6088375452,215,242,2.928571429,1829,229,0.1258118196,215,242,28,1,Claudian,Panegyricus de tertio consulatu Honorii Augusti,"Claudianus, Claudius",Opera omnia,https://babel.hathitrust.org/cgi/pt?id=hvd.hw2m7w&seq=215
AH5HEH,urn:cts:greekLit:tlg4102.tlg010,ell,36,0.6370522099,11,509,4.166666667,1222,206,0.1709815668,262,389,27,0.2109375,Catenae (Novum Testamentum),Catena In Epistulam Ad Romanos (Typus Vaticanus) (E Cod. Oxon. Bodl. Auct. E.2.20 [= Misc. 48]),"Pharmakidēs, Theoklētos",Ē kainē diathēkē meta hūpomnēmatōn archaiōn,https://babel.hathitrust.org/cgi/pt?id=hvd.ah5heh&seq=262
32044098275043,urn:cts:greekLit:tlg2018.tlg001,lat,27,0.65848823,359,386,4.259259259,1441,398,0.2699676393,359,386,27,0.9642857143,Eusebius of Caesarea,Praeparatio Evangelica,"Routh, Martin Joseph","Reliquiae sacrae; sive, Auctorum fere jam perditorum secundi tertiique saeculi fragmenta, quae supersunt. Accedunt epistolae synodicae et canonicae Nicaeno Concilio antiquiores.",https://babel.hathitrust.org/cgi/pt?id=hvd.32044098275043&seq=359
32044054539382,urn:cts:latinLit:phi0474.phi019,eng,28,0.7512260461,314,592,2.285714286,2373,485,0.2129660522,314,340,27,1,"Cicero, Marcus Tullius",Cum Senatui gratias egit,"Cicero, Marcus Tullius.","M. Tullii Ciceronis orationes,",https://babel.hathitrust.org/cgi/pt?id=hvd.32044054539382&seq=314
HNJXEV,urn:cts:latinLit:phi0474.phi019,eng,28,0.7514923014,316,594,2.285714286,2467,487,0.2087105518,316,342,27,1,"Cicero, Marcus Tullius",Cum Senatui gratias egit,"Cicero, Marcus Tullius.","M. Tullii Ciceronis orationes,",https://babel.hathitrust.org/cgi/pt?id=hvd.hnjxev&seq=316
HN5XN3,urn:cts:latinLit:phi1020.phi001,fra,27,0.6533431744,83,109,2.740740741,1569,411,0.2649091999,83,109,27,1,"Statius, P. Papinius (Publius Papinius)",Thebais,"Waltz, A.","Anthologie des poètes latins: Silius, Stace, Ansone, Claudien, Juvénal, Perse, Martial, Catulle, Tibulle, Properce, Ovide. Texte Latin, publié avec des notices, des sommaires et des notes.",https://babel.hathitrust.org/cgi/pt?id=hvd.hn5xn3&seq=83
32044085138683,urn:cts:greekLit:tlg0540.tlg030,deu,29,0.6405305324,493,628,3.275862069,2974,235,0.07825236894,493,519,27,1,Lysias,Against Nicomachus,Lysias.,Für den Schulgebrauch erklärt von Hermann.,https://babel.hathitrust.org/cgi/pt?id=hvd.32044085138683&seq=493
HW2LPX,urn:cts:latinLit:phi0588.abo002,deu,27,0.6177183884,65,91,2.259259259,1120,250,0.2273447538,65,91,27,1,"Nepos, Cornelius",Themistocles,"Nepos, Cornelius.","De vita excellentium imperatorum,",https://babel.hathitrust.org/cgi/pt?id=hvd.hw2lpx&seq=65
32044099905135,urn:cts:latinLit:stoa0275.stoa026,deu,27,1,380,407,0,1088,27,0.02500461407,380,407,27,0.9642857143,Tertullian,De Carnis Resurrectione,"Lange, Adolph Gottlob",Vermischte Schriften und Reden.,https://babel.hathitrust.org/cgi/pt?id=hvd.32044099905135&seq=380
HW2IVW,urn:cts:greekLit:tlg0014.tlg004,ell,27,0.6373926101,109,135,3.37037037,2171,404,0.1916747772,109,135,27,1,Demosthenes,First Philippic,Demosthenes.,Ausgewählte reden des Demosthenes,https://babel.hathitrust.org/cgi/pt?id=hvd.hw2ivw&seq=109
HN25DW,urn:cts:greekLit:tlg0014.tlg004,ell,27,0.6334059464,105,131,3.37037037,2241,404,0.185335937,105,131,27,1,Demosthenes,First Philippic,Demosthenes,"Ausgewæhlte Reden des Demosthenes,",https://babel.hathitrust.org/cgi/pt?id=hvd.hn25dw&seq=105
HN59E7,urn:cts:latinLit:phi0631.phi003,fra,27,0.6633832321,77,103,3.333333333,1546,432,0.2881483254,77,103,27,1,Sallust,Historiae,"Guiraud, Paul","Contiones latinae; discours tirés de César, Salluste, Tite-Live, Tacite, Ammien Marcellin et fragments de discours originaux.",https://babel.hathitrust.org/cgi/pt?id=hvd.hn59e7&seq=77
32044054127378,urn:cts:latinLit:stoa0104p.stoa007,lat,27,0.743377961,156,182,2.407407407,1853,512,0.278186228,156,182,27,1,Pseudo-Cyprian,De Laude Martyrii,Cyprian,S. Thasci Caecili Cypriani opera omnia,https://babel.hathitrust.org/cgi/pt?id=hvd.32044054127378&seq=156
HW2J4O,urn:cts:greekLit:tlg0014.tlg009,ell,27,0.6226455409,177,203,4.888888889,1916,504,0.2761320889,177,203,27,1,Demosthenes,Third Philippic,Demosthenes.,Ausgewählte reden des Demosthenes.,https://babel.hathitrust.org/cgi/pt?id=hvd.hw2j4o&seq=177
HN7VDJ,urn:cts:latinLit:phi0893.phi003,fra,30,0.6796159061,23,524,8.433333333,2934,659,0.2312183053,472,524,27,0.5094339623,Horace,Epodi,Horace,OEuvres complètes d'Horace,https://babel.hathitrust.org/cgi/pt?id=hvd.hn7vdj&seq=472
HN274L,urn:cts:latinLit:phi0119.phi010,fra,27,0.6306294935,255,281,2.222222222,1971,301,0.157560624,255,281,27,1,"Plautus, Titus Maccius",Menaechmi,"Fabia, Philippe",Théâtre latin: Extraits des comiques.,https://babel.hathitrust.org/cgi/pt?id=hvd.hn274l&seq=255
HX5PYI,urn:cts:greekLit:tlg0014.tlg009,eng,28,0.6370905254,64,279,4.464285714,2124,518,0.2487730002,253,279,27,1,Demosthenes,Third Philippic,Demosthenes.,"Demosthenes,",https://babel.hathitrust.org/cgi/pt?id=hvd.hx5pyi&seq=253
32044085125987,urn:cts:greekLit:tlg0013.tlg004,deu,28,0.7143129313,486,525,5.857142857,2684,560,0.2088604807,486,512,27,1,Homeric Hymns,Hymn 4 to Hermes,"Doehler, Eduard",Der Homeridische Hymnus auf Demeter metrisch übersetzt und mit einigen Bemerkungen über die griechischen Mysterien begleitet.,https://babel.hathitrust.org/cgi/pt?id=hvd.32044085125987&seq=486
32044085148732,urn:cts:latinLit:phi1017.phi015,ell,31,0.7258064516,11,48,0.5483870968,1051,31,0.0487518383,22,48,27,1,"Seneca, Lucius Annaeus",Epistulae,Plato.,"Platonis Convivium, cum epistola ad Thompsonum,",https://babel.hathitrust.org/cgi/pt?id=hvd.32044085148732&seq=22
HW2LGP,urn:cts:latinLit:phi0893.phi006,lat,27,0.6098784338,477,503,3.925925926,2281,430,0.1891305512,477,503,27,1,Horace,Ars Poetica,Horace.,"Q. Horatii Flacci Eclogae : una cum scholiis perpetuis, tam veteribus quàm novis",https://babel.hathitrust.org/cgi/pt?id=hvd.hw2lgp&seq=477
HN5113,urn:cts:latinLit:phi0631.phi003,lat,27,0.6068066682,190,228,4.851851852,1908,419,0.2216381575,190,228,27,0.6923076923,Sallust,Historiae,Sallust,C. Sallustii Crispi Opera quae extant.,https://babel.hathitrust.org/cgi/pt?id=hvd.hn5113&seq=190
32044019276492,urn:cts:latinLit:stoa0104p.stoa007,lat,27,0.734869018,34,60,2.518518519,1873,513,0.2754885763,34,60,27,1,Pseudo-Cyprian,De Laude Martyrii,,Corpus scriptorum ecclesiasticorum Latinorum.,https://babel.hathitrust.org/cgi/pt?id=hvd.32044019276492&seq=34
HXJVCH,urn:cts:greekLit:tlg0540.tlg030,deu,30,0.6035952807,237,380,3.466666667,3088,232,0.07347460566,237,263,27,1,Lysias,Against Nicomachus,Lysias.,Ausgewählte Reden des Lysias : für den Schulgebrach,https://babel.hathitrust.org/cgi/pt?id=hvd.hxjvch&seq=237
32044085107993,urn:cts:greekLit:tlg0014.tlg056,eng,27,0.675111954,233,259,3.037037037,1807,429,0.2484470865,233,259,27,1,Demosthenes,Against Dionysodorus,Demosthenes,Select private orations.,https://babel.hathitrust.org/cgi/pt?id=hvd.32044085107993&seq=233
HN25FY,urn:cts:greekLit:tlg0014.tlg009,ell,27,0.6327724939,180,206,3.962962963,1943,501,0.268788772,180,206,27,1,Demosthenes,Third Philippic,Demosthenes,Ausgewählte reden des Demosthenes,https://babel.hathitrust.org/cgi/pt?id=hvd.hn25fy&seq=180
HNAJSC,urn:cts:greekLit:tlg0062.tlg037,lat,30,0.6081884779,217,539,5.9,1906,416,0.2175531933,217,243,27,1,Lucian of Samosata,Rhetorum praeceptor,Lucian,Opera.,https://babel.hathitrust.org/cgi/pt?id=hvd.hnajsc&seq=217
HXJVTC,urn:cts:greekLit:tlg0014.tlg004,ell,27,0.6090236579,112,138,3.925925926,2337,403,0.1765838057,112,138,27,1,Demosthenes,First Philippic,Demosthenes.,Ausgewählte reden des Demosthenes,https://babel.hathitrust.org/cgi/pt?id=hvd.hxjvtc&seq=112
32044085190890,urn:cts:latinLit:phi0474.phi003,lat,34,0.6074013925,14,75,5.176470588,2698,622,0.2442363587,49,75,27,1,"Cicero, Marcus Tullius",Pro Q. Roscio Comoedo,"Cicero, Marcus Tullius.",M. Tullii Ciceronis Pro Quinto Roscio comoedo orationem,https://babel.hathitrust.org/cgi/pt?id=hvd.32044085190890&seq=49
HXJ98B,urn:cts:greekLit:tlg2200.tlg00447,ell,27,0.6089400202,505,531,4.148148148,1844,406,0.225111965,505,531,27,1,Libanius,Oratio 47,Libanius.,Libanii Sophistae orationes et declamationes. Ad fidem codicum mspt. recensuit et perpetua adnotatione illustravit Io. Iacobus Reiske.,https://babel.hathitrust.org/cgi/pt?id=hvd.hxj98b&seq=505
HXJVRX,urn:cts:greekLit:tlg0014.tlg009,eng,28,0.6532653882,62,277,4.178571429,2074,520,0.2567026613,251,277,27,1,Demosthenes,Third Philippic,Demosthenes.,"Demosthenes,",https://babel.hathitrust.org/cgi/pt?id=hvd.hxjvrx&seq=251
HXJVBB,urn:cts:greekLit:tlg0540.tlg019,deu,27,0.6174206012,197,308,5.925925926,2173,397,0.18766094,197,222,26,1,Lysias,On the Property of Aristophanes: Against the Treasury,Lysias.,Ausgewählte reden des Lysias,https://babel.hathitrust.org/cgi/pt?id=hvd.hxjvbb&seq=197
32044054757570,urn:cts:greekLit:tlg0018.tlg028,ell,26,0.7214834286,550,575,2.461538462,1734,470,0.2670038006,550,575,26,1,Philo Judaeus,De Vita Contemplativa,Philo,Philonis Alexandrini opera quae supersunt,https://babel.hathitrust.org/cgi/pt?id=hvd.32044054757570&seq=550
32044085181188,urn:cts:latinLit:phi0959.phi008,deu,28,0.6165118451,21,149,3.714285714,2193,640,0.2895728948,46,71,26,1,Ovid,Tristia,"Jacoby, Carolus",Anthologie aus den Elegikern der Römer.,https://babel.hathitrust.org/cgi/pt?id=hvd.32044085181188&seq=46
HNATCQ,urn:cts:greekLit:tlg0014.tlg004,fra,26,0.7001559123,141,166,2.769230769,1971,376,0.1913850574,141,166,26,1,Demosthenes,First Philippic,Demosthenes.,"Les harangues de Démosthène : texte grec, publié -- avec un commentaire critique et explicatif, une introduction générale et des notices sur chaque discours",https://babel.hathitrust.org/cgi/pt?id=hvd.hnatcq&seq=141
32044085212231,urn:cts:latinLit:phi0588.abo025,deu,26,0.7111123735,179,204,2.153846154,2114,406,0.1928582893,179,204,26,1,"Nepos, Cornelius",Atticus,"Nepos, Cornelius.",Cornelius Nepos. Für schüler mit erläuternden und eine richtige übersetzung fördernden anmerkungen verschen von Johannes Siebelis.,https://babel.hathitrust.org/cgi/pt?id=hvd.32044085212231&seq=179
32044085180917,urn:cts:latinLit:phi1020.phi002,eng,26,0.6655855979,397,422,4,2157,448,0.2061208829,397,422,26,1,"Statius, P. Papinius (Publius Papinius)",Silvae,"Pinder, North",Selections from the less known latin poets,https://babel.hathitrust.org/cgi/pt?id=hvd.32044085180917&seq=397
HW2LPX,urn:cts:latinLit:phi0588.abo023,deu,26,0.6519017957,354,379,2.384615385,1085,310,0.2875165733,354,379,26,1,"Nepos, Cornelius",Hannibal,"Nepos, Cornelius.","De vita excellentium imperatorum,",https://babel.hathitrust.org/cgi/pt?id=hvd.hw2lpx&seq=354
HNAJSD,urn:cts:greekLit:tlg0062.tlg043,lat,27,0.6190494658,301,578,3.222222222,1700,406,0.238096064,301,326,26,1,Lucian of Samosata,Fugitivi,Lucian,Opera.,https://babel.hathitrust.org/cgi/pt?id=hvd.hnajsd&seq=301
HNAJSD,urn:cts:greekLit:tlg0062.tlg013,lat,27,0.619067362,36,415,3.925925926,1666,383,0.2297599277,36,61,26,1,Lucian of Samosata,Calumniae non temere credundum,Lucian,Opera.,https://babel.hathitrust.org/cgi/pt?id=hvd.hnajsd&seq=36
HW2IVS,urn:cts:greekLit:tlg0014.tlg003,ell,26,0.6433870905,60,87,3.076923077,1382,281,0.2052767195,60,87,26,0.9285714286,Demosthenes,Third Olynthiac,Demosthenes.,Orationes philippicae novem,https://babel.hathitrust.org/cgi/pt?id=hvd.hw2ivs&seq=60
32044085107902,urn:cts:greekLit:tlg0014.tlg003,ell,27,0.6440042972,129,361,2.444444444,1552,316,0.2151052842,129,164,26,0.7222222222,Demosthenes,Third Olynthiac,Demosthenes,"Demosthenis Selectæ orationes; ad codices mss. recensuit, textum, scholiasten, et versionem plurimis in locis castigavit,",https://babel.hathitrust.org/cgi/pt?id=hvd.32044085107902&seq=129
HNJVSK,urn:cts:latinLit:stoa0089.stoa001,lat,26,0.6361442692,353,378,2.346153846,1584,241,0.1525390597,353,378,26,1,Claudian,Carminum minorum corpusculum,"Claudianus, Claudius",Opera omnia,https://babel.hathitrust.org/cgi/pt?id=hvd.hnjvsk&seq=353
32044085108017,urn:cts:greekLit:tlg0014.tlg004,deu,26,0.6837071309,90,115,2.461538462,1578,348,0.2223884129,90,115,26,1,Demosthenes,First Philippic,Demosthenes,Ausgewählte Reden des Demosthenes.,https://babel.hathitrust.org/cgi/pt?id=hvd.32044085108017&seq=90
32044054990528,urn:cts:greekLit:tlg0013.tlg003,ell,28,0.6832841436,14,58,3.357142857,2001,538,0.2571393952,33,58,26,1,Homeric Hymns,Hymn 3 to Delian and Pythian Apollo,Homer.,"Hymni, Epigrammata, Batrachomyomachia;",https://babel.hathitrust.org/cgi/pt?id=hvd.32044054990528&seq=33
32044055031272,urn:cts:greekLit:tlg0540.tlg030,ita,27,0.6224662942,99,136,2.259259259,1029,237,0.2330024826,99,124,26,1,Lysias,Against Nicomachus,Lysias.,"Le orazioni contro Eratostene, e contro Nicomaco;",https://babel.hathitrust.org/cgi/pt?id=hvd.32044055031272&seq=99
HN65KD,urn:cts:latinLit:phi0893.phi006,lat,26,0.6226494336,410,435,4.846153846,2130,427,0.2069534097,410,435,26,1,Horace,Ars Poetica,Horace.,"Carmina expurgata,",https://babel.hathitrust.org/cgi/pt?id=hvd.hn65kd&seq=410
HN2W5I,urn:cts:greekLit:tlg0007.tlg072,lat,26,0.6799978462,506,531,2.423076923,1355,384,0.2806891928,506,531,26,1,Plutarch,De capienda ex inimicis utilitate,Plutarch.,"Ploutarchou tou Chairōneōs Ta ēthika = Plutarchi Chaeronensis Moralia, id est Opera, exceptis vitis, reliqua",https://babel.hathitrust.org/cgi/pt?id=hvd.hn2w5i&seq=506
HW20TM,urn:cts:greekLit:tlg0062.tlg023,ell,27,0.7010994757,85,115,4,2070,526,0.2517929701,85,111,26,0.962962963,Lucian of Samosata,Contemplantes,Lucian,Ausgewählte Schriften des Lucian : Für den Schulgebrauch,https://babel.hathitrust.org/cgi/pt?id=hvd.hw20tm&seq=85
32044085125987,urn:cts:greekLit:tlg1220.tlg001,deu,28,0.6002239415,434,602,4.714285714,2125,544,0.2628956587,434,459,26,1,Batrachomyomachia,Batrachomyomachia,"Doehler, Eduard",Der Homeridische Hymnus auf Demeter metrisch übersetzt und mit einigen Bemerkungen über die griechischen Mysterien begleitet.,https://babel.hathitrust.org/cgi/pt?id=hvd.32044085125987&seq=434
32044098638869,urn:cts:latinLit:stoa0089.stoa014,lat,26,0.6614350199,77,102,2.461538462,1629,263,0.1589705863,77,102,26,1,Claudian,Panegyricus dictus Probino et Olybrio consulibus,"Claudianus, Claudius",Opera omnia,https://babel.hathitrust.org/cgi/pt?id=hvd.32044098638869&seq=77
HXJVIC,urn:cts:latinLit:phi0474.phi029,lat,27,0.6495420304,167,196,2.777777778,1737,406,0.2603723605,170,196,26,0.962962963,"Cicero, Marcus Tullius",Pro M. Scauro,"Cicero, Marcus Tullius.","M.T. Ciceronis quae exstant omnia opera, cum deperditorum fragmentis in quatuor partes divisa, item indices quinque novi et absolutissimi.",https://babel.hathitrust.org/cgi/pt?id=hvd.hxjvic&seq=170
HXJVTD,urn:cts:greekLit:tlg0014.tlg004,fra,26,0.6890935974,143,168,2.884615385,1963,374,0.1917510465,143,168,26,1,Demosthenes,First Philippic,Demosthenes.,"Les harangues de Démosthène : texte grec publié d'après les travaux les plus récents de la philologie, avec un commentaire critique et explicatif, une introduction générale et des notices sur chaque discours",https://babel.hathitrust.org/cgi/pt?id=hvd.hxjvtd&seq=143
32044098638877,urn:cts:latinLit:stoa0089.stoa001,lat,26,0.6163849982,349,374,2.346153846,1573,235,0.1498703308,349,374,26,1,Claudian,Carminum minorum corpusculum,"Claudianus, Claudius",Opera omnia,https://babel.hathitrust.org/cgi/pt?id=hvd.32044098638877&seq=349
HW2LGT,urn:cts:latinLit:phi0893.phi006,lat,26,0.7452555934,557,582,2.076923077,2176,460,0.2169482944,557,582,26,1,Horace,Ars Poetica,Horace.,Q. Horatii Flacci Opera omnia,https://babel.hathitrust.org/cgi/pt?id=hvd.hw2lgt&seq=557
HXJ98B,urn:cts:greekLit:tlg2200.tlg00433,ell,26,0.6397725828,246,271,3.423076923,1708,439,0.2720171696,246,271,26,1,Libanius,Oratio 33,Libanius.,Libanii Sophistae orationes et declamationes. Ad fidem codicum mspt. recensuit et perpetua adnotatione illustravit Io. Iacobus Reiske.,https://babel.hathitrust.org/cgi/pt?id=hvd.hxj98b&seq=246
HXJ98B,urn:cts:greekLit:tlg2200.tlg00457,ell,26,0.6233317829,845,870,3.884615385,1663,465,0.2822893588,845,870,26,1,Libanius,Oratio 57,Libanius.,Libanii Sophistae orationes et declamationes. Ad fidem codicum mspt. recensuit et perpetua adnotatione illustravit Io. Iacobus Reiske.,https://babel.hathitrust.org/cgi/pt?id=hvd.hxj98b&seq=845
32044100860311,urn:cts:greekLit:tlg0031.tlg010,ell,25,0.6353572824,488,512,2.08,1240,231,0.1838473603,488,512,25,1,New Testament,Letter to the Ephesians,,Novum Testamentum Graece et Latine,https://babel.hathitrust.org/cgi/pt?id=hvd.32044100860311&seq=488
32044004549754,urn:cts:greekLit:tlg0031.tlg008,deu,26,0.6670782026,334,690,3.230769231,1474,411,0.2907784376,334,382,25,0.5102040816,New Testament,2 Corinthians,,Die gotische Bibel,https://babel.hathitrust.org/cgi/pt?id=hvd.32044004549754&seq=334
32044081784134,urn:cts:greekLit:tlg2040.tlg004,ell,30,0.8461111111,57,285,2.766666667,1011,30,0.02980959241,235,285,25,0.4901960784,"Basil, Saint, Bishop of Caesarea",Epistulae,Hetaireia ho Hellēnismos.,"Hē ekklēsia Ierosolymōn kata tous tessaras teleutaious aiōnas, 1517-1900.",https://babel.hathitrust.org/cgi/pt?id=hvd.32044081784134&seq=235
HXPP6R,urn:cts:greekLit:tlg0010.tlg007,ell,26,0.6261634599,111,819,6.538461538,2504,352,0.1515893061,111,135,25,1,Isocrates,To Demonicus,"Dobson, William Stephen",Oratores attici et quos sic vocant sophistae.,https://babel.hathitrust.org/cgi/pt?id=hvd.hxpp6r&seq=111
HNXAWB,urn:cts:greekLit:tlg0059.tlg003,deu,26,0.6568150664,128,155,2.692307692,1937,458,0.2395324406,128,152,25,1,Plato,Crito,Plato.,Platons ausgewählte Schriften,https://babel.hathitrust.org/cgi/pt?id=hvd.hnxawb&seq=128
HXJ98A,urn:cts:greekLit:tlg2200.tlg00402,ell,26,0.6580305277,217,455,3.692307692,1699,452,0.2712988402,217,241,25,1,Libanius,Oratio 2,Libanius.,Libanii Sophistae orationes et declamationes. Ad fidem codicum mspt. recensuit et perpetua adnotatione illustravit Io. Iacobus Reiske.,https://babel.hathitrust.org/cgi/pt?id=hvd.hxj98a&seq=217
HXPP6Q,urn:cts:greekLit:tlg0081.tlg005,ell,28,0.6555565043,9,292,5.107142857,2434,586,0.2545782694,48,73,25,0.9615384615,Dionysius of Halicarnassus,De Isaeo,"Dobson, William Stephen",Oratores attici et quos sic vocant sophistae.,https://babel.hathitrust.org/cgi/pt?id=hvd.hxpp6q&seq=48
32044097728893,urn:cts:greekLit:tlg2048.tlg001,ell,38,0.6683141211,139,644,5,1399,38,0.02726058838,139,185,25,0.5319148936,Sozomenus,Historia Ecclesiastica,,"Syntagma tōn theōn kai hierōn kanonōn tōn te hagiōn kai paneuphēmōn Apostolōn, kai tōn hierōn oikoumenikōn kai topikōn Synodōn, kai tōn kata meros hagiōn Paterōn ...",https://babel.hathitrust.org/cgi/pt?id=hvd.32044097728893&seq=139
32044085138683,urn:cts:greekLit:tlg0540.tlg025,deu,25,0.6462352981,188,212,2.2,2473,244,0.100168643,188,212,25,1,Lysias,Defense Against a Charge of Subverting the Democracy,Lysias.,Für den Schulgebrauch erklärt von Hermann.,https://babel.hathitrust.org/cgi/pt?id=hvd.32044085138683&seq=188
32044059089284,urn:cts:latinLit:stoa0022.stoa052,ita,26,0.9663461538,19,381,0.2692307692,1033,26,0.02567616461,19,67,25,0.5102040816,"Ambrose, Saint, Bishop of Milan",Expositio Psalmi CXVIII,"Glück, Christian Friedrich von",Commentario alle Pandette,https://babel.hathitrust.org/cgi/pt?id=hvd.32044059089284&seq=19
HW2LB9,urn:cts:latinLit:phi0474.phi050,deu,32,0.6725557864,18,319,2.34375,3071,553,0.1815604558,287,319,25,0.7575757576,"Cicero, Marcus Tullius",de Natura Deorum,"Cicero, Marcus Tullius.",Chrestomathia Ciceroniana : ein Lesebuch für mittlere Gymnasialklassen,https://babel.hathitrust.org/cgi/pt?id=hvd.hw2lb9&seq=287
32044085107902,urn:cts:greekLit:tlg0014.tlg002,ell,28,0.6081584832,102,355,3.535714286,1678,303,0.1937001061,102,126,25,1,Demosthenes,Olynthiac 2,Demosthenes,"Demosthenis Selectæ orationes; ad codices mss. recensuit, textum, scholiasten, et versionem plurimis in locis castigavit,",https://babel.hathitrust.org/cgi/pt?id=hvd.32044085107902&seq=102
HXJVEL,urn:cts:greekLit:tlg0062.tlg023,ell,25,0.7446745847,81,105,2.32,2055,517,0.253419227,81,105,25,1,Lucian of Samosata,Contemplantes,Lucian,Ausgewählte Schriften des Lucian : Für den Schulgebrauch,https://babel.hathitrust.org/cgi/pt?id=hvd.hxjvel&seq=81
32044018954214,urn:cts:greekLit:tlg0057.tlg056,deu,25,1,73,173,0,966,25,0.02589869735,73,173,25,0.2475247525,Galen,De difficultate respirationis,,Sitzungsberichte der Philosophisch-Philologischen und Historischen Classe der K.B. Akademie der Wissenschaften zu München.,https://babel.hathitrust.org/cgi/pt?id=hvd.32044018954214&seq=73
HW2P7R,urn:cts:greekLit:tlg0014.tlg003,lat,26,0.6088302511,139,220,4.038461538,1248,293,0.236769185,139,167,25,0.8620689655,Demosthenes,Third Olynthiac,Demosthenes.,"Philippica prima; Olynthiacae tres; et, De pace ...",https://babel.hathitrust.org/cgi/pt?id=hvd.hw2p7r&seq=139
HX5PYI,urn:cts:greekLit:tlg0014.tlg008,eng,26,0.6914323576,224,303,3.115384615,1883,480,0.2740317684,224,250,25,0.9259259259,Demosthenes,On the Chersonese,Demosthenes.,"Demosthenes,",https://babel.hathitrust.org/cgi/pt?id=hvd.hx5pyi&seq=224
HXKCHI,urn:cts:latinLit:stoa0089.stoa006,lat,26,0.6314080209,11,243,4.307692308,1842,371,0.2090343653,219,243,25,1,Claudian,Epithalamium de nuptiis Honorii Augusti,"Claudianus, Claudius.",Cl. Claudiani quae exstant varietate lectionis et perpetua adnotatione,https://babel.hathitrust.org/cgi/pt?id=hvd.hxkchi&seq=219
HW2LTX,urn:cts:latinLit:phi0474.phi058,deu,30,0.7089812289,52,160,3.333333333,2307,545,0.2392742494,77,101,25,1,"Cicero, Marcus Tullius",Letters to his brother Quintus,"Cicero, Marcus Tullius.",Epistolae selectae temporum ordine compositae,https://babel.hathitrust.org/cgi/pt?id=hvd.hw2ltx&seq=77
HN26V9,urn:cts:greekLit:tlg0540.tlg019,deu,26,0.636041477,192,303,3.576923077,2036,400,0.2006116472,192,216,25,1,Lysias,On the Property of Aristophanes: Against the Treasury,Lysias.,"Ausgewählte Reden des Lysias,",https://babel.hathitrust.org/cgi/pt?id=hvd.hn26v9&seq=192
HW2LKL,urn:cts:latinLit:phi0474.phi058,deu,31,0.690306519,48,409,4.387096774,2297,548,0.2436062899,73,97,25,1,"Cicero, Marcus Tullius",Letters to his brother Quintus,"Cicero, Marcus Tullius.",Epistolae selectae temporum ordine compositae.,https://babel.hathitrust.org/cgi/pt?id=hvd.hw2lkl&seq=73
HW2R4X,urn:cts:greekLit:tlg0059.tlg014,lat,25,0.6734487106,186,210,2.8,1941,456,0.2577466887,186,210,25,1,Plato,Alcibiades 2,Plato.,"Platonis dialogi IV, Meno, Crito, Alcibiades uterque,",https://babel.hathitrust.org/cgi/pt?id=hvd.hw2r4x&seq=186
HN1ZDA,urn:cts:latinLit:phi0474.phi043,lat,25,0.661851688,371,395,2.64,1329,323,0.2551634964,371,395,25,1,"Cicero, Marcus Tullius",De Republica,"Cicero, Marcus Tullius.","Opera omnia, cum delectu commentariorum, in usum Delphini.",https://babel.hathitrust.org/cgi/pt?id=hvd.hn1zda&seq=371
HXJVCH,urn:cts:greekLit:tlg0540.tlg031,deu,26,0.6051934902,268,390,2.384615385,2701,215,0.07899211848,268,292,25,1,Lysias,"Against Philon, On his Scrutiny",Lysias.,Ausgewählte Reden des Lysias : für den Schulgebrach,https://babel.hathitrust.org/cgi/pt?id=hvd.hxjvch&seq=268
HN25FY,urn:cts:greekLit:tlg0014.tlg004,ell,25,0.6441301982,96,120,3.4,1931,401,0.2165491142,96,120,25,1,Demosthenes,First Philippic,Demosthenes,Ausgewählte reden des Demosthenes,https://babel.hathitrust.org/cgi/pt?id=hvd.hn25fy&seq=96
HNATCR,urn:cts:greekLit:tlg0014.tlg004,fra,25,0.7092830714,144,168,2.28,1899,371,0.1993811667,144,168,25,1,Demosthenes,First Philippic,Demosthenes.,"Les harangues de Démosthène : texte grec publié d'après les travaux les plus récents de la philologie, avec un commentaire critique et explicatif, une introduction générale et des notices sur chaque discours",https://babel.hathitrust.org/cgi/pt?id=hvd.hnatcr&seq=144
HN24ZL,urn:cts:greekLit:tlg0540.tlg019,deu,27,0.6059422264,183,284,5.703703704,2003,391,0.1950718589,183,207,25,1,Lysias,On the Property of Aristophanes: Against the Treasury,Lysias.,Ausgewählte reden des Lysias.,https://babel.hathitrust.org/cgi/pt?id=hvd.hn24zl&seq=183
HXJVTC,urn:cts:greekLit:tlg0014.tlg054,ell,25,0.6218030365,639,663,3.44,1957,389,0.2063228776,639,663,25,1,Demosthenes,Against Conon,Demosthenes.,Ausgewählte reden des Demosthenes,https://babel.hathitrust.org/cgi/pt?id=hvd.hxjvtc&seq=639
HXJ98B,urn:cts:greekLit:tlg2200.tlg00427,ell,25,0.6251192568,116,140,3.52,1702,422,0.2531986092,116,140,25,1,Libanius,Oratio 27,Libanius.,Libanii Sophistae orationes et declamationes. Ad fidem codicum mspt. recensuit et perpetua adnotatione illustravit Io. Iacobus Reiske.,https://babel.hathitrust.org/cgi/pt?id=hvd.hxj98b&seq=116
HXJVRX,urn:cts:greekLit:tlg0014.tlg008,eng,26,0.6959678428,222,301,3.076923077,1882,477,0.2690750945,222,248,25,0.9259259259,Demosthenes,On the Chersonese,Demosthenes.,"Demosthenes,",https://babel.hathitrust.org/cgi/pt?id=hvd.hxjvrx&seq=222
HN1ZA5,urn:cts:latinLit:phi0474.phi034,lat,25,0.7147599418,268,294,3.4,1824,436,0.2488508861,271,294,24,1,"Cicero, Marcus Tullius",Pro Rege Deiotaro,"Cicero, Marcus Tullius.",Ausgewæhlte reden.,https://babel.hathitrust.org/cgi/pt?id=hvd.hn1za5&seq=271
AH5EGC,urn:cts:greekLit:tlg0645.tlg002,lat,24,0.6219035201,294,340,6.208333333,1659,336,0.206500852,294,340,24,0.5106382979,Justin Martyr,Apologia secunda,Justin,Opera quae feruntur omnia,https://babel.hathitrust.org/cgi/pt?id=hvd.ah5egc&seq=294
HN2UA2,urn:cts:latinLit:phi0588.abo025,deu,39,0.74337022,178,343,2.58974359,3343,825,0.2531506117,178,201,24,1,"Nepos, Cornelius",Atticus,"Nepos, Cornelius.",Cornelius Nepos : für Schüler mit erläuternden und eine richtige Übersetzung fördernden Anmerkungen versehen,https://babel.hathitrust.org/cgi/pt?id=hvd.hn2ua2&seq=178
HW2M5L,urn:cts:latinLit:phi0474.phi058,deu,28,0.8097713102,75,410,1.964285714,2092,533,0.2618742344,75,98,24,1,"Cicero, Marcus Tullius",Letters to his brother Quintus,"Cicero, Marcus Tullius.",Epistolae selectae temporum ordine compositae : für den Schulgebrauch mit Einleitungen und erklärendon Anmerkungen versehen von Karl Friedrich Süpfle.,https://babel.hathitrust.org/cgi/pt?id=hvd.hw2m5l&seq=75
HW2M7P,urn:cts:latinLit:phi0474.phi032,lat,24,0.6689243389,134,157,2.625,1417,340,0.2536906771,134,157,24,1,"Cicero, Marcus Tullius",Pro M. Marcello,"Ernesti, Johann August","Clavis Ciceroniana, sive, Indices rerum et verborum philologico-critici in opera Ciceronis : accedunt Graeca Ciceronis necessariis observationibus illustrata",https://babel.hathitrust.org/cgi/pt?id=hvd.hw2m7p&seq=134
32044098646524,urn:cts:latinLit:phi0474.phi032,lat,24,0.6640199173,440,463,2.708333333,1403,340,0.255389025,440,463,24,1,"Cicero, Marcus Tullius",Pro M. Marcello,"Cicero, Marcus Tullius.",M. Tullii Ciceronis orationes,https://babel.hathitrust.org/cgi/pt?id=hvd.32044098646524&seq=440
32044085180917,urn:cts:latinLit:phi0917.phi001,eng,25,0.6298096733,261,354,7.2,2111,375,0.1790749622,331,354,24,1,Lucan,Civil War,"Pinder, North",Selections from the less known latin poets,https://babel.hathitrust.org/cgi/pt?id=hvd.32044085180917&seq=331
HXQ4LI,urn:cts:latinLit:phi1348.abo019,lat,24,0.7203831161,333,356,2,1600,346,0.2250287754,333,356,24,1,Suetonius,Vitellius,Suetonius,"C. Suetonii Tranquilli Duodecim Caesares, et minora quae supersunt opera; Baumgartenii-crusii commentario",https://babel.hathitrust.org/cgi/pt?id=hvd.hxq4li&seq=333
HWRLCB,urn:cts:latinLit:stoa0076c.stoa002,lat,25,0.9630769231,57,162,0.48,1172,25,0.02149350016,57,105,24,0.4897959184,"Cassian, John",Institutiones,"Scavini, Pietro","Theologia moralis universa,",https://babel.hathitrust.org/cgi/pt?id=hvd.hwrlcb&seq=57
32044100860279,urn:cts:greekLit:tlg0031.tlg010,ell,24,0.6223573562,447,470,2.75,1161,246,0.212439486,447,470,24,1,New Testament,Letter to the Ephesians,,"Novum Testamentum graece / ad antiquos testes denuo recensuit, apparatum criticum omni studio perfectum apposuit, commentationem isagogicam praetexuit",https://babel.hathitrust.org/cgi/pt?id=hvd.32044100860279&seq=447
HW2J4O,urn:cts:greekLit:tlg0014.tlg004,ell,24,0.6279352693,93,116,3.916666667,1933,400,0.2162915738,93,116,24,1,Demosthenes,First Philippic,Demosthenes.,Ausgewählte reden des Demosthenes.,https://babel.hathitrust.org/cgi/pt?id=hvd.hw2j4o&seq=93
HW2J4O,urn:cts:greekLit:tlg0014.tlg008,ell,24,0.6639979157,150,174,4.416666667,1748,495,0.2874957611,150,174,24,0.96,Demosthenes,On the Chersonese,Demosthenes.,Ausgewählte reden des Demosthenes.,https://babel.hathitrust.org/cgi/pt?id=hvd.hw2j4o&seq=150
AH5IE5,urn:cts:greekLit:tlg0031.tlg008,ell,24,0.6108211779,604,627,3.5,1395,377,0.2719506935,604,627,24,1,New Testament,2 Corinthians,,Novum Testamentum graece.,https://babel.hathitrust.org/cgi/pt?id=hvd.ah5ie5&seq=604
32044018954214,urn:cts:greekLit:tlg0057.tlg007,deu,24,0.9595238095,67,171,1.416666667,920,24,0.02610140505,67,171,24,0.2285714286,Galen,Ars Medica,,Sitzungsberichte der Philosophisch-Philologischen und Historischen Classe der K.B. Akademie der Wissenschaften zu München.,https://babel.hathitrust.org/cgi/pt?id=hvd.32044018954214&seq=67
32044097723340,urn:cts:latinLit:phi0474.phi003,eng,26,0.70146005,119,151,2.923076923,1926,513,0.2791646801,127,151,24,0.96,"Cicero, Marcus Tullius",Pro Q. Roscio Comoedo,"Cicero, Marcus Tullius.","M. Tullii Ciceronis orationes,",https://babel.hathitrust.org/cgi/pt?id=hvd.32044097723340&seq=127
HX5PYI,urn:cts:greekLit:tlg0014.tlg004,eng,24,0.6420268637,130,153,3.25,1929,391,0.2141560547,130,153,24,1,Demosthenes,First Philippic,Demosthenes.,"Demosthenes,",https://babel.hathitrust.org/cgi/pt?id=hvd.hx5pyi&seq=130
HNR2SW,urn:cts:latinLit:stoa0040.stoa037,lat,32,0.6211065195,248,1078,9.125,4070,44,0.01145865238,818,890,24,0.3287671233,Augustine,De Consensu Evangelistarum,Ambrose,"Opera,",https://babel.hathitrust.org/cgi/pt?id=hvd.hnr2sw&seq=818
HXQ2XI,urn:cts:greekLit:tlg0007.tlg088,ell,24,0.6629082795,431,454,2.875,1238,352,0.2826992074,431,454,24,1,Plutarch,De gloria Atheniensium,Plutarch.,"Ploutarchou tou Chairōneōs Ta ēthika = Plutarchi Chaeronensis Moralia, id est Opera, exceptis vitis, reliqua",https://babel.hathitrust.org/cgi/pt?id=hvd.hxq2xi&seq=431
HN25FY,urn:cts:greekLit:tlg0014.tlg008,ell,24,0.6774241125,153,177,3.541666667,1731,493,0.2911101622,153,177,24,0.96,Demosthenes,On the Chersonese,Demosthenes,Ausgewählte reden des Demosthenes,https://babel.hathitrust.org/cgi/pt?id=hvd.hn25fy&seq=153
HXQ4QE,urn:cts:latinLit:phi0588.abo015,deu,24,0.6238430599,319,342,2.375,2146,246,0.120314412,319,342,24,1,"Nepos, Cornelius",Epaminondas,"Nepos, Cornelius.",Cornelii Nepotis Vitae Excellentium Imperatorum.,https://babel.hathitrust.org/cgi/pt?id=hvd.hxq4qe&seq=319
HXJ98B,urn:cts:greekLit:tlg2200.tlg00445,ell,24,0.6072694768,445,468,3.916666667,1680,382,0.2414849529,445,468,24,1,Libanius,Oratio 45,Libanius.,Libanii Sophistae orationes et declamationes. Ad fidem codicum mspt. recensuit et perpetua adnotatione illustravit Io. Iacobus Reiske.,https://babel.hathitrust.org/cgi/pt?id=hvd.hxj98b&seq=445
HXJVRX,urn:cts:greekLit:tlg0014.tlg004,eng,24,0.6434099161,128,151,3.25,1914,390,0.2149342707,128,151,24,1,Demosthenes,First Philippic,Demosthenes.,"Demosthenes,",https://babel.hathitrust.org/cgi/pt?id=hvd.hxjvrx&seq=128
HN64YB,urn:cts:latinLit:phi0588.abo017,lat,25,0.6467226993,256,501,2.88,946,267,0.2926115383,256,279,23,0.9583333333,"Nepos, Cornelius",Agesilaus,"Nepos, Cornelius.","Vitae excellentium imperatorum, quorumdam iconibus ornatae, et nonnullis animadversionibus, partim criticis, partim historicis,",https://babel.hathitrust.org/cgi/pt?id=hvd.hn64yb&seq=256
32044098642549,urn:cts:greekLit:tlg2058.tlg001,deu,23,0.7608695652,617,639,0.4782608696,1162,24,0.02075860753,617,639,23,1,Philostorgius,Historia ecclesiastica (fragmenta ap. Photium),,Zeitschrift für Deutsches Altertum und Deutsche Literatur.,https://babel.hathitrust.org/cgi/pt?id=hvd.32044098642549&seq=617
32044085181188,urn:cts:latinLit:phi0959.phi007,deu,23,0.6858180172,23,45,2.956521739,1830,524,0.2927756382,23,45,23,1,Ovid,Fasti,"Jacoby, Carolus",Anthologie aus den Elegikern der Römer.,https://babel.hathitrust.org/cgi/pt?id=hvd.32044085181188&seq=23
32044020164240,urn:cts:greekLit:tlg0014.tlg003,deu,25,0.6158344912,135,432,4,2381,246,0.1022191552,135,158,23,0.9583333333,Demosthenes,Third Olynthiac,Demosthenes,Neun philippische reden erklärt von C. Rehdantz.,https://babel.hathitrust.org/cgi/pt?id=hvd.32044020164240&seq=135
32044069760742,urn:cts:greekLit:tlg0031.tlg010,ell,23,0.6201667791,449,472,2.782608696,1134,238,0.2091559428,449,472,23,0.9583333333,New Testament,Letter to the Ephesians,,"Novum Testamentum graece / ad antiquos testes denuo recensuit, apparatum criticum omni studio perfectum apposuit, commentationem isagogicam praetexuit",https://babel.hathitrust.org/cgi/pt?id=hvd.32044069760742&seq=449
32044085190312,urn:cts:latinLit:phi0474.phi033,lat,23,0.7051089536,338,360,2.260869565,1519,402,0.2613603802,338,360,23,1,"Cicero, Marcus Tullius",Pro Q. Ligario,"Cicero, Marcus Tullius.","Orationes VI : Pro Sulla, Pro Sextio, Pro Milone, Pro Archia P., Pro Ligario, et Pro Rege Deiotaro",https://babel.hathitrust.org/cgi/pt?id=hvd.32044085190312&seq=338
HN25U8,urn:cts:greekLit:tlg0014.tlg054,ell,23,0.6432704774,377,399,3.47826087,1781,391,0.2266084212,377,399,23,1,Demosthenes,Against Conon,Demosthenes,Ausgewählte reden des Demosthenes,https://babel.hathitrust.org/cgi/pt?id=hvd.hn25u8&seq=377
HNJXDR,urn:cts:latinLit:phi0474.phi034,deu,23,0.7625103906,65,87,2.130434783,1896,447,0.2433277781,65,87,23,1,"Cicero, Marcus Tullius",Pro Rege Deiotaro,"Cicero, Marcus Tullius.","Reden für M. Marcellus, für Q. Ligarius, und für den König Deiotarus, für den schulgebrauch",https://babel.hathitrust.org/cgi/pt?id=hvd.hnjxdr&seq=65
HN5XN3,urn:cts:latinLit:phi0660.phi001,fra,23,0.6063543544,315,339,4.695652174,1215,331,0.2707334733,315,339,23,0.92,Tibullus,Elegiae,"Waltz, A.","Anthologie des poètes latins: Silius, Stace, Ansone, Claudien, Juvénal, Perse, Martial, Catulle, Tibulle, Properce, Ovide. Texte Latin, publié avec des notices, des sommaires et des notes.",https://babel.hathitrust.org/cgi/pt?id=hvd.hn5xn3&seq=315
HNAJSB,urn:cts:greekLit:tlg0062.tlg017,lat,23,0.646787214,251,273,3.043478261,1360,334,0.2442922008,251,273,23,1,Lucian of Samosata,Juppiter Confutatus,Lucian,Opera.,https://babel.hathitrust.org/cgi/pt?id=hvd.hnajsb&seq=251
HW2IVW,urn:cts:greekLit:tlg0014.tlg054,ell,23,0.6471723399,623,645,3.347826087,1722,391,0.2348997421,623,645,23,1,Demosthenes,Against Conon,Demosthenes.,Ausgewählte reden des Demosthenes,https://babel.hathitrust.org/cgi/pt?id=hvd.hw2ivw&seq=623
HW2IVS,urn:cts:greekLit:tlg0014.tlg007,ell,23,0.6607465897,167,189,3.130434783,1119,328,0.2955658469,167,189,23,1,Demosthenes,On Halonnesus,Demosthenes.,Orationes philippicae novem,https://babel.hathitrust.org/cgi/pt?id=hvd.hw2ivs&seq=167
HXJVEL,urn:cts:greekLit:tlg0062.tlg068,ell,29,0.7176859347,180,218,2.448275862,2160,629,0.2998484612,180,202,23,1,Lucian of Samosata,Dialogi deorum,Lucian,Ausgewählte Schriften des Lucian : Für den Schulgebrauch,https://babel.hathitrust.org/cgi/pt?id=hvd.hxjvel&seq=180
HNJTT7,urn:cts:latinLit:phi0893.phi006,fra,23,0.6997774961,492,514,4.260869565,1785,471,0.2704290509,492,514,23,1,Horace,Ars Poetica,Horace.,Q. Horatius Flaccus.,https://babel.hathitrust.org/cgi/pt?id=hvd.hnjtt7&seq=492
HNNC56,urn:cts:greekLit:tlg0645.tlg002,lat,25,0.6041876706,77,338,5,1705,338,0.1983266285,292,338,23,0.4893617021,Justin Martyr,Apologia secunda,,Corpus apologetarum Christianorum saeculi secundi,https://babel.hathitrust.org/cgi/pt?id=hvd.hnnc56&seq=292
HXQ2XN,urn:cts:greekLit:tlg0007.tlg127,ell,23,0.6670958772,329,370,2.695652174,1179,328,0.2785885896,329,370,23,0.5476190476,Plutarch,De primo frigido,Plutarch.,"Ploutarchou tou Chairōneōs Ta ēthika = Plutarchi Chaeronensis Moralia, id est Opera, exceptis vitis, reliqua",https://babel.hathitrust.org/cgi/pt?id=hvd.hxq2xn&seq=329
AH5ICV,urn:cts:greekLit:tlg0031.tlg010,ell,23,0.620821585,1447,1470,2.739130435,1122,237,0.2118075397,1447,1470,23,0.9583333333,New Testament,Letter to the Ephesians,,"Novum Testamentum graece / ad antiquos testes denuo recensuit, apparatum criticum omni studio perfectum apposuit, commentationem isagogicam praetexuit",https://babel.hathitrust.org/cgi/pt?id=hvd.ah5icv&seq=1447
HN32HG,urn:cts:latinLit:stoa0023.stoa001,rus,30,0.6044118729,9,79,6.533333333,2628,797,0.2932469136,57,79,23,1,Ammianus Marcellinus,Res Gestae,"Latyshev, V. V.",Izvi︠e︡stīi︠a︡ drevnikh pisateleĭ grecheskikh i latinskikh o Skiḟīi i Kavkazi︠e︡,https://babel.hathitrust.org/cgi/pt?id=hvd.hn32hg&seq=57
HN215K,urn:cts:latinLit:phi0474.phi018,lat,28,0.6452560311,329,757,5.857142857,2245,320,0.1582134134,329,351,23,1,"Cicero, Marcus Tullius",Cum populo gratias egit,"Cicero, Marcus Tullius.",M. Tulli Ciceronis Orationes,https://babel.hathitrust.org/cgi/pt?id=hvd.hn215k&seq=329
AH3W1J,urn:cts:latinLit:stoa0275.stoa021,lat,23,0.6912164404,681,703,2.652173913,1712,489,0.2988437179,681,703,23,1,Tertullian,De Paenitentia,Tertullian,Quae supersunt omnia.,https://babel.hathitrust.org/cgi/pt?id=hvd.ah3w1j&seq=681
HW2LWF,urn:cts:latinLit:phi0119.phi007,lat,23,0.6464341514,316,338,2.782608696,1837,530,0.2996581088,316,338,23,1,"Plautus, Titus Maccius",Cistellaria,"Plautus, Titus Maccius.",Quae supersunt comoediae,https://babel.hathitrust.org/cgi/pt?id=hvd.hw2lwf&seq=316
HW2JEI,urn:cts:latinLit:phi0660.phi001,deu,25,0.6303435071,29,258,2.84,2008,383,0.1886906548,236,258,23,1,Tibullus,Elegiae,"Peters, Karl",Anthologie aus den römischen Elegikern.,https://babel.hathitrust.org/cgi/pt?id=hvd.hw2jei&seq=236
AH16Q4,urn:cts:greekLit:tlg0646.tlg004,lat,23,0.634761869,468,510,4.217391304,1600,305,0.1960740903,468,510,23,0.5348837209,Pseudo-Justinus Martyr,The Epistle to Diogentus,Justin,Opera.,https://babel.hathitrust.org/cgi/pt?id=hvd.ah16q4&seq=468
HNJXET,urn:cts:latinLit:phi0474.phi003,eng,25,0.7201494515,123,153,2.92,1866,512,0.2893470454,131,153,23,1,"Cicero, Marcus Tullius",Pro Q. Roscio Comoedo,"Cicero, Marcus Tullius.","M. Tullii Ciceronis orationes,",https://babel.hathitrust.org/cgi/pt?id=hvd.hnjxet&seq=131
AH54JU,urn:cts:greekLit:tlg0031.tlg023,eng,26,0.7401737713,99,294,7.192307692,3172,463,0.1334497131,120,259,23,0.1642857143,New Testament,First Letter of John,"Alexander, William","The Epistles of St. John : twenty-one discourses with Greek text, comparative versions, and notes chiefly exegetical",https://babel.hathitrust.org/cgi/pt?id=hvd.ah54ju&seq=120
32044010342434,urn:cts:greekLit:tlg0031.tlg003,ell,27,0.6620643717,74,216,2.185185185,2945,833,0.287245154,86,164,23,0.2911392405,New Testament,Gospel according to Luke,,"The life and morals of Jesus of Nazareth, extracted textually from the Gospels in Greek, Latin, French, and English,",https://babel.hathitrust.org/cgi/pt?id=hvd.32044010342434&seq=86
HXG94G,urn:cts:greekLit:tlg0533.tlg018,lat,23,0.6889613901,117,161,2.304347826,1417,332,0.2503892122,117,161,23,0.5111111111,Callimachus,Hymn to Delos,Callimachus.,"Hymni,",https://babel.hathitrust.org/cgi/pt?id=hvd.hxg94g&seq=117
32044100860311,urn:cts:greekLit:tlg0031.tlg009,ell,22,0.6683671941,466,487,1.954545455,1092,212,0.1941356792,466,487,22,1,New Testament,Galatians,,Novum Testamentum Graece et Latine,https://babel.hathitrust.org/cgi/pt?id=hvd.32044100860311&seq=466
HW2J4Q,urn:cts:greekLit:tlg0014.tlg054,ell,22,0.6451776684,108,129,3.681818182,1638,392,0.2514671748,108,129,22,1,Demosthenes,Against Conon,Demosthenes.,Ausgewählte reden des Demosthenes.,https://babel.hathitrust.org/cgi/pt?id=hvd.hw2j4q&seq=108
HXIJXV,urn:cts:greekLit:tlg1389.tlg001,ell,36,0.9730902778,29,828,0.8611111111,1349,36,0.02681901643,29,77,22,0.4489795918,Harpocration,Lexicon in decem oratores Atticos,"Reiske, Johann Jacob","Oratorum Græcorum, quorum princeps est Domosthenes, quae supersunt, monumenta ingenii, e bonis libris,",https://babel.hathitrust.org/cgi/pt?id=hvd.hxijxv&seq=29
32044054539382,urn:cts:latinLit:phi0474.phi016,eng,22,0.7028344844,223,244,2.318181818,1959,346,0.1843030614,223,244,22,1,"Cicero, Marcus Tullius",Pro Archia Poeta,"Cicero, Marcus Tullius.","M. Tullii Ciceronis orationes,",https://babel.hathitrust.org/cgi/pt?id=hvd.32044054539382&seq=223
AH3VQW,urn:cts:latinLit:stoa0275.stoa002,lat,22,1,49,91,0,1142,22,0.01953193881,49,91,22,0.511627907,Tertullian,Ad Nationes Libri Duo,Augustine,"Sancti Aureli Augustini De perfectione iustitiae hominis,",https://babel.hathitrust.org/cgi/pt?id=hvd.ah3vqw&seq=49
32044069760742,urn:cts:greekLit:tlg0031.tlg009,ell,22,0.6073725526,427,448,2.772727273,1119,232,0.2085481109,427,448,22,1,New Testament,Galatians,,"Novum Testamentum graece / ad antiquos testes denuo recensuit, apparatum criticum omni studio perfectum apposuit, commentationem isagogicam praetexuit",https://babel.hathitrust.org/cgi/pt?id=hvd.32044069760742&seq=427
HXQ4LI,urn:cts:latinLit:phi1348.abo018,lat,25,0.6010471849,305,621,2.64,1884,238,0.1385064893,305,326,22,1,Suetonius,Otho,Suetonius,"C. Suetonii Tranquilli Duodecim Caesares, et minora quae supersunt opera; Baumgartenii-crusii commentario",https://babel.hathitrust.org/cgi/pt?id=hvd.hxq4li&seq=305
HW2IW2,urn:cts:greekLit:tlg0014.tlg007,deu,22,0.6258576979,203,225,3.045454545,2007,288,0.1419056723,203,225,22,0.9565217391,Demosthenes,On Halonnesus,Demosthenes.,"Ausgewählte Reden,",https://babel.hathitrust.org/cgi/pt?id=hvd.hw2iw2&seq=203
HNJXEV,urn:cts:latinLit:phi0474.phi016,eng,22,0.697014345,225,246,2.363636364,1975,346,0.1831017574,225,246,22,1,"Cicero, Marcus Tullius",Pro Archia Poeta,"Cicero, Marcus Tullius.","M. Tullii Ciceronis orationes,",https://babel.hathitrust.org/cgi/pt?id=hvd.hnjxev&seq=225
HNAJSD,urn:cts:greekLit:tlg0062.tlg009,lat,24,0.6227458172,92,459,6.041666667,1453,354,0.2395192395,92,113,22,1,Lucian of Samosata,De Domo,Lucian,Opera.,https://babel.hathitrust.org/cgi/pt?id=hvd.hnajsd&seq=92
HW2LB9,urn:cts:latinLit:phi0474.phi005,deu,23,0.6616900422,206,264,2.52173913,2255,402,0.1780905093,241,264,22,0.9166666667,"Cicero, Marcus Tullius",In C. Verrem,"Cicero, Marcus Tullius.",Chrestomathia Ciceroniana : ein Lesebuch für mittlere Gymnasialklassen,https://babel.hathitrust.org/cgi/pt?id=hvd.hw2lb9&seq=241
32044035020908,urn:cts:greekLit:tlg0075.tlg001,lat,27,0.6049377181,127,673,7.703703704,3030,753,0.248111416,560,581,22,1,Pseudo-Arrianus,"Anonymi (Arriani, ut fertur) periplus ponti Euxini",,Geographi graeci minores.E codicibus recognovit prolegomenis annotatione indicibus instruxit...Carolus Mullerus.,https://babel.hathitrust.org/cgi/pt?id=hvd.32044035020908&seq=560
32044085108389,urn:cts:greekLit:tlg0014.tlg003,fra,22,0.6990344493,152,175,2.181818182,1088,297,0.2852496116,152,175,22,0.9166666667,Demosthenes,Third Olynthiac,Demosthenes,"Sept Philippiques; la Ie Philippique, les trois Olynthiennes, la 2e Philippique, le discours sur la Chersonèse, la 3e Philippique.",https://babel.hathitrust.org/cgi/pt?id=hvd.32044085108389&seq=152
HW2IVS,urn:cts:greekLit:tlg0014.tlg002,ell,22,0.6780495851,38,59,2.227272727,1134,266,0.2352171923,38,59,22,1,Demosthenes,Olynthiac 2,Demosthenes.,Orationes philippicae novem,https://babel.hathitrust.org/cgi/pt?id=hvd.hw2ivs&seq=38
HW2IVS,urn:cts:greekLit:tlg0014.tlg006,ell,22,0.6457776433,145,166,4.090909091,1243,263,0.2143261834,145,166,22,1,Demosthenes,Second Philippic,Demosthenes.,Orationes philippicae novem,https://babel.hathitrust.org/cgi/pt?id=hvd.hw2ivs&seq=145
HN221S,urn:cts:latinLit:phi0588.abo025,lat,22,0.7317311078,144,165,2.318181818,1715,420,0.2484707431,144,165,22,1,"Nepos, Cornelius",Atticus,"Nepos, Cornelius.",Cornelius Nepos,https://babel.hathitrust.org/cgi/pt?id=hvd.hn221s&seq=144
AH3ZCZ,urn:cts:greekLit:tlg0031.tlg008,lat,22,0.6966047621,102,124,1.909090909,2826,547,0.1939842772,102,124,22,0.9565217391,New Testament,2 Corinthians,,Italafragmente der Paulinischen Briefe : nebst Bruchstücken einer vorhieronymianischen Übersetzung des ersten Iohannes-briefes : aus Pergamentblättern der ehemaligen Freisinger Stiftsbibliothek zum ersten Male veröffentlicht und kritisch beleuchtet,https://babel.hathitrust.org/cgi/pt?id=hvd.ah3zcz&seq=102
32044085212082,urn:cts:latinLit:phi0588.abo025,lat,25,0.652131676,58,473,4.04,2602,389,0.1414213801,362,383,22,1,"Nepos, Cornelius",Atticus,"Nepos, Cornelius.","Aemilius Probus, De excellentibus ducibus exterarum gentium : et, Cornelli Nepotis quae supersunt",https://babel.hathitrust.org/cgi/pt?id=hvd.32044085212082&seq=362
32044085078103,urn:cts:greekLit:tlg0545.tlg002,ell,23,0.6668303688,64,115,2.347826087,1410,412,0.2908505115,94,115,22,1,Aelian,Varia Historia,"Passow, Karl","Eclogæ sive excerpta e variis scriptoribus græcis. In usum iuventutis antiquarum litterarum studiosae disposuit et notis instruxit, Carolus Pasow. Pars prior, quae continet scriptores orationis pedestris.",https://babel.hathitrust.org/cgi/pt?id=hvd.32044085078103&seq=94
32044085108017,urn:cts:greekLit:tlg0014.tlg006,deu,22,0.6170655924,138,159,3.909090909,1971,207,0.1044892434,138,159,22,1,Demosthenes,Second Philippic,Demosthenes,Ausgewählte Reden des Demosthenes.,https://babel.hathitrust.org/cgi/pt?id=hvd.32044085108017&seq=138
32044100860279,urn:cts:greekLit:tlg0031.tlg009,ell,22,0.6355915701,425,446,2.363636364,1053,230,0.2193594191,425,446,22,1,New Testament,Galatians,,"Novum Testamentum graece / ad antiquos testes denuo recensuit, apparatum criticum omni studio perfectum apposuit, commentationem isagogicam praetexuit",https://babel.hathitrust.org/cgi/pt?id=hvd.32044100860279&seq=425
HXPP5W,urn:cts:greekLit:tlg1389.tlg001,ell,22,1,37,145,0,946,22,0.02340176684,37,145,22,0.2018348624,Harpocration,Lexicon in decem oratores Atticos,"Bekker, Immanuel",Oratores attica,https://babel.hathitrust.org/cgi/pt?id=hvd.hxpp5w&seq=37
AH5ICV,urn:cts:greekLit:tlg0031.tlg009,ell,22,0.6327749301,1425,1446,2.545454545,1073,231,0.2160311681,1425,1446,22,1,New Testament,Galatians,,"Novum Testamentum graece / ad antiquos testes denuo recensuit, apparatum criticum omni studio perfectum apposuit, commentationem isagogicam praetexuit",https://babel.hathitrust.org/cgi/pt?id=hvd.ah5icv&seq=1425
HNJXDS,urn:cts:latinLit:phi0474.phi034,deu,22,0.746412988,68,89,2.363636364,1804,423,0.2442108993,68,89,22,1,"Cicero, Marcus Tullius",Pro Rege Deiotaro,"Cicero, Marcus Tullius.","Reden für M. Marcellus, für Q. Ligarius und für den König Deiotarus.",https://babel.hathitrust.org/cgi/pt?id=hvd.hnjxds&seq=68
HNNQHI,urn:cts:greekLit:tlg0646.tlg004,lat,22,0.6437222059,472,512,4.181818182,1526,290,0.1918286561,472,512,22,0.5365853659,Pseudo-Justinus Martyr,The Epistle to Diogentus,Justin,Opera.,https://babel.hathitrust.org/cgi/pt?id=hvd.hnnqhi&seq=472
32044019775857,urn:cts:latinLit:stoa0040.stoa077,lat,22,1,205,256,0,1023,22,0.02158761113,205,256,22,0.4230769231,Augustine,Retractationum,,Corpus scriptorum ecclesiasticorum Latinorum.,https://babel.hathitrust.org/cgi/pt?id=hvd.32044019775857&seq=205
HW2P7R,urn:cts:greekLit:tlg0014.tlg001,lat,22,0.6442170246,170,191,2.909090909,1105,266,0.2441277487,170,191,22,1,Demosthenes,Olynthiac 1,Demosthenes.,"Philippica prima; Olynthiacae tres; et, De pace ...",https://babel.hathitrust.org/cgi/pt?id=hvd.hw2p7r&seq=170
32044024534174,urn:cts:greekLit:tlg0014.tlg007,deu,22,0.649490958,37,59,2.636363636,1942,285,0.1479881012,37,59,22,0.9565217391,Demosthenes,On Halonnesus,Demosthenes,Neun philippische reden erklärt,https://babel.hathitrust.org/cgi/pt?id=hvd.32044024534174&seq=37
HN25G1,urn:cts:greekLit:tlg0014.tlg054,ell,22,0.6543243385,110,131,3.363636364,1613,398,0.2591988561,110,131,22,1,Demosthenes,Against Conon,Demosthenes,Ausgewählte reden des Demosthenes,https://babel.hathitrust.org/cgi/pt?id=hvd.hn25g1&seq=110
HXJVL6,urn:cts:latinLit:phi0474.phi032,lat,23,0.7188988385,563,659,2.217391304,1328,389,0.2940801584,563,584,22,1,"Cicero, Marcus Tullius",Pro M. Marcello,"Cicero, Marcus Tullius.","M.T. Ciceronis quae exstant omnia opera, cum deperditorum fragmentis in quatuor partes divisa, item indices quinque novi et absolutissimi.",https://babel.hathitrust.org/cgi/pt?id=hvd.hxjvl6&seq=563
AH3ZD4,urn:cts:greekLit:tlg0031.tlg008,lat,22,0.6333811197,102,124,2.772727273,2857,510,0.1798773502,102,124,22,0.9565217391,New Testament,2 Corinthians,,Italafragmente der Paulinischen Briefe : nebst Bruchstücken einer vorhieronymianischen Übersetzung des ersten Iohannes-briefes : aus Pergamentblättern der ehemaligen Freisinger Stiftsbibliothek zum ersten Male veröffentlicht und kritisch beleuchtet,https://babel.hathitrust.org/cgi/pt?id=hvd.ah3zd4&seq=102
AH3VQX,urn:cts:latinLit:stoa0275.stoa002,lat,22,1,47,89,0,1130,22,0.01968170272,47,89,22,0.511627907,Tertullian,Ad Nationes Libri Duo,Augustine,"Sancti Aureli Augustini De perfectione iustitiae hominis,",https://babel.hathitrust.org/cgi/pt?id=hvd.ah3vqx&seq=47
32044024534216,urn:cts:greekLit:tlg0014.tlg003,deu,22,0.6344602273,128,151,2.590909091,2106,233,0.11364377,128,151,22,0.9166666667,Demosthenes,Third Olynthiac,Demosthenes,Neun philippische reden erklärt,https://babel.hathitrust.org/cgi/pt?id=hvd.32044024534216&seq=128
HW2M7N,urn:cts:latinLit:phi0474.phi018,lat,22,0.7169255312,425,446,2.227272727,1237,312,0.2688028949,425,446,22,1,"Cicero, Marcus Tullius",Cum populo gratias egit,"Ernesti, Johann August","Clavis Ciceroniana, sive, Indices rerum et verborum philologico-critici in opera Ciceronis : accedunt Graeca Ciceronis necessariis observationibus illustrata",https://babel.hathitrust.org/cgi/pt?id=hvd.hw2m7n&seq=425
32044098638950,urn:cts:latinLit:phi0588.abo018,lat,22,0.6357122955,50,289,3.136363636,1196,311,0.2626568705,269,289,21,1,"Nepos, Cornelius",Eumenes,,"Scriptores latini in usum Delphini, cum notis variorum variis lectionibus, conspectu codicum et editionum et indicibus locupletissimus accurate recensiti.",https://babel.hathitrust.org/cgi/pt?id=hvd.32044098638950&seq=269
32044098638950,urn:cts:latinLit:phi0588.abo007,lat,22,0.6387207949,67,162,5.272727273,1225,274,0.2382298484,142,162,21,1,"Nepos, Cornelius",Alcibiades,,"Scriptores latini in usum Delphini, cum notis variorum variis lectionibus, conspectu codicum et editionum et indicibus locupletissimus accurate recensiti.",https://babel.hathitrust.org/cgi/pt?id=hvd.32044098638950&seq=142
HN1ZA5,urn:cts:latinLit:phi0474.phi033,lat,21,0.7162074277,239,259,2.380952381,1571,359,0.227536711,239,259,21,1,"Cicero, Marcus Tullius",Pro Q. Ligario,"Cicero, Marcus Tullius.",Ausgewæhlte reden.,https://babel.hathitrust.org/cgi/pt?id=hvd.hn1za5&seq=239
32044085138691,urn:cts:greekLit:tlg0540.tlg030,deu,21,0.7207102839,261,281,1.619047619,1992,215,0.1092202906,261,281,21,1,Lysias,Against Nicomachus,Lysias.,Ausgewählte Reden des Lysias,https://babel.hathitrust.org/cgi/pt?id=hvd.32044085138691&seq=261
32044020164240,urn:cts:greekLit:tlg0014.tlg007,deu,21,0.6472942577,234,254,2.714285714,1790,283,0.156459151,234,254,21,1,Demosthenes,On Halonnesus,Demosthenes,Neun philippische reden erklärt von C. Rehdantz.,https://babel.hathitrust.org/cgi/pt?id=hvd.32044020164240&seq=234
HW2IVW,urn:cts:greekLit:tlg0014.tlg003,ell,21,0.6143341763,83,104,3.142857143,1687,275,0.1700392714,83,104,21,0.9545454545,Demosthenes,Third Olynthiac,Demosthenes.,Ausgewählte reden des Demosthenes,https://babel.hathitrust.org/cgi/pt?id=hvd.hw2ivw&seq=83
HWT76X,urn:cts:latinLit:stoa0104a.stoa012,lat,29,0.7213908505,149,654,6.103448276,1314,31,0.02405989838,149,189,21,0.512195122,"Cyprian Saint, Bishop of Carthage",Epistulae,"Tanquerey, Adolphe",Synopsis theologiæ dogmaticæ specialis.,https://babel.hathitrust.org/cgi/pt?id=hvd.hwt76x&seq=149
HN2I93,urn:cts:latinLit:phi0588.abo023,lat,23,0.6288871736,17,354,4.608695652,1333,312,0.253388255,249,269,21,1,"Nepos, Cornelius",Hannibal,"Nepos, Cornelius.","Cornelius Nepos, ex optimarum editionum recensione et cum selectis variorum interpretum notis;",https://babel.hathitrust.org/cgi/pt?id=hvd.hn2i93&seq=249
32044097723340,urn:cts:latinLit:phi0474.phi012,eng,21,0.6999836014,497,518,3.571428571,1589,392,0.2615988925,497,518,21,0.9545454545,"Cicero, Marcus Tullius",Pro C. Rabirio Perduellionis Reo Ad Quirites,"Cicero, Marcus Tullius.","M. Tullii Ciceronis orationes,",https://babel.hathitrust.org/cgi/pt?id=hvd.32044097723340&seq=497
32044085215499,urn:cts:latinLit:phi0969.phi001,ita,23,0.6057468804,14,43,2.043478261,959,84,0.09076893569,23,43,21,1,Persius,Saturae,Persius,Saggio di una nuova edizione delle Satire,https://babel.hathitrust.org/cgi/pt?id=hvd.32044085215499&seq=23
32044097077945,urn:cts:latinLit:phi0474.phi016,eng,21,0.7367807907,243,263,2.476190476,1451,375,0.2640074571,243,263,21,1,"Cicero, Marcus Tullius",Pro Archia Poeta,"Cicero, Marcus Tullius.","Selected orations and letters of Cicero, to which is added the Catiline of Sallust; with historical introduction, an outline of the Roman constitution, notes, vocabulary and index, by Harold Whetstone Johnston ...",https://babel.hathitrust.org/cgi/pt?id=hvd.32044097077945&seq=243
HNR2SW,urn:cts:latinLit:stoa0171.stoa009,lat,24,0.6314675649,243,891,1.625,3133,26,0.008381828791,822,891,21,0.3,Lactantius,Divinarum Institutionum,Ambrose,"Opera,",https://babel.hathitrust.org/cgi/pt?id=hvd.hnr2sw&seq=822
HXIL1V,urn:cts:latinLit:phi0474.phi058,eng,48,0.6411038935,107,485,5.770833333,3419,850,0.2625493454,285,305,21,1,"Cicero, Marcus Tullius",Letters to his brother Quintus,"Cicero, Marcus Tullius.",The correspondence of M. Tullius Cicero : arranged according to its chronological order,https://babel.hathitrust.org/cgi/pt?id=hvd.hxil1v&seq=285
HW2LKL,urn:cts:latinLit:phi0474.phi057,deu,60,0.6223171111,24,357,6.4,4281,887,0.2109951218,98,126,21,0.724137931,"Cicero, Marcus Tullius",Letters to Atticus,"Cicero, Marcus Tullius.",Epistolae selectae temporum ordine compositae.,https://babel.hathitrust.org/cgi/pt?id=hvd.hw2lkl&seq=98
AH5HPC,urn:cts:greekLit:tlg0031.tlg015,lat,21,0.6029067304,312,332,2.761904762,1901,205,0.1086457411,312,332,21,1,New Testament,First Epistle to Timothy,,"He Kaine Diatheke = Novum Testamentum Graecum domini nostri Jesu Christi; cum scholiis theologicis et philologicis, in quibus....",https://babel.hathitrust.org/cgi/pt?id=hvd.ah5hpc&seq=312
HXQ4JB,urn:cts:latinLit:phi0588.abo018,lat,22,0.6517376572,50,289,3.227272727,1203,310,0.2606519908,269,289,21,1,"Nepos, Cornelius",Eumenes,"Nepos, Cornelius.",Vitae excellentium imperatorum.,https://babel.hathitrust.org/cgi/pt?id=hvd.hxq4jb&seq=269
HXQ4JB,urn:cts:latinLit:phi0588.abo007,lat,23,0.6249099842,67,443,5.260869565,1320,272,0.2239741125,142,162,21,1,"Nepos, Cornelius",Alcibiades,"Nepos, Cornelius.",Vitae excellentium imperatorum.,https://babel.hathitrust.org/cgi/pt?id=hvd.hxq4jb&seq=142
HXJVIL,urn:cts:latinLit:phi0478.phi003,eng,27,0.6152996128,139,447,5.074074074,1973,490,0.2812893475,180,200,21,1,Quintus Tullius Cicero,Commentariolum Petitionis,"Cicero, Marcus Tullius.","The correspondence of M. Tullius Cicero : arranged according to its chronological order; with a revision of the text, a commentary, and introductory essays on the life of Cicero and the style of his letters",https://babel.hathitrust.org/cgi/pt?id=hvd.hxjvil&seq=180
HN21B8,urn:cts:latinLit:phi0959.phi006,lat,22,0.6272218147,67,463,2.681818182,1054,230,0.2174692398,443,463,21,1,Ovid,Metamorphoses,"Cicero, Marcus Tullius.",Eclogae quas ab Jos. Oliveto descriptas in usum scholarum secundis curis interpretandas ab Jo. Jac. Hottingero suscepit recognovit suis commentarius instruxit Jo. Jac. Ochsnerus.,https://babel.hathitrust.org/cgi/pt?id=hvd.hn21b8&seq=443
HNJXET,urn:cts:latinLit:phi0474.phi012,eng,21,0.6991873899,495,516,3.523809524,1585,393,0.2632682535,495,516,21,0.9545454545,"Cicero, Marcus Tullius",Pro C. Rabirio Perduellionis Reo Ad Quirites,"Cicero, Marcus Tullius.","M. Tullii Ciceronis orationes,",https://babel.hathitrust.org/cgi/pt?id=hvd.hnjxet&seq=495
HN26V6,urn:cts:greekLit:tlg0540.tlg019,ell,21,0.6865922342,161,181,2.904761905,1431,374,0.2691101176,161,181,21,1,Lysias,On the Property of Aristophanes: Against the Treasury,Lysias.,Ausgewählte Reden; erklaert von R. Rauchenstein.,https://babel.hathitrust.org/cgi/pt?id=hvd.hn26v6&seq=161
32044022172639,urn:cts:latinLit:phi0474.phi043,eng,22,0.6386196109,160,193,4.136363636,1529,296,0.1989961446,173,193,21,1,"Cicero, Marcus Tullius",De Republica,"Cicero, Marcus Tullius.","Tusculanarum disputationum liber primus, et Somnium scipionis,",https://babel.hathitrust.org/cgi/pt?id=hvd.32044022172639&seq=173
HXJ98B,urn:cts:greekLit:tlg2200.tlg00455,ell,21,0.6032071462,803,823,3.285714286,1388,325,0.2446916734,803,823,21,1,Libanius,Oratio 55,Libanius.,Libanii Sophistae orationes et declamationes. Ad fidem codicum mspt. recensuit et perpetua adnotatione illustravit Io. Iacobus Reiske.,https://babel.hathitrust.org/cgi/pt?id=hvd.hxj98b&seq=803
HXPP62,urn:cts:greekLit:tlg0020.tlg003,ell,23,0.6159172467,169,203,7.739130435,1567,415,0.2905967885,169,189,21,1,Hesiod,Shield of Heracles,,Poetæ minores græci,https://babel.hathitrust.org/cgi/pt?id=hvd.hxpp62&seq=169
32044085138691,urn:cts:greekLit:tlg0540.tlg025,deu,20,0.6733098963,152,171,2.25,1817,232,0.1293080065,152,171,20,1,Lysias,Defense Against a Charge of Subverting the Democracy,Lysias.,Ausgewählte Reden des Lysias,https://babel.hathitrust.org/cgi/pt?id=hvd.32044085138691&seq=152
32044054086350,urn:cts:greekLit:tlg1264.tlg001,ell,21,0.9537037037,391,445,1.666666667,1182,21,0.0179475669,391,429,20,0.5128205128,Chrysippus,Fragmenta Logica et Physica,Philo,Philonis Alexandrini opera quae supersunt,https://babel.hathitrust.org/cgi/pt?id=hvd.32044054086350&seq=391
32044013692793,urn:cts:greekLit:tlg0005.tlg001,ell,24,0.6562245005,293,333,3.958333333,1289,373,0.2921182455,293,319,20,0.7407407407,Theocritus,Εἰδύλλια,,Anthologie griechischer Lyriker für die obersten Classen der Gymnasien,https://babel.hathitrust.org/cgi/pt?id=hvd.32044013692793&seq=293
32044052757853,urn:cts:greekLit:tlg1264.tlg001,ell,20,1,387,425,0,1136,20,0.01768337136,387,425,20,0.5128205128,Chrysippus,Fragmenta Logica et Physica,Philo,Philonis Alexandrini opera quae supersunt,https://babel.hathitrust.org/cgi/pt?id=hvd.32044052757853&seq=387
HW2LPX,urn:cts:latinLit:phi0588.abo010,deu,20,0.6467499838,181,200,2.3,805,224,0.2814832801,181,200,20,1,"Nepos, Cornelius",Dion,"Nepos, Cornelius.","De vita excellentium imperatorum,",https://babel.hathitrust.org/cgi/pt?id=hvd.hw2lpx&seq=181
HW2LPX,urn:cts:latinLit:phi0588.abo015,deu,21,0.620586259,243,436,3.428571429,907,244,0.2838395641,243,262,20,1,"Nepos, Cornelius",Epaminondas,"Nepos, Cornelius.","De vita excellentium imperatorum,",https://babel.hathitrust.org/cgi/pt?id=hvd.hw2lpx&seq=243
32044085108389,urn:cts:greekLit:tlg0014.tlg006,fra,20,0.6930094851,182,201,2.35,975,285,0.29575043,182,201,20,1,Demosthenes,Second Philippic,Demosthenes,"Sept Philippiques; la Ie Philippique, les trois Olynthiennes, la 2e Philippique, le discours sur la Chersonèse, la 3e Philippique.",https://babel.hathitrust.org/cgi/pt?id=hvd.32044085108389&seq=182
32044085108389,urn:cts:greekLit:tlg0014.tlg002,fra,20,0.7042629626,126,145,2.25,981,286,0.2979055749,126,145,20,1,Demosthenes,Olynthiac 2,Demosthenes,"Sept Philippiques; la Ie Philippique, les trois Olynthiennes, la 2e Philippique, le discours sur la Chersonèse, la 3e Philippique.",https://babel.hathitrust.org/cgi/pt?id=hvd.32044085108389&seq=126
HW2IVS,urn:cts:greekLit:tlg0014.tlg001,ell,20,0.6673246457,18,37,2.5,1007,241,0.2394643507,18,37,20,1,Demosthenes,Olynthiac 1,Demosthenes.,Orationes philippicae novem,https://babel.hathitrust.org/cgi/pt?id=hvd.hw2ivs&seq=18
HN25DW,urn:cts:greekLit:tlg0014.tlg003,ell,20,0.6145980935,79,100,3.1,1657,259,0.162437223,79,100,20,0.9090909091,Demosthenes,Third Olynthiac,Demosthenes,"Ausgewæhlte Reden des Demosthenes,",https://babel.hathitrust.org/cgi/pt?id=hvd.hn25dw&seq=79
32044054757893,urn:cts:greekLit:tlg1264.tlg001,ell,21,1,385,433,0,1135,21,0.01872223387,385,423,20,0.5128205128,Chrysippus,Fragmenta Logica et Physica,Philo,Philonis Alexandrini opera quae supersunt,https://babel.hathitrust.org/cgi/pt?id=hvd.32044054757893&seq=385
HW2J6L,urn:cts:greekLit:tlg1220.tlg001,deu,20,0.6531316675,761,780,2.45,1277,282,0.217372904,761,780,20,1,Batrachomyomachia,Batrachomyomachia,Homer.,Odyssea.,https://babel.hathitrust.org/cgi/pt?id=hvd.hw2j6l&seq=761
HW2J81,urn:cts:greekLit:tlg1220.tlg001,deu,20,0.643017957,761,780,2.4,1320,274,0.2059955807,761,780,20,1,Batrachomyomachia,Batrachomyomachia,Homer.,Homeri Odyssea,https://babel.hathitrust.org/cgi/pt?id=hvd.hw2j81&seq=761
HW2J7A,urn:cts:greekLit:tlg1220.tlg001,deu,20,0.6350963367,767,786,2.55,1298,283,0.2184138059,767,786,20,1,Batrachomyomachia,Batrachomyomachia,Homer.,Odyssea.,https://babel.hathitrust.org/cgi/pt?id=hvd.hw2j7a&seq=767
HXJUY6,urn:cts:latinLit:phi0474.phi047,lat,20,0.6657042331,181,200,4.7,1667,459,0.2778223757,181,200,20,1,"Cicero, Marcus Tullius",Paradoxa Stoicorum,"Cicero, Marcus Tullius.","M. Tullii Ciceronis Tusculanarum disputationum libri quinque : ad fidem potissimum Cod. Regii denuo collati, Gryphiani...reliquaeque accurato delectu",https://babel.hathitrust.org/cgi/pt?id=hvd.hxjuy6&seq=181
HXJVIL,urn:cts:latinLit:phi0474.phi058,eng,48,0.6297044952,97,464,5.583333333,3577,872,0.2616257549,276,295,20,1,"Cicero, Marcus Tullius",Letters to his brother Quintus,"Cicero, Marcus Tullius.","The correspondence of M. Tullius Cicero : arranged according to its chronological order; with a revision of the text, a commentary, and introductory essays on the life of Cicero and the style of his letters",https://babel.hathitrust.org/cgi/pt?id=hvd.hxjvil&seq=276
32044097728398,urn:cts:latinLit:stoa0040.stoa019,lat,24,0.8154858826,42,676,3.666666667,940,24,0.02557209051,462,503,20,0.4761904762,Augustine,Contra Cresconium,"Berardi, Carlo Sebastiano",Caroli Sebastiani Berardi ... Commentaria in jus ecclesiasticum universum.,https://babel.hathitrust.org/cgi/pt?id=hvd.32044097728398&seq=462
HN1ZD6,urn:cts:latinLit:phi0474.phi016,lat,20,0.6112048922,233,252,3.6,1447,329,0.2287536634,233,252,20,1,"Cicero, Marcus Tullius",Pro Archia Poeta,"Cicero, Marcus Tullius.",[Orationes quaedam selectae cum interpretatione et notis quas in usum Delphini editit Carolus Merouille. Quibus praefigitur vita Ciceronis. Accesserunt Dialogi de Senectute & de Amicitia.,https://babel.hathitrust.org/cgi/pt?id=hvd.hn1zd6&seq=233
HXJ98B,urn:cts:greekLit:tlg2200.tlg00451,ell,21,0.6578402416,594,616,2.619047619,1421,316,0.2334012447,597,616,20,1,Libanius,Oratio 51,Libanius.,Libanii Sophistae orationes et declamationes. Ad fidem codicum mspt. recensuit et perpetua adnotatione illustravit Io. Iacobus Reiske.,https://babel.hathitrust.org/cgi/pt?id=hvd.hxj98b&seq=597
32044085170256,urn:cts:greekLit:tlg0099.tlg001,lat,19,0.6537148347,10,45,4.894736842,1224,335,0.2887796593,10,45,19,0.5277777778,Strabo,Geography,Strabo.,Fragmenta libri vii Geographicorum palatino-vaticana. Gr.and Lat.,https://babel.hathitrust.org/cgi/pt?id=hvd.32044085170256&seq=10
HN2M69,urn:cts:latinLit:phi0588.abo018,lat,20,0.6336929862,299,477,5.6,1501,292,0.2109399231,299,317,19,1,"Nepos, Cornelius",Eumenes,"Nepos, Cornelius.",Cornelii Nepotis Vitae excelletium imperatorum,https://babel.hathitrust.org/cgi/pt?id=hvd.hn2m69&seq=299
32044098638950,urn:cts:latinLit:phi0588.abo002,lat,19,0.6288325832,98,116,2.947368421,1030,229,0.2280212393,98,116,19,1,"Nepos, Cornelius",Themistocles,,"Scriptores latini in usum Delphini, cum notis variorum variis lectionibus, conspectu codicum et editionum et indicibus locupletissimus accurate recensiti.",https://babel.hathitrust.org/cgi/pt?id=hvd.32044098638950&seq=98
HW2M5L,urn:cts:latinLit:phi0474.phi057,deu,60,0.6711201373,25,408,5.7,4149,879,0.2137849216,99,126,19,0.6785714286,"Cicero, Marcus Tullius",Letters to Atticus,"Cicero, Marcus Tullius.",Epistolae selectae temporum ordine compositae : für den Schulgebrauch mit Einleitungen und erklärendon Anmerkungen versehen von Karl Friedrich Süpfle.,https://babel.hathitrust.org/cgi/pt?id=hvd.hw2m5l&seq=99
HXPP6Q,urn:cts:greekLit:tlg0017.tlg008,ell,21,0.657091699,197,273,8.380952381,1656,388,0.2671053717,197,215,19,1,Isaeus,On The Estate of Ciron,"Dobson, William Stephen",Oratores attici et quos sic vocant sophistae.,https://babel.hathitrust.org/cgi/pt?id=hvd.hxpp6q&seq=197
32044020164240,urn:cts:greekLit:tlg0014.tlg002,deu,22,0.6207235134,116,447,4.318181818,1995,228,0.1118375151,116,134,19,1,Demosthenes,Olynthiac 2,Demosthenes,Neun philippische reden erklärt von C. Rehdantz.,https://babel.hathitrust.org/cgi/pt?id=hvd.32044020164240&seq=116
HNATCQ,urn:cts:greekLit:tlg0014.tlg014,fra,20,0.6892417384,64,88,4.25,1455,286,0.1992272352,70,88,19,1,Demosthenes,On the Navy-Boards,Demosthenes.,"Les harangues de Démosthène : texte grec, publié -- avec un commentaire critique et explicatif, une introduction générale et des notices sur chaque discours",https://babel.hathitrust.org/cgi/pt?id=hvd.hnatcq&seq=70
HNATCQ,urn:cts:greekLit:tlg0014.tlg003,fra,19,0.670589775,233,252,3.105263158,1499,242,0.160684908,233,252,19,0.95,Demosthenes,Third Olynthiac,Demosthenes.,"Les harangues de Démosthène : texte grec, publié -- avec un commentaire critique et explicatif, une introduction générale et des notices sur chaque discours",https://babel.hathitrust.org/cgi/pt?id=hvd.hnatcq&seq=233
HNATCQ,urn:cts:greekLit:tlg0014.tlg013,fra,19,0.6880537637,499,517,2.526315789,1446,256,0.1773946123,499,517,19,1,Demosthenes,On Organization,Demosthenes.,"Les harangues de Démosthène : texte grec, publié -- avec un commentaire critique et explicatif, une introduction générale et des notices sur chaque discours",https://babel.hathitrust.org/cgi/pt?id=hvd.hnatcq&seq=499
HW2M5O,urn:cts:latinLit:phi0474.phi016,lat,19,0.6447629185,234,252,2.894736842,1350,342,0.2539849457,234,252,19,1,"Cicero, Marcus Tullius",Pro Archia Poeta,"Cicero, Marcus Tullius.","[M.T. Ciceronis] Orationes, quaedam selectae,",https://babel.hathitrust.org/cgi/pt?id=hvd.hw2m5o&seq=234
HNJXDR,urn:cts:latinLit:phi0474.phi032,deu,19,0.7251572592,16,34,2.157894737,1701,315,0.1879673332,16,34,19,1,"Cicero, Marcus Tullius",Pro M. Marcello,"Cicero, Marcus Tullius.","Reden für M. Marcellus, für Q. Ligarius, und für den König Deiotarus, für den schulgebrauch",https://babel.hathitrust.org/cgi/pt?id=hvd.hnjxdr&seq=16
HW2LPX,urn:cts:latinLit:phi0588.abo017,deu,19,0.6442449847,274,292,2.263157895,784,207,0.2670844188,274,292,19,1,"Nepos, Cornelius",Agesilaus,"Nepos, Cornelius.","De vita excellentium imperatorum,",https://babel.hathitrust.org/cgi/pt?id=hvd.hw2lpx&seq=274
AH3UDL,urn:cts:latinLit:stoa0022.stoa039,lat,21,0.6916099773,211,305,2.476190476,1097,21,0.01915117155,211,246,19,0.5277777778,"Ambrose, Saint, Bishop of Milan",De Noe,"Frassen, Claude",Scotus academicus seu universa doctoris subtilis theologica dogmata qua︠e︡ ad nitidam et solidam academia︠e︡ parisiensis docendi methodum concinnavit,https://babel.hathitrust.org/cgi/pt?id=hvd.ah3udl&seq=211
HW2L64,urn:cts:latinLit:phi0474.phi016,lat,19,0.6417257194,230,248,3.052631579,1413,360,0.2599094454,230,248,19,1,"Cicero, Marcus Tullius",Pro Archia Poeta,"Cicero, Marcus Tullius.",M.T. Ciceronis Orationes quædam selectæ,https://babel.hathitrust.org/cgi/pt?id=hvd.hw2l64&seq=230
32044085181196,urn:cts:latinLit:phi0959.phi007,deu,19,0.6099199374,277,295,3.421052632,1629,354,0.2189306481,277,295,19,1,Ovid,Fasti,"Jacoby, Carolus","Anthologie aus den Elegikern der Römer,",https://babel.hathitrust.org/cgi/pt?id=hvd.32044085181196&seq=277
32044105342448,urn:cts:latinLit:stoa0076c.stoa001,fra,19,0.7368421053,319,338,0.5263157895,820,19,0.02349616978,319,338,19,0.95,"Cassian, John",Conlationes Patrum (Collationibus),,Revue politique et parlementaire.,https://babel.hathitrust.org/cgi/pt?id=hvd.32044105342448&seq=319
HN2W4Z,urn:cts:greekLit:tlg0007.tlg103,ell,19,0.6177530845,117,135,3,949,266,0.2804307957,117,135,19,1,Plutarch,De Cupiditate Divitiarum,Plutarch.,"Ploutarchou tou Chairōneōs Ta ēthika = Plutarchi Chaeronensis Moralia, id est Opera, exceptis vitis, reliqua",https://babel.hathitrust.org/cgi/pt?id=hvd.hn2w4z&seq=117
32044085108017,urn:cts:greekLit:tlg0014.tlg003,deu,19,0.6653052879,69,89,2.210526316,1138,209,0.1885142194,69,89,19,0.9047619048,Demosthenes,Third Olynthiac,Demosthenes,Ausgewählte Reden des Demosthenes.,https://babel.hathitrust.org/cgi/pt?id=hvd.32044085108017&seq=69
HXQ2XJ,urn:cts:greekLit:tlg0007.tlg098,ell,20,0.6317156257,573,595,2.95,999,283,0.2806215826,577,595,19,1,Plutarch,De Amore Prolis,Plutarch.,"Ploutarchou tou Chairōneōs Ta ēthika = Plutarchi Chaeronensis Moralia, id est Opera, exceptis vitis, reliqua",https://babel.hathitrust.org/cgi/pt?id=hvd.hxq2xj&seq=577
HXQ2XK,urn:cts:greekLit:tlg0007.tlg103,ell,19,0.6199893651,117,135,3.105263158,978,269,0.2729762771,117,135,19,1,Plutarch,De Cupiditate Divitiarum,Plutarch.,"Ploutarchou tou Chairōneōs Ta ēthika = Plutarchi Chaeronensis Moralia, id est Opera, exceptis vitis, reliqua",https://babel.hathitrust.org/cgi/pt?id=hvd.hxq2xk&seq=117
HXJUZK,urn:cts:latinLit:phi0474.phi016,lat,20,0.6480832994,240,592,3.1,1430,361,0.2568930611,240,258,19,1,"Cicero, Marcus Tullius",Pro Archia Poeta,"Cicero, Marcus Tullius.","Selectae M.T. Ciceronis orationes cum P. Caroli Merouville, interpretatione et notis in usum Delphini, quibus accesserunt De Senectute et De Amiciti a dialogi; Somnium Scripionis; vita Ciceronis per annos consulares digesta; excerptae ex Ascanio, P. Manutio, aliisque in tres orationes notae; cum variarum spicilegio.",https://babel.hathitrust.org/cgi/pt?id=hvd.hxjuzk&seq=240
HN7VDJ,urn:cts:latinLit:phi0893.phi006,fra,21,0.724776133,24,898,4.80952381,2187,486,0.224139586,862,898,19,0.5135135135,Horace,Ars Poetica,Horace,OEuvres complètes d'Horace,https://babel.hathitrust.org/cgi/pt?id=hvd.hn7vdj&seq=862
HW2MFV,urn:cts:latinLit:phi1348.abo018,lat,19,0.6485237745,324,342,2.684210526,1202,230,0.198452797,324,342,19,1,Suetonius,Otho,Suetonius,"Opera omnia, ex editione Baumgarten-Crusii, cum notis et interpretatione in usum Delphini variis lectionibus, notis variorum recensu editionum et codicum et indice locupletissimo accurate recensita.",https://babel.hathitrust.org/cgi/pt?id=hvd.hw2mfv&seq=324
HXQ4EG,urn:cts:latinLit:phi1348.abo018,lat,19,0.6390187828,228,246,2.842105263,1210,230,0.1966200691,228,246,19,1,Suetonius,Otho,Suetonius,"Opera omnia, ex editione Baumgarten-Crusii, cum notis et interpretatione in usum Delphini variis lectionibus, notis variorum recensu editionum et codicum et indice locupletissimo accurate recensita.",https://babel.hathitrust.org/cgi/pt?id=hvd.hxq4eg&seq=228
32044085108397,urn:cts:greekLit:tlg0014.tlg005,lat,21,0.6137016856,313,354,4.142857143,1032,208,0.2031476464,326,344,19,1,Demosthenes,On the Peace,Demosthenes,"Philippica prima, Olynthiacae tres, et De pace.",https://babel.hathitrust.org/cgi/pt?id=hvd.32044085108397&seq=326
HNGAGE,urn:cts:latinLit:phi0474.phi058,eng,44,0.6656907671,81,414,5.545454545,3243,838,0.2854881078,238,256,19,1,"Cicero, Marcus Tullius",Letters to his brother Quintus,"Cicero, Marcus Tullius.",The correspondence of M. Tullius Cicero : arranged according to its chronological order,https://babel.hathitrust.org/cgi/pt?id=hvd.hngage&seq=238
HW2JEI,urn:cts:latinLit:phi0959.phi001,deu,31,0.6193831438,24,176,3.193548387,2597,434,0.1656839277,158,176,19,1,Ovid,Amores,"Peters, Karl",Anthologie aus den römischen Elegikern.,https://babel.hathitrust.org/cgi/pt?id=hvd.hw2jei&seq=158
HN221R,urn:cts:latinLit:phi0588.abo018,lat,20,0.6100773766,305,481,5.8,1436,289,0.2175920847,305,323,19,1,"Nepos, Cornelius",Eumenes,"Nepos, Cornelius.",Vitae excellentium imperatorum.,https://babel.hathitrust.org/cgi/pt?id=hvd.hn221r&seq=305
32044011336468,urn:cts:greekLit:tlg0099.tlg001,fra,19,0.6663988167,131,149,2.157894737,1048,320,0.296682931,131,149,19,1,Strabo,Geography,"Reinach, Théodore",Textes d'auteurs grecs et romains relatifs au Judaïsme,https://babel.hathitrust.org/cgi/pt?id=hvd.32044011336468&seq=131
HXJVTD,urn:cts:greekLit:tlg0014.tlg014,fra,20,0.6780510069,66,90,4.45,1435,289,0.2052695194,72,90,19,1,Demosthenes,On the Navy-Boards,Demosthenes.,"Les harangues de Démosthène : texte grec publié d'après les travaux les plus récents de la philologie, avec un commentaire critique et explicatif, une introduction générale et des notices sur chaque discours",https://babel.hathitrust.org/cgi/pt?id=hvd.hxjvtd&seq=72
HXJVTD,urn:cts:greekLit:tlg0014.tlg003,fra,19,0.671714243,233,252,3.157894737,1473,242,0.1639965768,233,252,19,0.95,Demosthenes,Third Olynthiac,Demosthenes.,"Les harangues de Démosthène : texte grec publié d'après les travaux les plus récents de la philologie, avec un commentaire critique et explicatif, une introduction générale et des notices sur chaque discours",https://babel.hathitrust.org/cgi/pt?id=hvd.hxjvtd&seq=233
HXJVTD,urn:cts:greekLit:tlg0014.tlg013,fra,19,0.678171838,501,519,2.578947368,1425,257,0.1800758206,501,519,19,1,Demosthenes,On Organization,Demosthenes.,"Les harangues de Démosthène : texte grec publié d'après les travaux les plus récents de la philologie, avec un commentaire critique et explicatif, une introduction générale et des notices sur chaque discours",https://babel.hathitrust.org/cgi/pt?id=hvd.hxjvtd&seq=501
32044024534216,urn:cts:greekLit:tlg0014.tlg001,deu,19,0.6476964354,91,109,2.368421053,1831,207,0.1148615347,91,109,19,1,Demosthenes,Olynthiac 1,Demosthenes,Neun philippische reden erklärt,https://babel.hathitrust.org/cgi/pt?id=hvd.32044024534216&seq=91
HNATCR,urn:cts:greekLit:tlg0014.tlg014,fra,20,0.6914566062,66,90,4.2,1409,290,0.208082704,72,90,19,1,Demosthenes,On the Navy-Boards,Demosthenes.,"Les harangues de Démosthène : texte grec publié d'après les travaux les plus récents de la philologie, avec un commentaire critique et explicatif, une introduction générale et des notices sur chaque discours",https://babel.hathitrust.org/cgi/pt?id=hvd.hnatcr&seq=72
HNATCR,urn:cts:greekLit:tlg0014.tlg013,fra,19,0.6827727864,501,519,2.578947368,1434,254,0.1776699221,501,519,19,1,Demosthenes,On Organization,Demosthenes.,"Les harangues de Démosthène : texte grec publié d'après les travaux les plus récents de la philologie, avec un commentaire critique et explicatif, une introduction générale et des notices sur chaque discours",https://babel.hathitrust.org/cgi/pt?id=hvd.hnatcr&seq=501
HNATCR,urn:cts:greekLit:tlg0014.tlg003,fra,19,0.676037049,233,252,3.105263158,1465,242,0.1657172205,233,252,19,0.95,Demosthenes,Third Olynthiac,Demosthenes.,"Les harangues de Démosthène : texte grec publié d'après les travaux les plus récents de la philologie, avec un commentaire critique et explicatif, une introduction générale et des notices sur chaque discours",https://babel.hathitrust.org/cgi/pt?id=hvd.hnatcr&seq=233
HN3FTF,urn:cts:latinLit:phi0474.phi016,lat,20,0.6144986694,238,541,3.75,1450,349,0.2435456037,238,256,19,1,"Cicero, Marcus Tullius",Pro Archia Poeta,"Cicero, Marcus Tullius.",Orationes quaedam selectae : cum interpretatione & notis quas in usum Serenissimi Delphini,https://babel.hathitrust.org/cgi/pt?id=hvd.hn3ftf&seq=238
HW2M5K,urn:cts:latinLit:phi0474.phi016,lat,19,0.6560169862,234,252,2.947368421,1374,358,0.2669704848,234,252,19,1,"Cicero, Marcus Tullius",Pro Archia Poeta,"Cicero, Marcus Tullius.",Orationes quaedam selectae,https://babel.hathitrust.org/cgi/pt?id=hvd.hw2m5k&seq=234
HXJ98B,urn:cts:greekLit:tlg2200.tlg00426,ell,20,0.600863968,97,689,5.2,1342,320,0.2423237736,97,115,19,1,Libanius,Oratio 26,Libanius.,Libanii Sophistae orationes et declamationes. Ad fidem codicum mspt. recensuit et perpetua adnotatione illustravit Io. Iacobus Reiske.,https://babel.hathitrust.org/cgi/pt?id=hvd.hxj98b&seq=97
32044010070316,urn:cts:greekLit:tlg1264.tlg002,lat,19,1,55,84,0,370,19,0.07673524414,55,84,19,0.6333333333,Chrysippus,Fragmenta Moralia,"Klemming, G. E.","Cantiones morales, scholasticae, historicae in Regno Sueciae olim usitatae.",https://babel.hathitrust.org/cgi/pt?id=hvd.32044010070316&seq=55
HN1S61,urn:cts:latinLit:phi0588.abo023,eng,18,0.7135364878,181,198,2.222222222,1141,284,0.2618737438,181,198,18,1,"Nepos, Cornelius",Hannibal,,"Selections from Latin classic authors : Phaedrus, Justin, Nepos",https://babel.hathitrust.org/cgi/pt?id=hvd.hn1s61&seq=181
HNBXRG,urn:cts:greekLit:tlg1271.tlg012,ell,18,0.6275880103,100,119,4.944444444,1294,236,0.1746840623,100,119,18,0.9,Clemens Romanus (Clement of Rome),Pseudo‑Clementina (epitome de gestis Petri praemetaphrastica) [Sp.],"Tischendorf, Constantin von","Anecdota sacra et profana ex Oriente et Occidente allata : sive, Notitia codicum graecorum, arabicorum, syriacorum, copticorum, hebraicorum, aethiopicorum, latinorum, cum excerptis multis maximam partem graecis et triginta quinque scripturarum antiquissimarum exemplis",https://babel.hathitrust.org/cgi/pt?id=hvd.hnbxrg&seq=100
32044098645310,urn:cts:latinLit:stoa0238.stoa006,lat,18,0.7055466698,11,28,1.888888889,1126,255,0.2352119635,11,28,18,1,Prudentius,Hamartigenia,Prudentius,"Opera omnia, ex editione Parmensi, cum notis et interpretatione in usum Delphini variis lectionibus, notis variorum recensu editionum et codicum et indice locupletissimo accurate recensita.",https://babel.hathitrust.org/cgi/pt?id=hvd.32044098645310&seq=11
32044085138691,urn:cts:greekLit:tlg0540.tlg031,deu,18,0.6866221679,194,211,2.055555556,1708,205,0.1208647882,194,211,18,1,Lysias,"Against Philon, On his Scrutiny",Lysias.,Ausgewählte Reden des Lysias,https://babel.hathitrust.org/cgi/pt?id=hvd.32044085138691&seq=194
HNATCQ,urn:cts:greekLit:tlg0014.tlg002,fra,18,0.6577851713,197,214,2.666666667,1303,227,0.1908930271,197,214,18,1,Demosthenes,Olynthiac 2,Demosthenes.,"Les harangues de Démosthène : texte grec, publié -- avec un commentaire critique et explicatif, une introduction générale et des notices sur chaque discours",https://babel.hathitrust.org/cgi/pt?id=hvd.hnatcq&seq=197
HNATCQ,urn:cts:greekLit:tlg0014.tlg007,fra,18,0.7129307695,306,323,2.888888889,1280,288,0.2292544075,306,323,18,1,Demosthenes,On Halonnesus,Demosthenes.,"Les harangues de Démosthène : texte grec, publié -- avec un commentaire critique et explicatif, une introduction générale et des notices sur chaque discours",https://babel.hathitrust.org/cgi/pt?id=hvd.hnatcq&seq=306
32044014645352,urn:cts:latinLit:stoa0114a.stoa015,lat,18,0.7222222222,976,994,0.5555555556,1331,18,0.0146462007,976,994,18,0.9473684211,"Ennodius, Magnus Felix",Vita Epiphanii,"Cicero, Marcus Tullius.",M. Tulli Ciceronis De finibus bonorum et malorum : libri quinque,https://babel.hathitrust.org/cgi/pt?id=hvd.32044014645352&seq=976
32044097055230,urn:cts:latinLit:phi0588.abo023,eng,18,0.7137218888,179,196,2.222222222,1150,282,0.2595861951,179,196,18,1,"Nepos, Cornelius",Hannibal,,"Selections from Latin classic authors. Pha︠e︡drus, Justin, Nepos.",https://babel.hathitrust.org/cgi/pt?id=hvd.32044097055230&seq=179
HXQ2P8,urn:cts:greekLit:tlg0059.tlg016,ell,18,0.6325546013,33,50,3,1321,282,0.2320603503,33,50,18,1,Plato,Lovers,Plato.,Platonis et quae vel Platonis esse feruntur vel Platonica solent comitari seripta graece omnia ad codices manuscriptos recensuit variasque inde lectiones,https://babel.hathitrust.org/cgi/pt?id=hvd.hxq2p8&seq=33
HW2IW2,urn:cts:greekLit:tlg0014.tlg002,deu,19,0.6218298588,103,342,2.894736842,1752,221,0.1246248996,103,120,18,1,Demosthenes,Olynthiac 2,Demosthenes.,"Ausgewählte Reden,",https://babel.hathitrust.org/cgi/pt?id=hvd.hw2iw2&seq=103
HNJXDR,urn:cts:latinLit:phi0474.phi033,deu,18,0.7648569844,41,58,2.055555556,1549,359,0.2337932414,41,58,18,1,"Cicero, Marcus Tullius",Pro Q. Ligario,"Cicero, Marcus Tullius.","Reden für M. Marcellus, für Q. Ligarius, und für den König Deiotarus, für den schulgebrauch",https://babel.hathitrust.org/cgi/pt?id=hvd.hnjxdr&seq=41
HXJFD4,urn:cts:greekLit:tlg0057.tlg085,ell,18,1,287,321,0,881,18,0.0207496058,287,321,18,0.5142857143,Galen,In Hippocratis De natura hominis,Plutarch.,"Ploutarchou tou Chairōneōs ta ēthika = Plutarchi Chaeronensis Moralia, id est Opera, exceptis Vitis, reliqua",https://babel.hathitrust.org/cgi/pt?id=hvd.hxjfd4&seq=287
32044085138683,urn:cts:greekLit:tlg1389.tlg001,deu,22,0.8442652096,280,548,5.863636364,2046,22,0.01191109942,280,313,18,0.5294117647,Harpocration,Lexicon in decem oratores Atticos,Lysias.,Für den Schulgebrauch erklärt von Hermann.,https://babel.hathitrust.org/cgi/pt?id=hvd.32044085138683&seq=280
HW2IVW,urn:cts:greekLit:tlg0014.tlg002,ell,18,0.6323972953,65,82,3.333333333,1425,253,0.1818117652,65,82,18,1,Demosthenes,Olynthiac 2,Demosthenes.,Ausgewählte reden des Demosthenes,https://babel.hathitrust.org/cgi/pt?id=hvd.hw2ivw&seq=65
32044019501253,urn:cts:greekLit:tlg0092.tlg001,lat,19,0.6259634546,316,585,4.789473684,2118,542,0.2603198326,568,585,18,1,Anonymi Geographiae Expositio Compendiaria,Geographiae expositio compendiaria,,"Geographi Graeci minores. E codicibus recognovit prolegomenis, annotatione, indicibus instruxit, tabulis aeri incisis illustravit Carolus Müllerus.",https://babel.hathitrust.org/cgi/pt?id=hvd.32044019501253&seq=568
HN25DW,urn:cts:greekLit:tlg0014.tlg002,ell,18,0.637986005,61,78,3.166666667,1436,253,0.1806000652,61,78,18,1,Demosthenes,Olynthiac 2,Demosthenes,"Ausgewæhlte Reden des Demosthenes,",https://babel.hathitrust.org/cgi/pt?id=hvd.hn25dw&seq=61
HNJXEW,urn:cts:latinLit:phi0474.phi033,eng,18,0.7329510452,425,442,2.333333333,1466,343,0.2401220096,425,442,18,1,"Cicero, Marcus Tullius",Pro Q. Ligario,"Cicero, Marcus Tullius.","M. Tullii Ciceronis orationes,",https://babel.hathitrust.org/cgi/pt?id=hvd.hnjxew&seq=425
AH1713,urn:cts:greekLit:tlg1311.tlg001,lat,19,0.6290621493,170,823,4.947368421,1003,234,0.2437364938,170,204,18,0.5142857143,Anonymous,Didache,,"Patres apostolici,",https://babel.hathitrust.org/cgi/pt?id=hvd.ah1713&seq=170
HXQ2XN,urn:cts:greekLit:tlg0057.tlg085,ell,18,0.962962963,327,369,0.1111111111,922,18,0.03602764397,327,369,18,0.4186046512,Galen,In Hippocratis De natura hominis,Plutarch.,"Ploutarchou tou Chairōneōs Ta ēthika = Plutarchi Chaeronensis Moralia, id est Opera, exceptis vitis, reliqua",https://babel.hathitrust.org/cgi/pt?id=hvd.hxq2xn&seq=327
HNJXDS,urn:cts:latinLit:phi0474.phi032,deu,18,0.7434781427,21,38,2.055555556,1539,297,0.1995672344,21,38,18,1,"Cicero, Marcus Tullius",Pro M. Marcello,"Cicero, Marcus Tullius.","Reden für M. Marcellus, für Q. Ligarius und für den König Deiotarus.",https://babel.hathitrust.org/cgi/pt?id=hvd.hnjxds&seq=21
HNJXDS,urn:cts:latinLit:phi0474.phi033,deu,18,0.7408565268,44,61,2.611111111,1487,347,0.2402608226,44,61,18,1,"Cicero, Marcus Tullius",Pro Q. Ligario,"Cicero, Marcus Tullius.","Reden für M. Marcellus, für Q. Ligarius und für den König Deiotarus.",https://babel.hathitrust.org/cgi/pt?id=hvd.hnjxds&seq=44
HXKCHI,urn:cts:latinLit:stoa0089.stoa014,lat,18,0.7297566138,73,90,2.444444444,1160,326,0.2845315358,73,90,18,1,Claudian,Panegyricus dictus Probino et Olybrio consulibus,"Claudianus, Claudius.",Cl. Claudiani quae exstant varietate lectionis et perpetua adnotatione,https://babel.hathitrust.org/cgi/pt?id=hvd.hxkchi&seq=73
32044097055107,urn:cts:latinLit:phi0588.abo023,eng,18,0.6971449705,181,198,2.388888889,1156,281,0.2573266583,181,198,18,1,"Nepos, Cornelius",Hannibal,,"Selections from Latin classic authors : Phaedrus, Justin, Nepos",https://babel.hathitrust.org/cgi/pt?id=hvd.32044097055107&seq=181
HN2W5I,urn:cts:greekLit:tlg0007.tlg073,lat,18,0.6494974283,535,552,2.833333333,913,241,0.2639513087,535,552,18,1,Plutarch,De amicorum multitudine,Plutarch.,"Ploutarchou tou Chairōneōs Ta ēthika = Plutarchi Chaeronensis Moralia, id est Opera, exceptis vitis, reliqua",https://babel.hathitrust.org/cgi/pt?id=hvd.hn2w5i&seq=535
HN1XDG,urn:cts:latinLit:phi0588.abo023,eng,18,0.7129761898,179,196,2.222222222,1145,283,0.2613210121,179,196,18,1,"Nepos, Cornelius",Hannibal,"Gardner, Francis","Selection from Latin classic authors: Phaedrus, Justin, Nepos.",https://babel.hathitrust.org/cgi/pt?id=hvd.hn1xdg&seq=179
HXQ2XM,urn:cts:greekLit:tlg0007.tlg120,ell,18,0.6381118363,327,344,2.888888889,924,258,0.2784847531,327,344,18,1,Plutarch,De vitando aere alieno,Plutarch.,"Ploutarchou tou Chairōneōs Ta ēthika = Plutarchi Chaeronensis Moralia, id est Opera, exceptis vitis, reliqua",https://babel.hathitrust.org/cgi/pt?id=hvd.hxq2xm&seq=327
HXJVDE,urn:cts:greekLit:tlg0062.tlg029,ell,19,0.6144668565,23,44,5,847,218,0.2602640896,23,40,18,1,Lucian of Samosata,Somnium sive vita Luciani,Lucian,Lucianus Samosatensis,https://babel.hathitrust.org/cgi/pt?id=hvd.hxjvde&seq=23
HXJVCH,urn:cts:greekLit:tlg1389.tlg001,deu,21,0.8607106636,24,266,5.952380952,2057,21,0.01079471363,24,57,18,0.5294117647,Harpocration,Lexicon in decem oratores Atticos,Lysias.,Ausgewählte Reden des Lysias : für den Schulgebrach,https://babel.hathitrust.org/cgi/pt?id=hvd.hxjvch&seq=24
HXJVTD,urn:cts:greekLit:tlg0014.tlg007,fra,18,0.7168514326,306,323,2.777777778,1234,288,0.2381285595,306,323,18,1,Demosthenes,On Halonnesus,Demosthenes.,"Les harangues de Démosthène : texte grec publié d'après les travaux les plus récents de la philologie, avec un commentaire critique et explicatif, une introduction générale et des notices sur chaque discours",https://babel.hathitrust.org/cgi/pt?id=hvd.hxjvtd&seq=306
HXJVTD,urn:cts:greekLit:tlg0014.tlg002,fra,18,0.6591462321,199,216,2.611111111,1297,226,0.1947967738,199,216,18,1,Demosthenes,Olynthiac 2,Demosthenes.,"Les harangues de Démosthène : texte grec publié d'après les travaux les plus récents de la philologie, avec un commentaire critique et explicatif, une introduction générale et des notices sur chaque discours",https://babel.hathitrust.org/cgi/pt?id=hvd.hxjvtd&seq=199
32044024534216,urn:cts:greekLit:tlg0014.tlg002,deu,18,0.6643076494,110,127,2.555555556,1688,224,0.1334615178,110,127,18,1,Demosthenes,Olynthiac 2,Demosthenes,Neun philippische reden erklärt,https://babel.hathitrust.org/cgi/pt?id=hvd.32044024534216&seq=110
HNATCR,urn:cts:greekLit:tlg0014.tlg007,fra,18,0.7151349264,306,323,2.833333333,1239,290,0.2390184949,306,323,18,1,Demosthenes,On Halonnesus,Demosthenes.,"Les harangues de Démosthène : texte grec publié d'après les travaux les plus récents de la philologie, avec un commentaire critique et explicatif, une introduction générale et des notices sur chaque discours",https://babel.hathitrust.org/cgi/pt?id=hvd.hnatcr&seq=306
HNATCR,urn:cts:greekLit:tlg0014.tlg002,fra,18,0.6669793835,199,216,2.5,1290,225,0.1913130063,199,216,18,1,Demosthenes,Olynthiac 2,Demosthenes.,"Les harangues de Démosthène : texte grec publié d'après les travaux les plus récents de la philologie, avec un commentaire critique et explicatif, une introduction générale et des notices sur chaque discours",https://babel.hathitrust.org/cgi/pt?id=hvd.hnatcr&seq=199
HXJVTC,urn:cts:greekLit:tlg0014.tlg002,ell,18,0.6038601078,67,84,3.777777778,1513,249,0.1669918083,67,84,18,1,Demosthenes,Olynthiac 2,Demosthenes.,Ausgewählte reden des Demosthenes,https://babel.hathitrust.org/cgi/pt?id=hvd.hxjvtc&seq=67
HXJ98B,urn:cts:greekLit:tlg2200.tlg00434,ell,18,0.665880172,272,289,3.333333333,1215,298,0.2560278995,272,289,18,1,Libanius,Oratio 34,Libanius.,Libanii Sophistae orationes et declamationes. Ad fidem codicum mspt. recensuit et perpetua adnotatione illustravit Io. Iacobus Reiske.,https://babel.hathitrust.org/cgi/pt?id=hvd.hxj98b&seq=272
32044100860311,urn:cts:greekLit:tlg0031.tlg012,ell,17,0.6710093577,529,545,2,857,159,0.1862275731,529,545,17,1,New Testament,Epistle to the Colossians,,Novum Testamentum Graece et Latine,https://babel.hathitrust.org/cgi/pt?id=hvd.32044100860311&seq=529
32044100860311,urn:cts:greekLit:tlg0031.tlg015,ell,17,0.714719086,612,628,1.882352941,850,180,0.2122747686,612,628,17,1,New Testament,First Epistle to Timothy,,Novum Testamentum Graece et Latine,https://babel.hathitrust.org/cgi/pt?id=hvd.32044100860311&seq=612
HXJVBB,urn:cts:greekLit:tlg0540.tlg030,deu,17,0.6353335078,252,269,5,1312,237,0.1798544447,252,269,17,0.9444444444,Lysias,Against Nicomachus,Lysias.,Ausgewählte reden des Lysias,https://babel.hathitrust.org/cgi/pt?id=hvd.hxjvbb&seq=252
AH5HEH,urn:cts:greekLit:tlg4102.tlg040,ell,19,0.9538269694,271,497,0.7368421053,663,21,0.03237550677,271,449,17,0.09497206704,Catenae (Novum Testamentum),Catena In Epistulam Jacobi (Catena Andreae),"Pharmakidēs, Theoklētos",Ē kainē diathēkē meta hūpomnēmatōn archaiōn,https://babel.hathitrust.org/cgi/pt?id=hvd.ah5heh&seq=271
32044098638950,urn:cts:latinLit:phi0588.abo014,lat,17,0.6649546068,213,229,2.647058824,863,245,0.2903504092,213,229,17,1,"Nepos, Cornelius",Datames,,"Scriptores latini in usum Delphini, cum notis variorum variis lectionibus, conspectu codicum et editionum et indicibus locupletissimus accurate recensiti.",https://babel.hathitrust.org/cgi/pt?id=hvd.32044098638950&seq=213
HNJTUM,urn:cts:greekLit:tlg1264.tlg002,lat,18,0.950617284,57,295,0.4444444444,762,18,0.02411621395,57,109,17,0.320754717,Chrysippus,Fragmenta Moralia,"Seneca, Lucius Annaeus",L. Annaei Senecae opera quae supersunt.,https://babel.hathitrust.org/cgi/pt?id=hvd.hnjtum&seq=57
HXJ98A,urn:cts:greekLit:tlg2200.tlg00404,ell,17,0.6285142815,254,270,3.470588235,1126,255,0.2309691464,254,270,17,1,Libanius,Oratio 4,Libanius.,Libanii Sophistae orationes et declamationes. Ad fidem codicum mspt. recensuit et perpetua adnotatione illustravit Io. Iacobus Reiske.,https://babel.hathitrust.org/cgi/pt?id=hvd.hxj98a&seq=254
32044085138691,urn:cts:greekLit:tlg0540.tlg007,deu,17,0.7009917874,330,346,2.176470588,1539,227,0.1508805436,330,346,17,1,Lysias,On the Olive Stump,Lysias.,Ausgewählte Reden des Lysias,https://babel.hathitrust.org/cgi/pt?id=hvd.32044085138691&seq=330
32044020164240,urn:cts:greekLit:tlg0014.tlg006,deu,17,0.7047807355,217,233,2.117647059,1573,224,0.1451960107,217,233,17,1,Demosthenes,Second Philippic,Demosthenes,Neun philippische reden erklärt von C. Rehdantz.,https://babel.hathitrust.org/cgi/pt?id=hvd.32044020164240&seq=217
HN5ZUF,urn:cts:greekLit:tlg1193.tlg001,ell,17,1,289,323,0,503,17,0.03646354436,289,323,17,0.4857142857,Ariston of Chios,Testimonia et Fragmenta,Plutarch.,"Varia scripta quae Moralia vulgo vocantur, ad optimorum librorum fidem accurate edita.",https://babel.hathitrust.org/cgi/pt?id=hvd.hn5zuf&seq=289
32044005028865,urn:cts:greekLit:tlg0030.tlg003,ell,17,0.6038860542,123,139,3.647058824,1062,296,0.2834613552,123,139,17,1,Hyperides,Against Athenogenes,Hyperides.,Orationes sex cum ceterarum fragmentis,https://babel.hathitrust.org/cgi/pt?id=hvd.32044005028865&seq=123
HW2IW2,urn:cts:greekLit:tlg0014.tlg001,deu,18,0.6273022085,86,378,2.611111111,1830,205,0.1121813225,86,102,17,1,Demosthenes,Olynthiac 1,Demosthenes.,"Ausgewählte Reden,",https://babel.hathitrust.org/cgi/pt?id=hvd.hw2iw2&seq=86
HW2IW2,urn:cts:greekLit:tlg0014.tlg006,deu,17,0.6706911069,186,202,2.470588235,1582,225,0.1419000676,186,202,17,1,Demosthenes,Second Philippic,Demosthenes.,"Ausgewählte Reden,",https://babel.hathitrust.org/cgi/pt?id=hvd.hw2iw2&seq=186
HXJUNP,urn:cts:latinLit:phi1348.abo021,lat,18,0.6322536241,692,794,3.277777778,1132,252,0.2273212448,692,708,17,1,Suetonius,Divus Titus,Suetonius,C. Suetoni Tranquilli Opera;,https://babel.hathitrust.org/cgi/pt?id=hvd.hxjunp&seq=692
AH5946,urn:cts:greekLit:tlg1271.tlg002,ell,18,0.6309926743,123,160,3.277777778,1417,296,0.2272754031,123,139,17,1,Clemens Romanus (Clement of Rome),The Second Epistle of Clement to the Corinthians,Clement,Clementis Romani Epistulae.,https://babel.hathitrust.org/cgi/pt?id=hvd.ah5946&seq=123
HW2LB9,urn:cts:latinLit:phi0474.phi043,deu,31,0.6360049888,17,340,2.064516129,2924,383,0.1304106539,144,161,17,0.9444444444,"Cicero, Marcus Tullius",De Republica,"Cicero, Marcus Tullius.",Chrestomathia Ciceroniana : ein Lesebuch für mittlere Gymnasialklassen,https://babel.hathitrust.org/cgi/pt?id=hvd.hw2lb9&seq=144
32044106298227,urn:cts:latinLit:stoa0270.stoa001,deu,17,0.9558823529,349,383,0.1764705882,702,17,0.02428216022,349,383,17,0.4857142857,"Severus, Sulpicius",Chronica,,Természetrajzi füzetek.,https://babel.hathitrust.org/cgi/pt?id=hvd.32044106298227&seq=349
HXJA94,urn:cts:greekLit:tlg5023.tlg001,ell,18,0.8333333333,311,371,0.3333333333,602,18,0.03008629303,319,371,17,0.320754717,Scholia in Euripidem,Scholia in Euripidem (scholia vetera),,Scholia Graeca in Sophoclem : ex editione Brunckiana.,https://babel.hathitrust.org/cgi/pt?id=hvd.hxja94&seq=319
HXPP6P,urn:cts:greekLit:tlg0014.tlg014,lat,17,0.6241381225,652,669,3.823529412,1227,304,0.2699844136,652,669,17,0.9444444444,Demosthenes,On the Navy-Boards,"Dobson, William Stephen",Oratores attici et quos sic vocant sophistae.,https://babel.hathitrust.org/cgi/pt?id=hvd.hxpp6p&seq=652
HN2W4Z,urn:cts:greekLit:tlg0007.tlg111,ell,17,0.6546659342,459,475,2.941176471,835,227,0.267308033,459,475,17,1,Plutarch,Consolatio Ad Uxorem,Plutarch.,"Ploutarchou tou Chairōneōs Ta ēthika = Plutarchi Chaeronensis Moralia, id est Opera, exceptis vitis, reliqua",https://babel.hathitrust.org/cgi/pt?id=hvd.hn2w4z&seq=459
32044085108017,urn:cts:greekLit:tlg0014.tlg002,deu,17,0.6854787871,52,68,2.294117647,1036,211,0.2054046486,52,68,17,1,Demosthenes,Olynthiac 2,Demosthenes,Ausgewählte Reden des Demosthenes.,https://babel.hathitrust.org/cgi/pt?id=hvd.32044085108017&seq=52
32044085108017,urn:cts:greekLit:tlg0014.tlg005,deu,17,0.6201811999,121,137,3.705882353,1410,153,0.1053666568,121,137,17,1,Demosthenes,On the Peace,Demosthenes,Ausgewählte Reden des Demosthenes.,https://babel.hathitrust.org/cgi/pt?id=hvd.32044085108017&seq=121
HXJVEL,urn:cts:greekLit:tlg0062.tlg008,ell,17,0.6683369046,263,279,4.705882353,1294,346,0.2761497827,263,279,17,1,Lucian of Samosata,Demonax,Lucian,Ausgewählte Schriften des Lucian : Für den Schulgebrauch,https://babel.hathitrust.org/cgi/pt?id=hvd.hxjvel&seq=263
HXQ2XK,urn:cts:greekLit:tlg0007.tlg111,ell,17,0.6625784999,459,475,2.647058824,849,228,0.2614707109,459,475,17,1,Plutarch,Consolatio Ad Uxorem,Plutarch.,"Ploutarchou tou Chairōneōs Ta ēthika = Plutarchi Chaeronensis Moralia, id est Opera, exceptis vitis, reliqua",https://babel.hathitrust.org/cgi/pt?id=hvd.hxq2xk&seq=459
HXQ4DM,urn:cts:latinLit:stoa0255.stoa011,lat,17,0.6229601771,651,668,3.117647059,1062,248,0.2352217201,651,668,17,0.9444444444,"Seneca, Lucius Annaeus",de Otio Sapientis,"Seneca, Lucius Annaeus","L. Annæ Senecæ, pars prima; sive opera philosophica ...",https://babel.hathitrust.org/cgi/pt?id=hvd.hxq4dm&seq=651
32044081729089,urn:cts:latinLit:stoa0111.stoa001,lat,19,0.6859649123,21,264,0.7894736842,686,19,0.0448606064,248,264,17,1,Itinera Hierosolymitana / Egragia,S. Silviae Peregrinatio,Albertus,"De sacrosancto corporis Domini sacramento sermones,",https://babel.hathitrust.org/cgi/pt?id=hvd.32044081729089&seq=248
HN274L,urn:cts:latinLit:phi0119.phi011,fra,17,0.6317419315,282,298,2.176470588,1206,192,0.1631736572,282,298,17,1,"Plautus, Titus Maccius",Mercator,"Fabia, Philippe",Théâtre latin: Extraits des comiques.,https://babel.hathitrust.org/cgi/pt?id=hvd.hn274l&seq=282
HX5PYI,urn:cts:greekLit:tlg0014.tlg007,eng,17,0.6380335252,197,213,4.176470588,1322,302,0.2375377712,197,213,17,1,Demosthenes,On Halonnesus,Demosthenes.,"Demosthenes,",https://babel.hathitrust.org/cgi/pt?id=hvd.hx5pyi&seq=197
32044024534174,urn:cts:greekLit:tlg0014.tlg006,deu,17,0.6822870773,20,36,2.352941176,1580,224,0.1430568486,20,36,17,1,Demosthenes,Second Philippic,Demosthenes,Neun philippische reden erklärt,https://babel.hathitrust.org/cgi/pt?id=hvd.32044024534174&seq=20
HXQ4JB,urn:cts:latinLit:phi0588.abo014,lat,17,0.6865148924,213,229,2.294117647,870,244,0.2847430467,213,229,17,1,"Nepos, Cornelius",Datames,"Nepos, Cornelius.",Vitae excellentium imperatorum.,https://babel.hathitrust.org/cgi/pt?id=hvd.hxq4jb&seq=213
HW2JEG,urn:cts:latinLit:phi0959.phi009,deu,17,0.6627968859,295,312,1.941176471,712,189,0.2732064052,295,312,17,0.9444444444,Ovid,Ex Ponto,,"Geist der römischen Elegie, oder, Auserlesene Gedichte aus Catull, Tibull, Properz und Ovid",https://babel.hathitrust.org/cgi/pt?id=hvd.hw2jeg&seq=295
HW2JEI,urn:cts:latinLit:phi0472.phi001,deu,17,0.6080725306,219,235,3.235294118,1255,255,0.2072548505,219,235,17,1,Catullus,Carmina,"Peters, Karl",Anthologie aus den römischen Elegikern.,https://babel.hathitrust.org/cgi/pt?id=hvd.hw2jei&seq=219
HW2M6B,urn:cts:latinLit:phi0474.phi057,lat,24,0.6137759186,11,141,11.375,1891,489,0.2811987807,89,105,17,1,"Cicero, Marcus Tullius",Letters to Atticus,"Cicero, Marcus Tullius.",Ausgewählte Briefe Ciceros : Für den Schulgebrauch erklärt,https://babel.hathitrust.org/cgi/pt?id=hvd.hw2m6b&seq=89
32044102854809,urn:cts:greekLit:tlg0540.tlg007,eng,17,0.6405981722,69,85,3.117647059,1033,246,0.2529817968,69,85,17,1,Lysias,On the Olive Stump,Lysias.,"Eight orations of Lysias,",https://babel.hathitrust.org/cgi/pt?id=hvd.32044102854809&seq=69
HN24ZL,urn:cts:greekLit:tlg0540.tlg030,deu,17,0.625701702,161,178,5.882352941,1228,238,0.1908998985,161,178,17,0.9444444444,Lysias,Against Nicomachus,Lysias.,Ausgewählte reden des Lysias.,https://babel.hathitrust.org/cgi/pt?id=hvd.hn24zl&seq=161
HXJVBW,urn:cts:greekLit:tlg0540.tlg007,eng,17,0.6524750429,69,85,3,1027,249,0.2561583854,69,85,17,1,Lysias,On the Olive Stump,Lysias.,"Eight orations of Lysias,",https://babel.hathitrust.org/cgi/pt?id=hvd.hxjvbw&seq=69
HXJVTC,urn:cts:greekLit:tlg0014.tlg006,ell,17,0.6128932805,160,176,3.705882353,1460,247,0.1693200195,160,176,17,1,Demosthenes,Second Philippic,Demosthenes.,Ausgewählte reden des Demosthenes,https://babel.hathitrust.org/cgi/pt?id=hvd.hxjvtc&seq=160
HN1ZD6,urn:cts:latinLit:phi0474.phi033,lat,17,0.6594098835,410,426,3.764705882,1219,326,0.2944891566,410,426,17,1,"Cicero, Marcus Tullius",Pro Q. Ligario,"Cicero, Marcus Tullius.",[Orationes quaedam selectae cum interpretatione et notis quas in usum Delphini editit Carolus Merouille. Quibus praefigitur vita Ciceronis. Accesserunt Dialogi de Senectute & de Amicitia.,https://babel.hathitrust.org/cgi/pt?id=hvd.hn1zd6&seq=410
HXJ98B,urn:cts:greekLit:tlg2200.tlg00453,ell,17,0.6811743371,727,743,2.647058824,1119,301,0.2789923099,727,743,17,1,Libanius,Oratio 53,Libanius.,Libanii Sophistae orationes et declamationes. Ad fidem codicum mspt. recensuit et perpetua adnotatione illustravit Io. Iacobus Reiske.,https://babel.hathitrust.org/cgi/pt?id=hvd.hxj98b&seq=727
HXJ98B,urn:cts:greekLit:tlg2200.tlg00450,ell,17,0.6002473845,557,574,3.705882353,1099,294,0.28266135,557,574,17,0.9444444444,Libanius,Oratio 50,Libanius.,Libanii Sophistae orationes et declamationes. Ad fidem codicum mspt. recensuit et perpetua adnotatione illustravit Io. Iacobus Reiske.,https://babel.hathitrust.org/cgi/pt?id=hvd.hxj98b&seq=557
HXJVRX,urn:cts:greekLit:tlg0014.tlg007,eng,17,0.6448778291,195,211,4.176470588,1318,301,0.2376731243,195,211,17,1,Demosthenes,On Halonnesus,Demosthenes.,"Demosthenes,",https://babel.hathitrust.org/cgi/pt?id=hvd.hxjvrx&seq=195
HXG94G,urn:cts:greekLit:tlg0533.tlg017,lat,17,0.6818288443,83,115,2.647058824,1014,273,0.2750497662,83,115,17,0.5151515152,Callimachus,Hymn to Artemis,Callimachus.,"Hymni,",https://babel.hathitrust.org/cgi/pt?id=hvd.hxg94g&seq=83
32044100860311,urn:cts:greekLit:tlg0031.tlg011,ell,16,0.6983912134,513,528,1.6875,841,157,0.1863107213,513,528,16,1,New Testament,Letter to the Philippians,,Novum Testamentum Graece et Latine,https://babel.hathitrust.org/cgi/pt?id=hvd.32044100860311&seq=513
HN1S61,urn:cts:latinLit:phi0588.abo007,eng,16,0.7328167481,152,167,2.125,985,271,0.2869839331,152,167,16,1,"Nepos, Cornelius",Alcibiades,,"Selections from Latin classic authors : Phaedrus, Justin, Nepos",https://babel.hathitrust.org/cgi/pt?id=hvd.hn1s61&seq=152
HN2UA2,urn:cts:latinLit:phi0588.abo001,deu,24,0.7269756816,24,237,2.791666667,2163,444,0.2076839456,24,39,16,1,"Nepos, Cornelius",Miltiades,"Nepos, Cornelius.",Cornelius Nepos : für Schüler mit erläuternden und eine richtige Übersetzung fördernden Anmerkungen versehen,https://babel.hathitrust.org/cgi/pt?id=hvd.hn2ua2&seq=24
32044074343369,urn:cts:latinLit:stoa0215c.stoa001,lat,22,0.6091503971,342,612,7.363636364,905,62,0.06970904551,583,612,16,0.5333333333,"Orosius, Paulus",Historiae Adversum Paganos,,Spicilegium romanum.,https://babel.hathitrust.org/cgi/pt?id=hvd.32044074343369&seq=583
HXJ98A,urn:cts:greekLit:tlg2200.tlg00405,ell,16,0.6241475977,271,286,4.125,1018,293,0.2923233705,271,286,16,1,Libanius,Oratio 5,Libanius.,Libanii Sophistae orationes et declamationes. Ad fidem codicum mspt. recensuit et perpetua adnotatione illustravit Io. Iacobus Reiske.,https://babel.hathitrust.org/cgi/pt?id=hvd.hxj98a&seq=271
HNATCQ,urn:cts:greekLit:tlg0014.tlg006,fra,16,0.6698063703,280,295,3.1875,1230,229,0.1916938273,280,295,16,1,Demosthenes,Second Philippic,Demosthenes.,"Les harangues de Démosthène : texte grec, publié -- avec un commentaire critique et explicatif, une introduction générale et des notices sur chaque discours",https://babel.hathitrust.org/cgi/pt?id=hvd.hnatcq&seq=280
32044097055230,urn:cts:latinLit:phi0588.abo007,eng,16,0.7327981804,150,165,2.125,990,272,0.2858274344,150,165,16,1,"Nepos, Cornelius",Alcibiades,,"Selections from Latin classic authors. Pha︠e︡drus, Justin, Nepos.",https://babel.hathitrust.org/cgi/pt?id=hvd.32044097055230&seq=150
32044069760742,urn:cts:greekLit:tlg0031.tlg020,ell,16,0.6547500827,175,190,1.875,812,173,0.2136550899,175,190,16,1,New Testament,Book of James,,"Novum Testamentum graece / ad antiquos testes denuo recensuit, apparatum criticum omni studio perfectum apposuit, commentationem isagogicam praetexuit",https://babel.hathitrust.org/cgi/pt?id=hvd.32044069760742&seq=175
HNAJSD,urn:cts:greekLit:tlg0062.tlg011,lat,17,0.6424535838,115,485,3.117647059,973,259,0.2654207557,115,130,16,1,Lucian of Samosata,Macrobii,Lucian,Opera.,https://babel.hathitrust.org/cgi/pt?id=hvd.hnajsd&seq=115
HW2IVW,urn:cts:greekLit:tlg0014.tlg001,ell,16,0.6161469058,49,64,3.3125,1217,223,0.1827063563,49,64,16,1,Demosthenes,Olynthiac 1,Demosthenes.,Ausgewählte reden des Demosthenes,https://babel.hathitrust.org/cgi/pt?id=hvd.hw2ivw&seq=49
HW2IVW,urn:cts:greekLit:tlg0014.tlg006,ell,16,0.6683806013,155,170,2.9375,1262,245,0.1992038551,155,170,16,1,Demosthenes,Second Philippic,Demosthenes.,Ausgewählte reden des Demosthenes,https://babel.hathitrust.org/cgi/pt?id=hvd.hw2ivw&seq=155
HN25DW,urn:cts:greekLit:tlg0014.tlg006,ell,16,0.6633079222,151,166,3.0625,1271,245,0.1976573303,151,166,16,1,Demosthenes,Second Philippic,Demosthenes,"Ausgewæhlte Reden des Demosthenes,",https://babel.hathitrust.org/cgi/pt?id=hvd.hn25dw&seq=151
32044085159432,urn:cts:greekLit:tlg0007.tlg056,ell,16,0.6425761807,190,209,3.25,784,224,0.2930900732,190,209,16,0.8,Plutarch,Comparison of Demosthenes and Cicero,Plutarch,"Vie de Cicéron suivie du Paralléle de Démosthéne et de Cicéron; texte grec revu sur le manuscrit de Madrid, accompagné d'une notice sur Plutarque et sur les sources de la Vie de Cicéron,",https://babel.hathitrust.org/cgi/pt?id=hvd.32044085159432&seq=190
32044022675912,urn:cts:latinLit:stoa0040.stoa003,lat,27,0.6382634391,45,951,6,977,29,0.04350834141,477,509,16,0.4848484848,Augustine,De civitate dei,"Ruiz de Moros, Pedro",Petri Royzii Maurei Alcagnicensis carmina ...,https://babel.hathitrust.org/cgi/pt?id=hvd.32044022675912&seq=477
AH6HXM,urn:cts:latinLit:phi0474.phi017,ita,16,0.78125,253,276,0.4375,544,16,0.02958732444,253,276,16,0.6666666667,"Cicero, Marcus Tullius",Pro L. Flacco,,Rivista di studi religiosi.,https://babel.hathitrust.org/cgi/pt?id=hvd.ah6hxm&seq=253
32044085078103,urn:cts:greekLit:tlg0096.tlg002,ell,18,0.6420099576,75,299,2.555555556,1150,334,0.2991219746,75,93,16,0.8421052632,Aesop,Fabulae,"Passow, Karl","Eclogæ sive excerpta e variis scriptoribus græcis. In usum iuventutis antiquarum litterarum studiosae disposuit et notis instruxit, Carolus Pasow. Pars prior, quae continet scriptores orationis pedestris.",https://babel.hathitrust.org/cgi/pt?id=hvd.32044085078103&seq=75
32044085108017,urn:cts:greekLit:tlg0014.tlg001,deu,16,0.6821229179,36,51,2.1875,977,195,0.1989330433,36,51,16,1,Demosthenes,Olynthiac 1,Demosthenes,Ausgewählte Reden des Demosthenes.,https://babel.hathitrust.org/cgi/pt?id=hvd.32044085108017&seq=36
32044100860279,urn:cts:greekLit:tlg0031.tlg020,ell,16,0.6500345372,175,190,1.9375,789,175,0.2224425549,175,190,16,1,New Testament,Book of James,,"Novum Testamentum graece / ad antiquos testes denuo recensuit, apparatum criticum omni studio perfectum apposuit, commentationem isagogicam praetexuit",https://babel.hathitrust.org/cgi/pt?id=hvd.32044100860279&seq=175
32044100860279,urn:cts:greekLit:tlg0031.tlg023,ell,16,0.6066948472,219,236,2.5625,816,189,0.2360173298,219,236,16,0.8888888889,New Testament,First Letter of John,,"Novum Testamentum graece / ad antiquos testes denuo recensuit, apparatum criticum omni studio perfectum apposuit, commentationem isagogicam praetexuit",https://babel.hathitrust.org/cgi/pt?id=hvd.32044100860279&seq=219
32044085249068,urn:cts:latinLit:phi0588.abo010,lat,16,0.6282200842,180,195,3.25,1037,202,0.1917447323,180,195,16,1,"Nepos, Cornelius",Dion,"Nepos, Cornelius","Cornelius Nepos ex libris scriptis editisque recensitus,",https://babel.hathitrust.org/cgi/pt?id=hvd.32044085249068&seq=180
AH5ICV,urn:cts:greekLit:tlg0031.tlg020,ell,16,0.6216296783,1175,1190,2.25,787,173,0.2180139251,1175,1190,16,1,New Testament,Book of James,,"Novum Testamentum graece / ad antiquos testes denuo recensuit, apparatum criticum omni studio perfectum apposuit, commentationem isagogicam praetexuit",https://babel.hathitrust.org/cgi/pt?id=hvd.ah5icv&seq=1175
HN26V9,urn:cts:greekLit:tlg0540.tlg030,deu,16,0.6421717765,246,262,5,1197,245,0.2050282106,246,262,16,0.9411764706,Lysias,Against Nicomachus,Lysias.,"Ausgewählte Reden des Lysias,",https://babel.hathitrust.org/cgi/pt?id=hvd.hn26v9&seq=246
32044097055107,urn:cts:latinLit:phi0588.abo007,eng,17,0.6969571152,152,282,2.294117647,1087,273,0.2685677997,152,167,16,1,"Nepos, Cornelius",Alcibiades,,"Selections from Latin classic authors : Phaedrus, Justin, Nepos",https://babel.hathitrust.org/cgi/pt?id=hvd.32044097055107&seq=152
32044015471220,urn:cts:latinLit:stoa0104p.stoa009,lat,16,0.6050067017,474,490,20.1875,2504,677,0.2836676995,474,490,16,0.9411764706,Pseudo-Cyprian,De Pascha Computus,,"Patrologiae cursus completus, sive biblioteca universalis, integra, uniformis, commoda, oeconomica, omnium SS. Patrum, doctorum scriptorumque eccelesiasticorum qui ab aevo apostolico ad usque Innocentii III tempora floruerunt ... [Series Latina, in qua prodeunt Patres, doctores scriptoresque Ecclesiae Latinae, a Tertulliano ad Innocentium III]",https://babel.hathitrust.org/cgi/pt?id=hvd.32044015471220&seq=474
HN1XDG,urn:cts:latinLit:phi0588.abo007,eng,16,0.7325293507,150,165,2.125,993,273,0.2854747055,150,165,16,1,"Nepos, Cornelius",Alcibiades,"Gardner, Francis","Selection from Latin classic authors: Phaedrus, Justin, Nepos.",https://babel.hathitrust.org/cgi/pt?id=hvd.hn1xdg&seq=150
HXQ2XM,urn:cts:greekLit:tlg0007.tlg114,ell,16,0.6363198264,103,118,3.6875,782,232,0.2981052996,103,118,16,1,Plutarch,Amatoriae Narrationes,Plutarch.,"Ploutarchou tou Chairōneōs Ta ēthika = Plutarchi Chaeronensis Moralia, id est Opera, exceptis vitis, reliqua",https://babel.hathitrust.org/cgi/pt?id=hvd.hxq2xm&seq=103
HXJH8V,urn:cts:greekLit:tlg1389.tlg001,ell,21,1,37,145,0,927,21,0.02280083683,95,145,16,0.3137254902,Harpocration,Lexicon in decem oratores Atticos,"Bekker, Immanuel",Oratores attica,https://babel.hathitrust.org/cgi/pt?id=hvd.hxjh8v&seq=95
HN25FY,urn:cts:greekLit:tlg0014.tlg003,ell,16,0.6428777235,74,92,3.25,1188,245,0.2165310072,74,92,16,0.8421052632,Demosthenes,Third Olynthiac,Demosthenes,Ausgewählte reden des Demosthenes,https://babel.hathitrust.org/cgi/pt?id=hvd.hn25fy&seq=74
HN25FY,urn:cts:greekLit:tlg0014.tlg002,ell,16,0.6399112572,58,73,3.3125,1168,247,0.2229711579,58,73,16,1,Demosthenes,Olynthiac 2,Demosthenes,Ausgewählte reden des Demosthenes,https://babel.hathitrust.org/cgi/pt?id=hvd.hn25fy&seq=58
HXJA7W,urn:cts:greekLit:tlg0032.tlg005,lat,17,0.6235008501,294,376,4.705882353,1332,258,0.2037988356,294,309,16,1,Xenophon,Apology,Xenophon.,"Xenophōntos ta sōzomena. Xenophontis quae extant,",https://babel.hathitrust.org/cgi/pt?id=hvd.hxja7w&seq=294
AH3ZD4,urn:cts:greekLit:tlg0031.tlg019,lat,17,0.6522347467,30,160,4.294117647,2588,432,0.1622044656,144,160,16,0.9411764706,New Testament,To the Hebrews,,Italafragmente der Paulinischen Briefe : nebst Bruchstücken einer vorhieronymianischen Übersetzung des ersten Iohannes-briefes : aus Pergamentblättern der ehemaligen Freisinger Stiftsbibliothek zum ersten Male veröffentlicht und kritisch beleuchtet,https://babel.hathitrust.org/cgi/pt?id=hvd.ah3zd4&seq=144
HXJVTD,urn:cts:greekLit:tlg0014.tlg006,fra,16,0.6654925913,280,295,3.375,1221,230,0.1945408989,280,295,16,1,Demosthenes,Second Philippic,Demosthenes.,"Les harangues de Démosthène : texte grec publié d'après les travaux les plus récents de la philologie, avec un commentaire critique et explicatif, une introduction générale et des notices sur chaque discours",https://babel.hathitrust.org/cgi/pt?id=hvd.hxjvtd&seq=280
HNATCR,urn:cts:greekLit:tlg0014.tlg006,fra,16,0.6563809429,280,295,3.5,1211,232,0.1982301198,280,295,16,1,Demosthenes,Second Philippic,Demosthenes.,"Les harangues de Démosthène : texte grec publié d'après les travaux les plus récents de la philologie, avec un commentaire critique et explicatif, une introduction générale et des notices sur chaque discours",https://babel.hathitrust.org/cgi/pt?id=hvd.hnatcr&seq=280
32044102854809,urn:cts:greekLit:tlg0540.tlg031,eng,16,0.6330957722,198,213,3.25,1033,221,0.2160489544,198,213,16,1,Lysias,"Against Philon, On his Scrutiny",Lysias.,"Eight orations of Lysias,",https://babel.hathitrust.org/cgi/pt?id=hvd.32044102854809&seq=198
HXJ98B,urn:cts:greekLit:tlg2200.tlg00440,ell,16,0.6164122472,370,385,3.75,992,290,0.2971269407,370,385,16,1,Libanius,Oratio 40,Libanius.,Libanii Sophistae orationes et declamationes. Ad fidem codicum mspt. recensuit et perpetua adnotatione illustravit Io. Iacobus Reiske.,https://babel.hathitrust.org/cgi/pt?id=hvd.hxj98b&seq=370
32044100860311,urn:cts:greekLit:tlg0031.tlg023,ell,15,0.6560576152,258,272,2.6,773,184,0.2377540733,258,272,15,1,New Testament,First Letter of John,,Novum Testamentum Graece et Latine,https://babel.hathitrust.org/cgi/pt?id=hvd.32044100860311&seq=258
HXJVBB,urn:cts:greekLit:tlg0540.tlg025,deu,15,0.6470089103,118,132,5.133333333,1131,260,0.2291909905,118,132,15,1,Lysias,Defense Against a Charge of Subverting the Democracy,Lysias.,Ausgewählte reden des Lysias,https://babel.hathitrust.org/cgi/pt?id=hvd.hxjvbb&seq=118
HN1S61,urn:cts:latinLit:phi0588.abo002,eng,15,0.7172589591,133,147,2.2,957,234,0.2460655036,133,147,15,1,"Nepos, Cornelius",Themistocles,,"Selections from Latin classic authors : Phaedrus, Justin, Nepos",https://babel.hathitrust.org/cgi/pt?id=hvd.hn1s61&seq=133
32044085209062,urn:cts:latinLit:phi0917.phi001,lat,15,0.7027183482,21,35,2.266666667,757,181,0.2403841062,21,35,15,1,Lucan,Civil War,"Hosius, Carl",De imitatione scriptorum Romanorum imprimis Lucani,https://babel.hathitrust.org/cgi/pt?id=hvd.32044085209062&seq=21
32044098638950,urn:cts:latinLit:phi0588.abo010,lat,15,0.644622775,178,192,2.866666667,804,201,0.2515595414,178,192,15,1,"Nepos, Cornelius",Dion,,"Scriptores latini in usum Delphini, cum notis variorum variis lectionibus, conspectu codicum et editionum et indicibus locupletissimus accurate recensiti.",https://babel.hathitrust.org/cgi/pt?id=hvd.32044098638950&seq=178
HW2M4W,urn:cts:latinLit:phi0474.phi016,lat,15,0.6785285589,182,196,4.6,1351,333,0.2494172221,182,196,15,1,"Cicero, Marcus Tullius",Pro Archia Poeta,"Cicero, Marcus Tullius.","M.T. Ciceronis orationes quædam selectæ, in usam Delphini : cum interpretatione et variantibus aliquot per singulas orationes lectionibus, quibus praefigitur vita Ciceronis per annos consulares digesta",https://babel.hathitrust.org/cgi/pt?id=hvd.hw2m4w&seq=182
HXG94E,urn:cts:latinLit:stoa0171.stoa010,ell,15,0.8333333333,9,35,0.3333333333,568,15,0.02712297779,9,35,15,0.5555555556,Lactantius,Fragmenta,Aristophanes.,"Comoediae emendatae a Philippo Invernizio. Accedunt criticae animadversiones, scholia Græca, indices, et virorum doctorum annotationes.",https://babel.hathitrust.org/cgi/pt?id=hvd.hxg94e&seq=9
32044054539382,urn:cts:latinLit:phi0474.phi018,eng,15,0.7740497993,344,358,1.866666667,1199,298,0.2621672146,344,358,15,1,"Cicero, Marcus Tullius",Cum populo gratias egit,"Cicero, Marcus Tullius.","M. Tullii Ciceronis orationes,",https://babel.hathitrust.org/cgi/pt?id=hvd.32044054539382&seq=344
HNATCQ,urn:cts:greekLit:tlg0014.tlg001,fra,15,0.6875666262,175,189,2.2,1115,200,0.1809056642,175,189,15,1,Demosthenes,Olynthiac 1,Demosthenes.,"Les harangues de Démosthène : texte grec, publié -- avec un commentaire critique et explicatif, une introduction générale et des notices sur chaque discours",https://babel.hathitrust.org/cgi/pt?id=hvd.hnatcq&seq=175
HNATCQ,urn:cts:greekLit:tlg0014.tlg017,fra,15,0.8075654769,528,542,1,1074,214,0.2026024146,528,542,15,1,Demosthenes,On the Treaty with Alexander,Demosthenes.,"Les harangues de Démosthène : texte grec, publié -- avec un commentaire critique et explicatif, une introduction générale et des notices sur chaque discours",https://babel.hathitrust.org/cgi/pt?id=hvd.hnatcq&seq=528
HNATCQ,urn:cts:greekLit:tlg0014.tlg015,fra,16,0.748117206,112,130,4.25,1091,254,0.2335824376,116,130,15,1,Demosthenes,For the Liberty of the Rhodians,Demosthenes.,"Les harangues de Démosthène : texte grec, publié -- avec un commentaire critique et explicatif, une introduction générale et des notices sur chaque discours",https://babel.hathitrust.org/cgi/pt?id=hvd.hnatcq&seq=116
HW2M5O,urn:cts:latinLit:phi0474.phi032,lat,15,0.6696795031,394,408,2.6,1079,293,0.296356769,394,408,15,1,"Cicero, Marcus Tullius",Pro M. Marcello,"Cicero, Marcus Tullius.","[M.T. Ciceronis] Orationes, quaedam selectae,",https://babel.hathitrust.org/cgi/pt?id=hvd.hw2m5o&seq=394
32044085180917,urn:cts:latinLit:phi1345.phi001,eng,15,0.6548673573,377,391,4.666666667,1104,269,0.2449473336,377,391,15,1,"Silius Italicus, Tiberius Catius",Punica,"Pinder, North",Selections from the less known latin poets,https://babel.hathitrust.org/cgi/pt?id=hvd.32044085180917&seq=377
32044097055230,urn:cts:latinLit:phi0588.abo002,eng,15,0.7232952019,131,145,2.066666667,953,233,0.2460579306,131,145,15,1,"Nepos, Cornelius",Themistocles,,"Selections from Latin classic authors. Pha︠e︡drus, Justin, Nepos.",https://babel.hathitrust.org/cgi/pt?id=hvd.32044097055230&seq=131
HXIIYT,urn:cts:greekLit:tlg1347.tlg004,deu,15,0.9777777778,405,433,0,541,17,0.03134516883,405,433,15,0.5172413793,Epimenides,Fragmenta,,Neue Bibliothek der schönen Wissenschaften und der freyen Künste.,https://babel.hathitrust.org/cgi/pt?id=hvd.hxiiyt&seq=405
HXQ4LI,urn:cts:latinLit:phi1348.abo021,lat,17,0.6688602225,405,630,2.352941176,1180,214,0.1944594979,408,422,15,1,Suetonius,Divus Titus,Suetonius,"C. Suetonii Tranquilli Duodecim Caesares, et minora quae supersunt opera; Baumgartenii-crusii commentario",https://babel.hathitrust.org/cgi/pt?id=hvd.hxq4li&seq=408
HNJXEV,urn:cts:latinLit:phi0474.phi018,eng,15,0.7682366533,346,360,1.933333333,1203,298,0.2616642971,346,360,15,1,"Cicero, Marcus Tullius",Cum populo gratias egit,"Cicero, Marcus Tullius.","M. Tullii Ciceronis orationes,",https://babel.hathitrust.org/cgi/pt?id=hvd.hnjxev&seq=346
HW2L64,urn:cts:latinLit:phi0474.phi032,lat,15,0.6562690217,390,404,3.2,1098,300,0.2963871109,390,404,15,1,"Cicero, Marcus Tullius",Pro M. Marcello,"Cicero, Marcus Tullius.",M.T. Ciceronis Orationes quædam selectæ,https://babel.hathitrust.org/cgi/pt?id=hvd.hw2l64&seq=390
HW2K6I,urn:cts:greekLit:tlg0032.tlg005,lat,15,0.6697504395,262,276,3.066666667,1035,281,0.2808529529,262,276,15,1,Xenophon,Apology,Xenophon.,Xenophōntos Apomnēmoneumatōn biblia tessara = Commentarii dictorum factorumque Socratis ad defendendum eum scripti a Xenophonte libris IV : cum Apologia Socratis,https://babel.hathitrust.org/cgi/pt?id=hvd.hw2k6i&seq=262
HW2K1H,urn:cts:greekLit:tlg0032.tlg005,lat,15,0.6701638067,255,269,2.733333333,954,245,0.2679353944,255,269,15,1,Xenophon,Apology,Xenophon.,Xenophontis quae extant ex librorum scriptorum fide et virorum doctorum conjecturis,https://babel.hathitrust.org/cgi/pt?id=hvd.hw2k1h&seq=255
HW2IVS,urn:cts:greekLit:tlg0014.tlg005,ell,15,0.6337135915,129,143,4.666666667,833,192,0.2340094438,129,143,15,1,Demosthenes,On the Peace,Demosthenes.,Orationes philippicae novem,https://babel.hathitrust.org/cgi/pt?id=hvd.hw2ivs&seq=129
32044097719777,urn:cts:latinLit:stoa0040.stoa041,lat,16,0.7192234848,14,129,8.625,1646,16,0.0101283537,115,129,15,1,Augustine,De Fide et Operibus,"Gury, Jean Pierre",Casus conscientiae in praecipuas quaestiones theologiae moralis,https://babel.hathitrust.org/cgi/pt?id=hvd.32044097719777&seq=115
HNJXEW,urn:cts:latinLit:phi0474.phi032,eng,15,0.7564153575,405,419,2.2,1150,297,0.2680213295,405,419,15,1,"Cicero, Marcus Tullius",Pro M. Marcello,"Cicero, Marcus Tullius.","M. Tullii Ciceronis orationes,",https://babel.hathitrust.org/cgi/pt?id=hvd.hnjxew&seq=405
32044021090675,urn:cts:greekLit:tlg0081.tlg012,lat,15,0.6066666667,84,226,1.2,501,45,0.08989156269,84,226,15,0.1048951049,Dionysius of Halicarnassus,De Compositione Verborum,Rhianus.,Quae supersunt.,https://babel.hathitrust.org/cgi/pt?id=hvd.32044021090675&seq=84
HN2I93,urn:cts:latinLit:phi0588.abo010,lat,16,0.6150119273,122,385,7.875,876,230,0.2738776821,122,136,15,1,"Nepos, Cornelius",Dion,"Nepos, Cornelius.","Cornelius Nepos, ex optimarum editionum recensione et cum selectis variorum interpretum notis;",https://babel.hathitrust.org/cgi/pt?id=hvd.hn2i93&seq=122
HN2I93,urn:cts:latinLit:phi0588.abo001,lat,15,0.6741540159,31,45,3.333333333,825,206,0.2551451455,31,45,15,1,"Nepos, Cornelius",Miltiades,"Nepos, Cornelius.","Cornelius Nepos, ex optimarum editionum recensione et cum selectis variorum interpretum notis;",https://babel.hathitrust.org/cgi/pt?id=hvd.hn2i93&seq=31
32044100860279,urn:cts:greekLit:tlg0031.tlg021,ell,15,0.6141579178,191,207,2.266666667,774,157,0.2031510181,191,207,15,0.8823529412,New Testament,First Letter of Peter,,"Novum Testamentum graece / ad antiquos testes denuo recensuit, apparatum criticum omni studio perfectum apposuit, commentationem isagogicam praetexuit",https://babel.hathitrust.org/cgi/pt?id=hvd.32044100860279&seq=191
32044100860279,urn:cts:greekLit:tlg0031.tlg015,ell,15,0.6617606915,524,539,2.266666667,698,179,0.2599197869,524,539,15,0.9375,New Testament,First Epistle to Timothy,,"Novum Testamentum graece / ad antiquos testes denuo recensuit, apparatum criticum omni studio perfectum apposuit, commentationem isagogicam praetexuit",https://babel.hathitrust.org/cgi/pt?id=hvd.32044100860279&seq=524
HW2J4O,urn:cts:greekLit:tlg0014.tlg002,ell,15,0.6082012092,55,69,4.2,1142,249,0.2279632671,55,69,15,1,Demosthenes,Olynthiac 2,Demosthenes.,Ausgewählte reden des Demosthenes.,https://babel.hathitrust.org/cgi/pt?id=hvd.hw2j4o&seq=55
HW2J4O,urn:cts:greekLit:tlg0014.tlg006,ell,15,0.6291835908,133,147,3.8,1200,243,0.2139336216,133,147,15,1,Demosthenes,Second Philippic,Demosthenes.,Ausgewählte reden des Demosthenes.,https://babel.hathitrust.org/cgi/pt?id=hvd.hw2j4o&seq=133
32044054990528,urn:cts:greekLit:tlg1220.tlg001,ell,15,0.6807792997,161,175,1.933333333,1098,275,0.2557044789,161,175,15,1,Batrachomyomachia,Batrachomyomachia,Homer.,"Hymni, Epigrammata, Batrachomyomachia;",https://babel.hathitrust.org/cgi/pt?id=hvd.32044054990528&seq=161
AH5ICV,urn:cts:greekLit:tlg0031.tlg015,ell,15,0.6329554672,1522,1538,2.733333333,696,181,0.263359142,1522,1538,15,0.8823529412,New Testament,First Epistle to Timothy,,"Novum Testamentum graece / ad antiquos testes denuo recensuit, apparatum criticum omni studio perfectum apposuit, commentationem isagogicam praetexuit",https://babel.hathitrust.org/cgi/pt?id=hvd.ah5icv&seq=1522
HXKCHI,urn:cts:latinLit:stoa0089.stoa010,lat,15,0.6597005544,157,171,4,1022,234,0.2405670611,157,171,15,1,Claudian,Panegyricus de tertio consulatu Honorii Augusti,"Claudianus, Claudius.",Cl. Claudiani quae exstant varietate lectionis et perpetua adnotatione,https://babel.hathitrust.org/cgi/pt?id=hvd.hxkchi&seq=157
HXPP6N,urn:cts:greekLit:tlg0027.tlg003,ell,17,0.6377495228,385,463,8.352941176,1260,339,0.297281043,385,399,15,1,Andocides,On the Peace with Sparta,"Dobson, William Stephen",Oratores attici et quos sic vocant sophistae.,https://babel.hathitrust.org/cgi/pt?id=hvd.hxpp6n&seq=385
HN26V9,urn:cts:greekLit:tlg0540.tlg025,deu,15,0.666020834,118,132,4.733333333,1080,258,0.235702341,118,132,15,1,Lysias,Defense Against a Charge of Subverting the Democracy,Lysias.,"Ausgewählte Reden des Lysias,",https://babel.hathitrust.org/cgi/pt?id=hvd.hn26v9&seq=118
32044097055107,urn:cts:latinLit:phi0588.abo002,eng,15,0.7169109942,133,147,2.066666667,955,235,0.2482548964,133,147,15,1,"Nepos, Cornelius",Themistocles,,"Selections from Latin classic authors : Phaedrus, Justin, Nepos",https://babel.hathitrust.org/cgi/pt?id=hvd.32044097055107&seq=133
HN1XDG,urn:cts:latinLit:phi0588.abo002,eng,15,0.7256289783,131,145,2.066666667,953,232,0.2458849779,131,145,15,1,"Nepos, Cornelius",Themistocles,"Gardner, Francis","Selection from Latin classic authors: Phaedrus, Justin, Nepos.",https://babel.hathitrust.org/cgi/pt?id=hvd.hn1xdg&seq=131
32044085110005,urn:cts:greekLit:tlg0069.tlg001,lat,15,0.6758042894,52,67,4.333333333,696,150,0.2141245563,52,67,15,0.9375,"Dionysius, Calliphontis",Descriptio Graeciae,"Buttmann, August",Quaestiones de Dicaearcho eiusquae operibus quae inscribuntur bios hellados et anagrapho hellados.,https://babel.hathitrust.org/cgi/pt?id=hvd.32044085110005&seq=52
HW20TM,urn:cts:greekLit:tlg0062.tlg008,ell,15,0.7006558005,273,287,3.133333333,1194,324,0.2865030543,273,287,15,1,Lucian of Samosata,Demonax,Lucian,Ausgewählte Schriften des Lucian : Für den Schulgebrauch,https://babel.hathitrust.org/cgi/pt?id=hvd.hw20tm&seq=273
32044085181212,urn:cts:latinLit:phi0959.phi001,deu,15,0.7040341497,313,327,2.133333333,1242,245,0.1987933157,313,327,15,1,Ovid,Amores,"Schulze, K. P.","Römische Elegiker : eine Auswahl aus Catull, Tibull, Properz und Ovid, für den Schulgebrauch",https://babel.hathitrust.org/cgi/pt?id=hvd.32044085181212&seq=313
HXQ4JB,urn:cts:latinLit:phi0588.abo010,lat,16,0.6324894679,178,463,3.75,899,205,0.2394159775,178,192,15,1,"Nepos, Cornelius",Dion,"Nepos, Cornelius.",Vitae excellentium imperatorum.,https://babel.hathitrust.org/cgi/pt?id=hvd.hxq4jb&seq=178
AH6DT1,urn:cts:greekLit:tlg1264.tlg001,ell,17,0.9901960784,173,255,0,664,18,0.02705002175,173,235,15,0.2380952381,Chrysippus,Fragmenta Logica et Physica,Philo,Philonis Iudaei opera omnia graece et latine,https://babel.hathitrust.org/cgi/pt?id=hvd.ah6dt1&seq=173
32044099904351,urn:cts:latinLit:phi0914.phi001,lat,18,0.8527167277,121,853,0.5,865,20,0.02298768738,121,149,15,0.5172413793,Titus Livius (Livy),Ab urbe condita,,[Classical miscellany : Pamphlet vols.],https://babel.hathitrust.org/cgi/pt?id=hvd.32044099904351&seq=121
32044019276492,urn:cts:latinLit:stoa0104p.stoa008,lat,15,0.7562161983,113,127,2.066666667,1019,307,0.2978347678,113,127,15,1,Pseudo-Cyprian,"De montibus Sina et Sion, adversus Judaeos",,Corpus scriptorum ecclesiasticorum Latinorum.,https://babel.hathitrust.org/cgi/pt?id=hvd.32044019276492&seq=113
HWBH8D,urn:cts:latinLit:stoa0040.stoa041,lat,16,0.7192887931,14,129,7.625,1656,16,0.01014011993,115,129,15,1,Augustine,De Fide et Operibus,"Gury, Jean Pierre",Casus conscientiae in praecipuas quaestiones theologiae moralis,https://babel.hathitrust.org/cgi/pt?id=hvd.hwbh8d&seq=115
32044085110609,urn:cts:greekLit:tlg0007.tlg002,lat,15,0.7024152302,35,50,3,573,165,0.2917406687,35,50,15,0.9375,Plutarch,Romulus,"Willenborg, Heinrich Clemens.",De Diocle Pekarethio ejusque fragmentis deque Niebuhrio antiquissimam gentis Romanae memo riam e carminibus Manasse adfirmante. Commentatio philologica.,https://babel.hathitrust.org/cgi/pt?id=hvd.32044085110609&seq=35
32044031563224,urn:cts:greekLit:tlg0540.tlg030,fra,15,0.7315901035,110,124,1.866666667,740,205,0.2762899189,110,124,15,1,Lysias,Against Nicomachus,Lysias.,"Discours choisis avec une introduction, des notes, et un index des noms propres et des termes d'antiquités,",https://babel.hathitrust.org/cgi/pt?id=hvd.32044031563224&seq=110
HN25FY,urn:cts:greekLit:tlg0014.tlg006,ell,15,0.6480954787,136,150,3.533333333,1147,247,0.2210565653,136,150,15,1,Demosthenes,Second Philippic,Demosthenes,Ausgewählte reden des Demosthenes,https://babel.hathitrust.org/cgi/pt?id=hvd.hn25fy&seq=136
HXQ2XP,urn:cts:greekLit:tlg0007.tlg131,ell,15,0.6178429854,43,57,3.266666667,821,199,0.2436314782,43,57,15,1,Plutarch,De esu carnium I,Plutarch.,"Ploutarchou tou Chairōneōs Ta ēthika = Plutarchi Chaeronensis Moralia, id est Opera, exceptis vitis, reliqua",https://babel.hathitrust.org/cgi/pt?id=hvd.hxq2xp&seq=43
HN27SV,urn:cts:greekLit:tlg0032.tlg005,lat,15,0.6602885321,19,33,2.2,878,234,0.2646387147,19,33,15,1,Xenophon,Apology,Xenophon,Sōkratous apologia. Tou autou apomnēmoneumatōn biblia 4 ...,https://babel.hathitrust.org/cgi/pt?id=hvd.hn27sv&seq=19
32044018895185,urn:cts:latinLit:phi0588.abo002,eng,15,0.6942041079,49,63,2.333333333,827,227,0.2744255208,49,63,15,1,"Nepos, Cornelius",Themistocles,"Nepos, Cornelius.",Liber de excellentibus ducibus exterarum gentium.,https://babel.hathitrust.org/cgi/pt?id=hvd.32044018895185&seq=49
HXJVTD,urn:cts:greekLit:tlg0014.tlg001,fra,15,0.6948043865,177,191,2.133333333,1079,200,0.1874169583,177,191,15,1,Demosthenes,Olynthiac 1,Demosthenes.,"Les harangues de Démosthène : texte grec publié d'après les travaux les plus récents de la philologie, avec un commentaire critique et explicatif, une introduction générale et des notices sur chaque discours",https://babel.hathitrust.org/cgi/pt?id=hvd.hxjvtd&seq=177
HXJVTD,urn:cts:greekLit:tlg0014.tlg017,fra,15,0.7314131879,530,544,4.266666667,1134,216,0.1952958209,530,544,15,1,Demosthenes,On the Treaty with Alexander,Demosthenes.,"Les harangues de Démosthène : texte grec publié d'après les travaux les plus récents de la philologie, avec un commentaire critique et explicatif, une introduction générale et des notices sur chaque discours",https://babel.hathitrust.org/cgi/pt?id=hvd.hxjvtd&seq=530
HNATCR,urn:cts:greekLit:tlg0014.tlg001,fra,15,0.677719673,177,191,2.266666667,1098,200,0.184122996,177,191,15,1,Demosthenes,Olynthiac 1,Demosthenes.,"Les harangues de Démosthène : texte grec publié d'après les travaux les plus récents de la philologie, avec un commentaire critique et explicatif, une introduction générale et des notices sur chaque discours",https://babel.hathitrust.org/cgi/pt?id=hvd.hnatcr&seq=177
HNATCR,urn:cts:greekLit:tlg0014.tlg015,fra,16,0.7568255717,94,112,4.0625,1065,253,0.2401054304,98,112,15,1,Demosthenes,For the Liberty of the Rhodians,Demosthenes.,"Les harangues de Démosthène : texte grec publié d'après les travaux les plus récents de la philologie, avec un commentaire critique et explicatif, une introduction générale et des notices sur chaque discours",https://babel.hathitrust.org/cgi/pt?id=hvd.hnatcr&seq=98
HNATCR,urn:cts:greekLit:tlg0014.tlg017,fra,15,0.8105591611,530,544,1,1082,213,0.2003578346,530,544,15,1,Demosthenes,On the Treaty with Alexander,Demosthenes.,"Les harangues de Démosthène : texte grec publié d'après les travaux les plus récents de la philologie, avec un commentaire critique et explicatif, une introduction générale et des notices sur chaque discours",https://babel.hathitrust.org/cgi/pt?id=hvd.hnatcr&seq=530
HN24ZL,urn:cts:greekLit:tlg0540.tlg025,deu,15,0.6720870067,120,134,4.466666667,1052,260,0.250604136,120,134,15,1,Lysias,Defense Against a Charge of Subverting the Democracy,Lysias.,Ausgewählte reden des Lysias.,https://babel.hathitrust.org/cgi/pt?id=hvd.hn24zl&seq=120
HN1ZD6,urn:cts:latinLit:phi0474.phi032,lat,15,0.6573210349,394,408,2.733333333,1048,274,0.27844011,394,408,15,1,"Cicero, Marcus Tullius",Pro M. Marcello,"Cicero, Marcus Tullius.",[Orationes quaedam selectae cum interpretatione et notis quas in usum Delphini editit Carolus Merouille. Quibus praefigitur vita Ciceronis. Accesserunt Dialogi de Senectute & de Amicitia.,https://babel.hathitrust.org/cgi/pt?id=hvd.hn1zd6&seq=394
HXJVRX,urn:cts:greekLit:tlg0014.tlg003,eng,16,0.6032159106,100,122,3.8125,1256,257,0.2340856091,100,115,15,0.9375,Demosthenes,Third Olynthiac,Demosthenes.,"Demosthenes,",https://babel.hathitrust.org/cgi/pt?id=hvd.hxjvrx&seq=100
32044100860311,urn:cts:greekLit:tlg0031.tlg021,ell,14,0.650173278,235,248,2.5,718,170,0.2378032916,235,248,14,1,New Testament,First Letter of Peter,,Novum Testamentum Graece et Latine,https://babel.hathitrust.org/cgi/pt?id=hvd.32044100860311&seq=235
HXJVBB,urn:cts:greekLit:tlg0540.tlg007,deu,15,0.6666155456,178,239,3.066666667,1142,252,0.2274450549,226,239,14,1,Lysias,On the Olive Stump,Lysias.,Ausgewählte reden des Lysias,https://babel.hathitrust.org/cgi/pt?id=hvd.hxjvbb&seq=226
HN1S61,urn:cts:latinLit:phi0588.abo001,eng,14,0.6833788537,119,132,2.214285714,924,186,0.2090758923,119,132,14,1,"Nepos, Cornelius",Miltiades,,"Selections from Latin classic authors : Phaedrus, Justin, Nepos",https://babel.hathitrust.org/cgi/pt?id=hvd.hn1s61&seq=119
32044085078764,urn:cts:greekLit:tlg0007.tlg004,ell,14,0.6989449273,19,32,3.142857143,1073,299,0.2812382357,19,32,14,1,Plutarch,Lycurgus,"Herbst, Wilhelm","Quellenbuch zur alten Geschichte für obere Gymnasialklassen. Griechische Geschichte. I., II. Heft.",https://babel.hathitrust.org/cgi/pt?id=hvd.32044085078764&seq=19
HXJ98A,urn:cts:greekLit:tlg2200.tlg00410,ell,14,0.6103208036,307,320,4.071428571,883,246,0.292856086,307,320,14,1,Libanius,Oratio 10,Libanius.,Libanii Sophistae orationes et declamationes. Ad fidem codicum mspt. recensuit et perpetua adnotatione illustravit Io. Iacobus Reiske.,https://babel.hathitrust.org/cgi/pt?id=hvd.hxj98a&seq=307
32044020164240,urn:cts:greekLit:tlg0014.tlg005,deu,15,0.6189626549,203,351,3.333333333,1300,169,0.1277187148,203,216,14,1,Demosthenes,On the Peace,Demosthenes,Neun philippische reden erklärt von C. Rehdantz.,https://babel.hathitrust.org/cgi/pt?id=hvd.32044020164240&seq=203
HNATCQ,urn:cts:greekLit:tlg0014.tlg016,fra,14,0.6983142369,95,108,2.928571429,915,214,0.2294623141,95,108,14,1,Demosthenes,For the People of Megalopolis,Demosthenes.,"Les harangues de Démosthène : texte grec, publié -- avec un commentaire critique et explicatif, une introduction générale et des notices sur chaque discours",https://babel.hathitrust.org/cgi/pt?id=hvd.hnatcq&seq=95
32044085212231,urn:cts:latinLit:phi0588.abo018,deu,14,0.7564504684,134,147,2.071428571,1132,259,0.2307394223,134,147,14,1,"Nepos, Cornelius",Eumenes,"Nepos, Cornelius.",Cornelius Nepos. Für schüler mit erläuternden und eine richtige übersetzung fördernden anmerkungen verschen von Johannes Siebelis.,https://babel.hathitrust.org/cgi/pt?id=hvd.32044085212231&seq=134
32044081700510,urn:cts:greekLit:tlg2768.tlg001,lat,14,0.6131560038,386,399,2.642857143,669,198,0.2878581388,386,399,14,1,Gelasius,Historia Ecclesiastica,"Routh, Martin Joseph",Scriptorum ecclesiasticorum opuscula praecipua quaedam.,https://babel.hathitrust.org/cgi/pt?id=hvd.32044081700510&seq=386
32044085180917,urn:cts:latinLit:phi1035.phi001,eng,15,0.625924007,359,562,3.333333333,1132,236,0.2098232956,359,372,14,1,"Valerius Flaccus, Gaius",Argonautica,"Pinder, North",Selections from the less known latin poets,https://babel.hathitrust.org/cgi/pt?id=hvd.32044085180917&seq=359
32044097055230,urn:cts:latinLit:phi0588.abo001,eng,14,0.6902245887,117,130,2.142857143,920,187,0.2096181543,117,130,14,1,"Nepos, Cornelius",Miltiades,,"Selections from Latin classic authors. Pha︠e︡drus, Justin, Nepos.",https://babel.hathitrust.org/cgi/pt?id=hvd.32044097055230&seq=117
32044069760742,urn:cts:greekLit:tlg0031.tlg015,ell,14,0.6639040524,524,538,2.285714286,677,176,0.2616635917,524,538,14,0.9333333333,New Testament,First Epistle to Timothy,,"Novum Testamentum graece / ad antiquos testes denuo recensuit, apparatum criticum omni studio perfectum apposuit, commentationem isagogicam praetexuit",https://babel.hathitrust.org/cgi/pt?id=hvd.32044069760742&seq=524
32044069760742,urn:cts:greekLit:tlg0031.tlg011,ell,14,0.673704347,473,486,2.142857143,707,166,0.2343714029,473,486,14,1,New Testament,Letter to the Philippians,,"Novum Testamentum graece / ad antiquos testes denuo recensuit, apparatum criticum omni studio perfectum apposuit, commentationem isagogicam praetexuit",https://babel.hathitrust.org/cgi/pt?id=hvd.32044069760742&seq=473
32044085138683,urn:cts:greekLit:tlg0540.tlg016,deu,15,0.6624794907,470,620,3.8,1388,148,0.1048923988,470,483,14,1,Lysias,Before the Council: In Defense of Mantitheus at His Scrutiny,Lysias.,Für den Schulgebrauch erklärt von Hermann.,https://babel.hathitrust.org/cgi/pt?id=hvd.32044085138683&seq=470
HXJUBU,urn:cts:greekLit:tlg0007.tlg004,ell,14,0.6636088448,21,34,4.142857143,1122,304,0.2714054668,21,34,14,1,Plutarch,Lycurgus,,"Quellenbuch zur alten Geschichte, für obere Gymnasialklassen.",https://babel.hathitrust.org/cgi/pt?id=hvd.hxjubu&seq=21
HW2IVW,urn:cts:greekLit:tlg0014.tlg005,ell,14,0.6117034655,139,152,3.071428571,1079,177,0.1624821484,139,152,14,1,Demosthenes,On the Peace,Demosthenes.,Ausgewählte reden des Demosthenes,https://babel.hathitrust.org/cgi/pt?id=hvd.hw2ivw&seq=139
32044085108199,urn:cts:greekLit:tlg0014.tlg006,ell,14,0.6494810847,203,216,3.214285714,876,243,0.2982592627,203,216,14,1,Demosthenes,Second Philippic,Demosthenes,Discours sur la couronne.,https://babel.hathitrust.org/cgi/pt?id=hvd.32044085108199&seq=203
HXJFDQ,urn:cts:greekLit:tlg0032.tlg005,lat,14,0.6051463792,239,252,4,1177,242,0.2102954421,239,252,14,1,Xenophon,Apology,Xenophon.,Xenophōntos Apomnēmoneumata = Xenophontis Memorabilia Socratis ; cum Apologia Socratis : eidem auctori vulgo adscripta,https://babel.hathitrust.org/cgi/pt?id=hvd.hxjfdq&seq=239
HN25DW,urn:cts:greekLit:tlg0014.tlg005,ell,14,0.6206682702,135,148,2.928571429,1108,179,0.160469999,135,148,14,1,Demosthenes,On the Peace,Demosthenes,"Ausgewæhlte Reden des Demosthenes,",https://babel.hathitrust.org/cgi/pt?id=hvd.hn25dw&seq=135
32044085137016,urn:cts:greekLit:tlg0062.tlg020,ell,14,0.7427856824,73,86,2.357142857,1087,271,0.2535800471,73,86,14,1,Lucian of Samosata,Prometheus,Lucian,Ausgewählte schriften.,https://babel.hathitrust.org/cgi/pt?id=hvd.32044085137016&seq=73
HNSSVC,urn:cts:latinLit:stoa0040.stoa033a,lat,22,0.69493329,124,658,6.954545455,920,48,0.05357297903,311,345,14,0.4,Augustine,De Baptismo,"Billot, Louis","Tractatus de Ecclesia Christi, sive, Continuatio theologiae de Verbo Incarnato",https://babel.hathitrust.org/cgi/pt?id=hvd.hnssvc&seq=311
32044055075626,urn:cts:latinLit:stoa0275.stoa027,lat,16,0.619679673,360,492,3.3125,796,235,0.2945926161,360,373,14,1,Tertullian,De Spectaculis,Suetonius,C. Svetoni Tranqvilli praeter Caesarvm libros reliqviae,https://babel.hathitrust.org/cgi/pt?id=hvd.32044055075626&seq=360
HN221T,urn:cts:latinLit:phi0588.abo023,deu,14,0.7198219096,196,209,2.357142857,1043,237,0.2333907661,196,209,14,1,"Nepos, Cornelius",Hannibal,"Nepos, Cornelius.",Cornelius Nepos,https://babel.hathitrust.org/cgi/pt?id=hvd.hn221t&seq=196
HN221T,urn:cts:latinLit:phi0588.abo002,deu,14,0.7034944553,62,75,2.071428571,1148,202,0.1798873898,62,75,14,1,"Nepos, Cornelius",Themistocles,"Nepos, Cornelius.",Cornelius Nepos,https://babel.hathitrust.org/cgi/pt?id=hvd.hn221t&seq=62
HN221T,urn:cts:latinLit:phi0588.abo018,deu,14,0.735507267,167,180,2.214285714,1021,278,0.2777131192,167,180,14,1,"Nepos, Cornelius",Eumenes,"Nepos, Cornelius.",Cornelius Nepos,https://babel.hathitrust.org/cgi/pt?id=hvd.hn221t&seq=167
HX5Y7E,urn:cts:latinLit:phi0474.phi055,lat,19,0.6813423836,560,1362,5.684210526,768,20,0.02608973855,1070,1109,14,0.35,"Cicero, Marcus Tullius",De Officiis,"Heineccius, Jo[hann] Gottl[ieb]","Elementa iuris Germanici tum veteris, tum quod hodie in ipsis obtinet rerum argumentis.",https://babel.hathitrust.org/cgi/pt?id=hvd.hx5y7e&seq=1070
AH5ICV,urn:cts:greekLit:tlg0031.tlg011,ell,14,0.6619836166,1471,1484,2.357142857,680,167,0.246914195,1471,1484,14,1,New Testament,Letter to the Philippians,,"Novum Testamentum graece / ad antiquos testes denuo recensuit, apparatum criticum omni studio perfectum apposuit, commentationem isagogicam praetexuit",https://babel.hathitrust.org/cgi/pt?id=hvd.ah5icv&seq=1471
HN274Q,urn:cts:latinLit:phi0959.phi001,deu,14,0.7144327022,237,250,2.357142857,1131,252,0.2235171265,237,250,14,1,Ovid,Amores,"Schulze, K. P.","Römische elegiker : eine auswahl Catull, Tibull, Properz und Ovid, für den schulgebrauch",https://babel.hathitrust.org/cgi/pt?id=hvd.hn274q&seq=237
HN26V9,urn:cts:greekLit:tlg0540.tlg007,deu,15,0.6553951338,175,233,3.266666667,1103,253,0.235183231,220,233,14,1,Lysias,On the Olive Stump,Lysias.,"Ausgewählte Reden des Lysias,",https://babel.hathitrust.org/cgi/pt?id=hvd.hn26v9&seq=220
32044097055107,urn:cts:latinLit:phi0588.abo001,eng,14,0.6838633095,119,132,2.285714286,927,188,0.2082704683,119,132,14,1,"Nepos, Cornelius",Miltiades,,"Selections from Latin classic authors : Phaedrus, Justin, Nepos",https://babel.hathitrust.org/cgi/pt?id=hvd.32044097055107&seq=119
HN1XDG,urn:cts:latinLit:phi0588.abo001,eng,14,0.6716522397,117,130,2.357142857,925,187,0.2096441765,117,130,14,1,"Nepos, Cornelius",Miltiades,"Gardner, Francis","Selection from Latin classic authors: Phaedrus, Justin, Nepos.",https://babel.hathitrust.org/cgi/pt?id=hvd.hn1xdg&seq=117
HW20TM,urn:cts:greekLit:tlg0062.tlg020,ell,14,0.7154474934,70,83,2.928571429,1186,268,0.2352800573,70,83,14,1,Lucian of Samosata,Prometheus,Lucian,Ausgewählte Schriften des Lucian : Für den Schulgebrauch,https://babel.hathitrust.org/cgi/pt?id=hvd.hw20tm&seq=70
HN663U,urn:cts:latinLit:stoa0238.stoa006,lat,14,0.9314285714,568,641,1.714285714,495,14,0.02836425209,568,641,14,0.1891891892,Prudentius,Hamartigenia,"Thomasius, Christian","Christiani Thomasii ... Liber de remedio amoris irratationalis, et praevia necessaria notitia sui sive, Praxis philosophiae moralis cum appendice ...",https://babel.hathitrust.org/cgi/pt?id=hvd.hn663u&seq=568
AH3W1J,urn:cts:latinLit:stoa0275.stoa028,lat,14,0.6864088526,437,450,2.857142857,1058,248,0.249311828,437,450,14,1,Tertullian,De Testimionio Animae,Tertullian,Quae supersunt omnia.,https://babel.hathitrust.org/cgi/pt?id=hvd.ah3w1j&seq=437
HXJVJS,urn:cts:latinLit:phi0588.abo023,deu,14,0.7164001666,198,211,2.285714286,1038,238,0.2360857756,198,211,14,1,"Nepos, Cornelius",Hannibal,"Nepos, Cornelius.",Cornelius Nepos,https://babel.hathitrust.org/cgi/pt?id=hvd.hxjvjs&seq=198
HXJVJS,urn:cts:latinLit:phi0588.abo002,deu,14,0.7076188453,64,77,2,1149,202,0.1800555833,64,77,14,1,"Nepos, Cornelius",Themistocles,"Nepos, Cornelius.",Cornelius Nepos,https://babel.hathitrust.org/cgi/pt?id=hvd.hxjvjs&seq=64
HXJVJS,urn:cts:latinLit:phi0588.abo018,deu,14,0.6931752973,169,182,2.5,1026,275,0.2737968826,169,182,14,1,"Nepos, Cornelius",Eumenes,"Nepos, Cornelius.",Cornelius Nepos,https://babel.hathitrust.org/cgi/pt?id=hvd.hxjvjs&seq=169
HXQ2XM,urn:cts:greekLit:tlg0007.tlg116,ell,14,0.6730827086,137,150,2.428571429,674,204,0.2969348844,137,150,14,1,Plutarch,Ad principem ineruditum,Plutarch.,"Ploutarchou tou Chairōneōs Ta ēthika = Plutarchi Chaeronensis Moralia, id est Opera, exceptis vitis, reliqua",https://babel.hathitrust.org/cgi/pt?id=hvd.hxq2xm&seq=137
HW2JEI,urn:cts:latinLit:phi0620.phi001,deu,14,0.6387631151,259,272,2.642857143,1195,188,0.1585223724,259,272,14,1,"Propertius, Sextus",Elegiae,"Peters, Karl",Anthologie aus den römischen Elegikern.,https://babel.hathitrust.org/cgi/pt?id=hvd.hw2jei&seq=259
HN25FY,urn:cts:greekLit:tlg0014.tlg001,ell,14,0.6398493291,44,57,3.285714286,1026,221,0.2154456312,44,57,14,1,Demosthenes,Olynthiac 1,Demosthenes,Ausgewählte reden des Demosthenes,https://babel.hathitrust.org/cgi/pt?id=hvd.hn25fy&seq=44
HXJVTD,urn:cts:greekLit:tlg0014.tlg016,fra,14,0.697801509,119,132,3,895,214,0.2341483195,119,132,14,1,Demosthenes,For the People of Megalopolis,Demosthenes.,"Les harangues de Démosthène : texte grec publié d'après les travaux les plus récents de la philologie, avec un commentaire critique et explicatif, une introduction générale et des notices sur chaque discours",https://babel.hathitrust.org/cgi/pt?id=hvd.hxjvtd&seq=119
HXJVXL,urn:cts:latinLit:stoa0171.stoa010,ell,14,0.880952381,7,33,0.2857142857,538,14,0.02695523406,7,33,14,0.5185185185,Lactantius,Fragmenta,Aristophanes.,Aristophanis comoediae auctoritate libri praeclarissimi saeculi decimi emendatae a Philippo Invernizio ...,https://babel.hathitrust.org/cgi/pt?id=hvd.hxjvxl&seq=7
HNATCR,urn:cts:greekLit:tlg0014.tlg016,fra,14,0.7051761228,119,132,2.857142857,883,214,0.23808345,119,132,14,1,Demosthenes,For the People of Megalopolis,Demosthenes.,"Les harangues de Démosthène : texte grec publié d'après les travaux les plus récents de la philologie, avec un commentaire critique et explicatif, une introduction générale et des notices sur chaque discours",https://babel.hathitrust.org/cgi/pt?id=hvd.hnatcr&seq=119
HN26V6,urn:cts:greekLit:tlg0540.tlg030,ell,14,0.6605447909,144,157,3.785714286,920,230,0.2479061034,144,157,14,1,Lysias,Against Nicomachus,Lysias.,Ausgewählte Reden; erklaert von R. Rauchenstein.,https://babel.hathitrust.org/cgi/pt?id=hvd.hn26v6&seq=144
HN24ZL,urn:cts:greekLit:tlg0540.tlg007,deu,15,0.631725091,211,285,5.133333333,998,246,0.2466249388,211,224,14,1,Lysias,On the Olive Stump,Lysias.,Ausgewählte reden des Lysias.,https://babel.hathitrust.org/cgi/pt?id=hvd.hn24zl&seq=211
HXPP6T,urn:cts:greekLit:tlg0014.tlg046,ell,14,0.6568915791,152,165,2.857142857,1125,238,0.24882214,152,165,14,1,Demosthenes,Against Stephanus II,"Dobson, William Stephen",Oratores attici et quos sic vocant sophistae.,https://babel.hathitrust.org/cgi/pt?id=hvd.hxpp6t&seq=152
HW25FP,urn:cts:greekLit:tlg0062.tlg029,ell,13,0.7006142554,51,63,2.538461538,811,205,0.2560344399,51,63,13,1,Lucian of Samosata,Somnium sive vita Luciani,Lucian,Lucian; selected writings;,https://babel.hathitrust.org/cgi/pt?id=hvd.hw25fp&seq=51
32044100860311,urn:cts:greekLit:tlg0031.tlg013,ell,13,0.692303998,546,558,1.923076923,683,139,0.2035353558,546,558,13,1,New Testament,First Letter to the Thessalonians,,Novum Testamentum Graece et Latine,https://babel.hathitrust.org/cgi/pt?id=hvd.32044100860311&seq=546
HXJVBB,urn:cts:greekLit:tlg0540.tlg031,deu,13,0.652733603,145,157,4.076923077,966,222,0.2387668942,145,157,13,1,Lysias,"Against Philon, On his Scrutiny",Lysias.,Ausgewählte reden des Lysias,https://babel.hathitrust.org/cgi/pt?id=hvd.hxjvbb&seq=145
HW2MFZ,urn:cts:latinLit:stoa0040.stoa003,lat,15,0.8923976608,10,245,1.333333333,941,15,0.01680738114,221,245,13,0.52,Augustine,De civitate dei,Valerius Maximus.,Factorum dictorumque memorabilium libri novem,https://babel.hathitrust.org/cgi/pt?id=hvd.hw2mfz&seq=221
32044098638950,urn:cts:latinLit:phi0588.abo017,lat,15,0.6386475233,31,268,3.533333333,763,196,0.2527561246,256,268,13,1,"Nepos, Cornelius",Agesilaus,,"Scriptores latini in usum Delphini, cum notis variorum variis lectionibus, conspectu codicum et editionum et indicibus locupletissimus accurate recensiti.",https://babel.hathitrust.org/cgi/pt?id=hvd.32044098638950&seq=256
HN2UA2,urn:cts:latinLit:phi0588.abo018,deu,23,0.7463792392,135,349,2.391304348,1881,521,0.2773733929,135,147,13,1,"Nepos, Cornelius",Eumenes,"Nepos, Cornelius.",Cornelius Nepos : für Schüler mit erläuternden und eine richtige Übersetzung fördernden Anmerkungen versehen,https://babel.hathitrust.org/cgi/pt?id=hvd.hn2ua2&seq=135
AH458I,urn:cts:latinLit:stoa0022.stoa051,lat,14,0.8622710623,381,435,3.857142857,751,14,0.01889681932,381,404,13,0.5416666667,"Ambrose, Saint, Bishop of Milan",Expositio Evangelii secundum Lucan,"Grimm, Carl Ludwig Wilibald","Institutio theologiae dogmaticae evangelicae historico- critica, scripsit Carol.",https://babel.hathitrust.org/cgi/pt?id=hvd.ah458i&seq=381
32044085138691,urn:cts:greekLit:tlg0540.tlg024,deu,13,0.6911140071,384,396,2,1141,156,0.1374421895,384,396,13,1,Lysias,On The Refusal Of A Pension,Lysias.,Ausgewählte Reden des Lysias,https://babel.hathitrust.org/cgi/pt?id=hvd.32044085138691&seq=384
32044085138691,urn:cts:greekLit:tlg0540.tlg014,deu,13,0.664403207,222,245,2.153846154,1258,141,0.1143909868,222,245,13,0.5416666667,Lysias,Against Alcibiades 1,Lysias.,Ausgewählte Reden des Lysias,https://babel.hathitrust.org/cgi/pt?id=hvd.32044085138691&seq=222
HNATCQ,urn:cts:greekLit:tlg0014.tlg005,fra,13,0.671308222,260,272,3.076923077,987,164,0.1678207311,260,272,13,1,Demosthenes,On the Peace,Demosthenes.,"Les harangues de Démosthène : texte grec, publié -- avec un commentaire critique et explicatif, une introduction générale et des notices sur chaque discours",https://babel.hathitrust.org/cgi/pt?id=hvd.hnatcq&seq=260
HW2IW2,urn:cts:greekLit:tlg0014.tlg005,deu,13,0.6695418054,173,185,2.384615385,1218,163,0.1317921793,173,185,13,1,Demosthenes,On the Peace,Demosthenes.,"Ausgewählte Reden,",https://babel.hathitrust.org/cgi/pt?id=hvd.hw2iw2&seq=173
HWT59B,urn:cts:latinLit:phi0474.phi032,eng,36,0.646816144,416,739,1.694444444,1915,301,0.1578619371,601,613,13,1,"Cicero, Marcus Tullius",Pro M. Marcello,,The Classical journal.,https://babel.hathitrust.org/cgi/pt?id=hvd.hwt59b&seq=601
HXJUQ7,urn:cts:greekLit:tlg1264.tlg002,ell,13,0.9871794872,285,309,0,423,14,0.03307778841,285,309,13,0.52,Chrysippus,Fragmenta Moralia,Plutarch.,Plutarchi Chaeronensis Moralia,https://babel.hathitrust.org/cgi/pt?id=hvd.hxjuq7&seq=285
HWK7WX,urn:cts:greekLit:tlg0031.tlg011,ell,13,0.6162755197,262,274,3.307692308,578,168,0.2912101953,262,274,13,1,New Testament,Letter to the Philippians,,Novum Testamentum Graece. Ad antiquissimos testes denuo recensuit delectuque critico ac prolegomenis instruxit Constant. de Tischendorf.,https://babel.hathitrust.org/cgi/pt?id=hvd.hwk7wx&seq=262
HNFJNU,urn:cts:greekLit:tlg0081.tlg001,lat,17,0.603082924,77,159,4.058823529,859,272,0.2887342783,147,159,13,1,Dionysius of Halicarnassus,Antiquitates Romanae,"Ambrosch, Julius Athanasius.",Oratio Nataliciis principis optimi Celebrandis A.V.L.V. id.Octobr.a MDCCCXLI habita.,https://babel.hathitrust.org/cgi/pt?id=hvd.hnfjnu&seq=147
32044102855020,urn:cts:greekLit:tlg0062.tlg029,ell,13,0.6969592453,51,63,2.538461538,790,204,0.260591755,51,63,13,1,Lucian of Samosata,Somnium sive vita Luciani,Lucian,Lucian; selected writings;,https://babel.hathitrust.org/cgi/pt?id=hvd.32044102855020&seq=51
32044098639123,urn:cts:latinLit:stoa0040.stoa003,lat,18,0.7590939153,10,243,3.166666667,1220,18,0.01583283549,219,243,13,0.52,Augustine,De civitate dei,Valerius Maximus.,Valerii Maximi Factorum dictorumque memorabilium libri novem : ex editione Joannis Kappii :,https://babel.hathitrust.org/cgi/pt?id=hvd.32044098639123&seq=219
HXPP6P,urn:cts:greekLit:tlg0014.tlg005,lat,13,0.6616251862,509,521,2.615384615,1212,171,0.1440808495,509,521,13,1,Demosthenes,On the Peace,"Dobson, William Stephen",Oratores attici et quos sic vocant sophistae.,https://babel.hathitrust.org/cgi/pt?id=hvd.hxpp6p&seq=509
HXPP6P,urn:cts:greekLit:tlg0014.tlg006,lat,14,0.661921364,23,535,3.071428571,1041,245,0.2605683059,523,535,13,1,Demosthenes,Second Philippic,"Dobson, William Stephen",Oratores attici et quos sic vocant sophistae.,https://babel.hathitrust.org/cgi/pt?id=hvd.hxpp6p&seq=523
32044085212082,urn:cts:latinLit:phi0588.abo004,lat,17,0.6540608989,107,244,3.058823529,1428,292,0.2011002586,220,244,13,0.52,"Nepos, Cornelius",Pausanias,"Nepos, Cornelius.","Aemilius Probus, De excellentibus ducibus exterarum gentium : et, Cornelli Nepotis quae supersunt",https://babel.hathitrust.org/cgi/pt?id=hvd.32044085212082&seq=220
HN221T,urn:cts:latinLit:phi0588.abo007,deu,13,0.738594833,95,107,2.153846154,972,249,0.2595171063,95,107,13,1,"Nepos, Cornelius",Alcibiades,"Nepos, Cornelius.",Cornelius Nepos,https://babel.hathitrust.org/cgi/pt?id=hvd.hn221t&seq=95
HN221T,urn:cts:latinLit:phi0588.abo001,deu,13,0.6606096137,49,61,2.769230769,1059,167,0.1596161656,49,61,13,1,"Nepos, Cornelius",Miltiades,"Nepos, Cornelius.",Cornelius Nepos,https://babel.hathitrust.org/cgi/pt?id=hvd.hn221t&seq=49
32044054127378,urn:cts:latinLit:stoa0104p.stoa005,lat,14,0.6900501778,143,535,4.5,1018,268,0.274892353,143,155,13,1,Pseudo-Cyprian,De Disciplina et bono pudicitiae,Cyprian,S. Thasci Caecili Cypriani opera omnia,https://babel.hathitrust.org/cgi/pt?id=hvd.32044054127378&seq=143
32044054127378,urn:cts:latinLit:stoa0104p.stoa002,lat,14,0.7555772672,73,262,3.142857143,927,264,0.2792781814,250,262,13,1,Pseudo-Cyprian,Ad Vigilium de Iudaica Incredulitate,Cyprian,S. Thasci Caecili Cypriani opera omnia,https://babel.hathitrust.org/cgi/pt?id=hvd.32044054127378&seq=250
HXQ4LR,urn:cts:latinLit:stoa0040.stoa003,lat,14,0.9523809524,10,243,0.1428571429,870,14,0.01695048323,219,243,13,0.52,Augustine,De civitate dei,Valerius Maximus.,Factorum dictorumque memorabilium libri novem.,https://babel.hathitrust.org/cgi/pt?id=hvd.hxq4lr&seq=219
32044100860279,urn:cts:greekLit:tlg0031.tlg011,ell,13,0.6374708818,471,484,2.692307692,634,156,0.2489926098,471,484,13,0.9285714286,New Testament,Letter to the Philippians,,"Novum Testamentum graece / ad antiquos testes denuo recensuit, apparatum criticum omni studio perfectum apposuit, commentationem isagogicam praetexuit",https://babel.hathitrust.org/cgi/pt?id=hvd.32044100860279&seq=471
HW2J4O,urn:cts:greekLit:tlg0014.tlg001,ell,13,0.6017030839,42,54,4.076923077,1011,222,0.2199847296,42,54,13,1,Demosthenes,Olynthiac 1,Demosthenes.,Ausgewählte reden des Demosthenes.,https://babel.hathitrust.org/cgi/pt?id=hvd.hw2j4o&seq=42
HXJVEL,urn:cts:greekLit:tlg0062.tlg020,ell,13,0.7306884879,67,79,2.538461538,1058,264,0.251816336,67,79,13,1,Lucian of Samosata,Prometheus,Lucian,Ausgewählte Schriften des Lucian : Für den Schulgebrauch,https://babel.hathitrust.org/cgi/pt?id=hvd.hxjvel&seq=67
AH458H,urn:cts:latinLit:stoa0022.stoa051,lat,13,0.9256410256,381,404,2.230769231,689,13,0.01913942716,381,404,13,0.5416666667,"Ambrose, Saint, Bishop of Milan",Expositio Evangelii secundum Lucan,"Grimm, Carl Ludwig Wilibald","Institutio theologiae dogmaticae evangelicae historico- critica, scripsit Carol.",https://babel.hathitrust.org/cgi/pt?id=hvd.ah458h&seq=381
HN4CWX,urn:cts:latinLit:stoa0045a.stoa001,deu,13,0.8443223443,5,39,0.6923076923,456,13,0.04680932198,5,39,13,0.3714285714,Catholic Church. Pope,Epistulae imperatorum pontificum aliorum,,Gegen den Strom; Flugschriften einer literarisch-künstlerischen Gesellschaft.,https://babel.hathitrust.org/cgi/pt?id=hvd.hn4cwx&seq=5
32044085249068,urn:cts:latinLit:phi0588.abo017,lat,13,0.6455873276,249,261,3.692307692,861,187,0.2190272508,249,261,13,1,"Nepos, Cornelius",Agesilaus,"Nepos, Cornelius","Cornelius Nepos ex libris scriptis editisque recensitus,",https://babel.hathitrust.org/cgi/pt?id=hvd.32044085249068&seq=249
32044085249068,urn:cts:latinLit:phi0588.abo014,lat,15,0.6243541466,214,483,4.8,887,241,0.2896239116,214,226,13,1,"Nepos, Cornelius",Datames,"Nepos, Cornelius","Cornelius Nepos ex libris scriptis editisque recensitus,",https://babel.hathitrust.org/cgi/pt?id=hvd.32044085249068&seq=214
AH5ICV,urn:cts:greekLit:tlg0031.tlg013,ell,13,0.6563136494,1501,1513,2.384615385,603,155,0.2536865294,1501,1513,13,1,New Testament,First Letter to the Thessalonians,,"Novum Testamentum graece / ad antiquos testes denuo recensuit, apparatum criticum omni studio perfectum apposuit, commentationem isagogicam praetexuit",https://babel.hathitrust.org/cgi/pt?id=hvd.ah5icv&seq=1501
HWSJFB,urn:cts:latinLit:phi0474.phi051,spa,13,0.6376308605,118,130,1.923076923,602,120,0.2008110772,118,130,13,1,"Cicero, Marcus Tullius",De Senectute,"Calandrelli, Matías","Crestomatía, que contiene el texto de los tres años de latinidad, fijado en los programas oficiales para los establecimientos de segunda enseñanza y notas.",https://babel.hathitrust.org/cgi/pt?id=hvd.hwsjfb&seq=118
HN2QN4,urn:cts:latinLit:phi1348.abo021,lat,14,0.6007504656,483,592,3.785714286,862,229,0.2705663876,483,495,13,1,Suetonius,Divus Titus,Suetonius,Caius Suetonius Tranquillus : cum animadversionibus Io. Augusti Ernesti.,https://babel.hathitrust.org/cgi/pt?id=hvd.hn2qn4&seq=483
32044024534174,urn:cts:greekLit:tlg0014.tlg005,deu,13,0.6562481433,7,19,2.307692308,1234,166,0.1353846699,7,19,13,1,Demosthenes,On the Peace,Demosthenes,Neun philippische reden erklärt,https://babel.hathitrust.org/cgi/pt?id=hvd.32044024534174&seq=7
AH5HZ5,urn:cts:greekLit:tlg0031.tlg011,ell,13,0.6253904976,886,898,3.153846154,563,167,0.2942469496,886,898,13,1,New Testament,Letter to the Philippians,,Novum Testamentum graece;,https://babel.hathitrust.org/cgi/pt?id=hvd.ah5hz5&seq=886
32044097055107,urn:cts:latinLit:phi0588.abo015,eng,13,0.7424266564,168,180,1.923076923,785,229,0.2979779761,168,180,13,1,"Nepos, Cornelius",Epaminondas,,"Selections from Latin classic authors : Phaedrus, Justin, Nepos",https://babel.hathitrust.org/cgi/pt?id=hvd.32044097055107&seq=168
HXQ4JB,urn:cts:latinLit:phi0588.abo017,lat,15,0.6484782487,31,268,3.4,764,196,0.2510237369,256,268,13,1,"Nepos, Cornelius",Agesilaus,"Nepos, Cornelius.",Vitae excellentium imperatorum.,https://babel.hathitrust.org/cgi/pt?id=hvd.hxq4jb&seq=256
AH4MQT,urn:cts:latinLit:stoa0040.stoa019,lat,15,0.7612309049,123,587,6.666666667,804,19,0.02463756725,123,151,13,0.4482758621,Augustine,Contra Cresconium,Jesuits.,"Theologia dogmatica, polemica, scholastica et moralis : praelectionibus publicis in alma Universitate Wirceburgensi accommodata",https://babel.hathitrust.org/cgi/pt?id=hvd.ah4mqt&seq=123
HW2JDE,urn:cts:greekLit:tlg0007.tlg121,ell,13,1,249,301,0,687,13,0.01920343067,249,301,13,0.2452830189,Plutarch,Vitae decem oratorum,"Vamvas, Neophytos","Sēmeiōseis eis tous tou Dēmosthenous Olynthiakous, Philippikous, ton peri Steranou, ch. t.l.",https://babel.hathitrust.org/cgi/pt?id=hvd.hw2jde&seq=249
HN6IUF,urn:cts:latinLit:phi0588.abo007,eng,13,0.7129995458,63,75,7.076923077,920,263,0.2949978464,63,75,13,1,"Nepos, Cornelius",Alcibiades,"Nepos, Cornelius.",Vitae. For the use of schools.,https://babel.hathitrust.org/cgi/pt?id=hvd.hn6iuf&seq=63
HXJVJS,urn:cts:latinLit:phi0588.abo001,deu,13,0.6528493052,51,63,2.923076923,1076,169,0.1582901126,51,63,13,1,"Nepos, Cornelius",Miltiades,"Nepos, Cornelius.",Cornelius Nepos,https://babel.hathitrust.org/cgi/pt?id=hvd.hxjvjs&seq=51
HXJVJS,urn:cts:latinLit:phi0588.abo007,deu,13,0.7056052554,97,109,2.615384615,1001,249,0.2526030729,97,109,13,1,"Nepos, Cornelius",Alcibiades,"Nepos, Cornelius.",Cornelius Nepos,https://babel.hathitrust.org/cgi/pt?id=hvd.hxjvjs&seq=97
32044098628688,urn:cts:latinLit:phi2331.phi001,lat,13,0.6923076923,369,386,0.6153846154,518,13,0.02524440111,369,386,13,0.7222222222,Scriptores Historiae Augustae,De Vita Hadriani,,Mnemosyne.,https://babel.hathitrust.org/cgi/pt?id=hvd.32044098628688&seq=369
HXQ2XM,urn:cts:greekLit:tlg0007.tlg115,ell,13,0.6622847272,122,134,2.384615385,647,181,0.2730850428,122,134,13,1,Plutarch,Maxime Cum Principibus Viris Philosopho Esse Disserendum,Plutarch.,"Ploutarchou tou Chairōneōs Ta ēthika = Plutarchi Chaeronensis Moralia, id est Opera, exceptis vitis, reliqua",https://babel.hathitrust.org/cgi/pt?id=hvd.hxq2xm&seq=122
32044019276492,urn:cts:latinLit:stoa0104p.stoa005,lat,13,0.7392653308,21,33,2.692307692,900,265,0.2943509481,21,33,13,1,Pseudo-Cyprian,De Disciplina et bono pudicitiae,,Corpus scriptorum ecclesiasticorum Latinorum.,https://babel.hathitrust.org/cgi/pt?id=hvd.32044019276492&seq=21
32044019276492,urn:cts:latinLit:stoa0104p.stoa002,lat,14,0.7648488691,128,503,3,923,265,0.2815955727,128,140,13,1,Pseudo-Cyprian,Ad Vigilium de Iudaica Incredulitate,,Corpus scriptorum ecclesiasticorum Latinorum.,https://babel.hathitrust.org/cgi/pt?id=hvd.32044019276492&seq=128
HX5NYQ,urn:cts:greekLit:tlg0031.tlg001,deu,13,0.6993192676,40,54,2.846153846,1090,288,0.2637389914,40,54,13,0.8666666667,New Testament,Gospel according to Matthew,,"Maththäus: I,1-25. Johannes:I,II,III,1-5.",https://babel.hathitrust.org/cgi/pt?id=hvd.hx5nyq&seq=40
HXJVTD,urn:cts:greekLit:tlg0014.tlg005,fra,13,0.6681304679,260,272,3.076923077,995,164,0.1675730631,260,272,13,1,Demosthenes,On the Peace,Demosthenes.,"Les harangues de Démosthène : texte grec publié d'après les travaux les plus récents de la philologie, avec un commentaire critique et explicatif, une introduction générale et des notices sur chaque discours",https://babel.hathitrust.org/cgi/pt?id=hvd.hxjvtd&seq=260
HNATCR,urn:cts:greekLit:tlg0014.tlg005,fra,13,0.6605657633,260,272,3.153846154,983,164,0.1689412534,260,272,13,1,Demosthenes,On the Peace,Demosthenes.,"Les harangues de Démosthène : texte grec publié d'après les travaux les plus récents de la philologie, avec un commentaire critique et explicatif, une introduction générale et des notices sur chaque discours",https://babel.hathitrust.org/cgi/pt?id=hvd.hnatcr&seq=260
HN26V6,urn:cts:greekLit:tlg0540.tlg025,ell,13,0.7120281486,106,118,2.769230769,863,249,0.2947268976,106,118,13,1,Lysias,Defense Against a Charge of Subverting the Democracy,Lysias.,Ausgewählte Reden; erklaert von R. Rauchenstein.,https://babel.hathitrust.org/cgi/pt?id=hvd.hn26v6&seq=106
HN24ZL,urn:cts:greekLit:tlg0540.tlg031,deu,13,0.656883472,147,159,3.692307692,869,227,0.2611798304,147,159,13,1,Lysias,"Against Philon, On his Scrutiny",Lysias.,Ausgewählte reden des Lysias.,https://babel.hathitrust.org/cgi/pt?id=hvd.hn24zl&seq=147
HXJUZ4,urn:cts:latinLit:stoa0249a.stoa002,lat,13,1,431,461,0,457,13,0.02910670805,431,461,13,0.4193548387,"Salvian, of Marseilles",De Gubernatione Dei,"Caesar, Julius.",Caesar ad bodices,https://babel.hathitrust.org/cgi/pt?id=hvd.hxjuz4&seq=431
AH6HE4,urn:cts:latinLit:phi0474.phi032,eng,24,0.6746566893,125,263,1.666666667,1236,211,0.1706083129,125,137,13,1,"Cicero, Marcus Tullius",Pro M. Marcello,,The Classical journal.,https://babel.hathitrust.org/cgi/pt?id=hvd.ah6he4&seq=125
HWK9EM,urn:cts:latinLit:stoa0022.stoa051,lat,13,0.9256410256,455,478,2.230769231,693,13,0.01896767208,455,478,13,0.5416666667,"Ambrose, Saint, Bishop of Milan",Expositio Evangelii secundum Lucan,"Grimm, Carl Ludwig Wilibald","Institutio theologiae dogmaticae evangelicae historico- critica, scripsit Carol.",https://babel.hathitrust.org/cgi/pt?id=hvd.hwk9em&seq=455
HNJVSJ,urn:cts:latinLit:stoa0089.stoa007,lat,12,0.6162246669,358,370,3.166666667,589,123,0.2076069688,358,370,12,0.9230769231,Claudian,Fescinnina de nuptiis Honorii Augusti,"Claudianus, Claudius",Opera omnia,https://babel.hathitrust.org/cgi/pt?id=hvd.hnjvsj&seq=358
32044100860311,urn:cts:greekLit:tlg0031.tlg020,ell,12,0.6642523921,222,234,2.416666667,629,162,0.2589919979,222,234,12,0.9230769231,New Testament,Book of James,,Novum Testamentum Graece et Latine,https://babel.hathitrust.org/cgi/pt?id=hvd.32044100860311&seq=222
32044100860311,urn:cts:greekLit:tlg0031.tlg016,ell,12,0.7078690171,629,640,1.916666667,629,131,0.2108663539,629,640,12,1,New Testament,Second Timothy,,Novum Testamentum Graece et Latine,https://babel.hathitrust.org/cgi/pt?id=hvd.32044100860311&seq=629
HN64YB,urn:cts:latinLit:phi0588.abo021,lat,12,0.6456440154,327,340,1.583333333,452,88,0.2028822184,327,340,12,0.8571428571,"Nepos, Cornelius",De Regibus,"Nepos, Cornelius.","Vitae excellentium imperatorum, quorumdam iconibus ornatae, et nonnullis animadversionibus, partim criticis, partim historicis,",https://babel.hathitrust.org/cgi/pt?id=hvd.hn64yb&seq=327
32044051724235,urn:cts:latinLit:phi0914.phi001,ell,16,0.6838823668,40,858,7.375,773,18,0.02370742367,40,67,12,0.4285714286,Titus Livius (Livy),Ab urbe condita,,Corpus scriptorum historiae byzantinae,https://babel.hathitrust.org/cgi/pt?id=hvd.32044051724235&seq=40
AH244R,urn:cts:latinLit:stoa0040.stoa024,lat,14,0.8004426129,67,435,4.428571429,569,14,0.02485503547,67,89,12,0.5217391304,Augustine,Contra Faustum,"Jungmann, Bernhard",Dissertationes selectae in istoriam ecclesiasticam.,https://babel.hathitrust.org/cgi/pt?id=hvd.ah244r&seq=67
HN2UA2,urn:cts:latinLit:phi0588.abo002,deu,19,0.7442253256,40,244,2.157894737,1648,397,0.2450535113,40,51,12,1,"Nepos, Cornelius",Themistocles,"Nepos, Cornelius.",Cornelius Nepos : für Schüler mit erläuternden und eine richtige Übersetzung fördernden Anmerkungen versehen,https://babel.hathitrust.org/cgi/pt?id=hvd.hn2ua2&seq=40
HXJ98A,urn:cts:greekLit:tlg2200.tlg00403,ell,12,0.6347710632,242,253,3.75,798,216,0.2753572706,242,253,12,1,Libanius,Oratio 3,Libanius.,Libanii Sophistae orationes et declamationes. Ad fidem codicum mspt. recensuit et perpetua adnotatione illustravit Io. Iacobus Reiske.,https://babel.hathitrust.org/cgi/pt?id=hvd.hxj98a&seq=242
32044085138741,urn:cts:greekLit:tlg0540.tlg031,ell,12,0.6831653429,187,198,3.166666667,675,194,0.2852264392,187,198,12,1,Lysias,"Against Philon, On his Scrutiny",Lysias.,Ausgewählte reden des Lysias ...,https://babel.hathitrust.org/cgi/pt?id=hvd.32044085138741&seq=187
32044085138691,urn:cts:greekLit:tlg1389.tlg001,deu,13,0.9245283019,191,243,4,1239,13,0.01077041078,221,243,12,0.5217391304,Harpocration,Lexicon in decem oratores Atticos,Lysias.,Ausgewählte Reden des Lysias,https://babel.hathitrust.org/cgi/pt?id=hvd.32044085138691&seq=221
32044085138691,urn:cts:greekLit:tlg0540.tlg016,deu,12,0.7209751778,178,189,1.916666667,1068,139,0.133243235,178,189,12,1,Lysias,Before the Council: In Defense of Mantitheus at His Scrutiny,Lysias.,Ausgewählte Reden des Lysias,https://babel.hathitrust.org/cgi/pt?id=hvd.32044085138691&seq=178
HXQ4LK,urn:cts:latinLit:stoa0040.stoa003,lat,12,0.9444444444,99,123,0.1666666667,880,12,0.01370120473,99,123,12,0.48,Augustine,De civitate dei,Valerius Maximus.,Valerius Maximus De dictis factisque memorabilibus ; et Jul. Obsequens De Prodigiis,https://babel.hathitrust.org/cgi/pt?id=hvd.hxq4lk&seq=99
AH458J,urn:cts:latinLit:stoa0022.stoa051,lat,17,0.6770689453,119,455,5.117647059,903,17,0.01897125109,411,434,12,0.5,"Ambrose, Saint, Bishop of Milan",Expositio Evangelii secundum Lucan,"Grimm, Carl Ludwig Wilibald","Institutio theologiae dogmaticae evangelicae, historico-critica",https://babel.hathitrust.org/cgi/pt?id=hvd.ah458j&seq=411
32044085212231,urn:cts:latinLit:phi0588.abo002,deu,12,0.7302270262,35,46,2.083333333,996,201,0.2017383977,35,46,12,1,"Nepos, Cornelius",Themistocles,"Nepos, Cornelius.",Cornelius Nepos. Für schüler mit erläuternden und eine richtige übersetzung fördernden anmerkungen verschen von Johannes Siebelis.,https://babel.hathitrust.org/cgi/pt?id=hvd.32044085212231&seq=35
32044085212231,urn:cts:latinLit:phi0588.abo023,deu,13,0.7086173374,18,174,3.230769231,1026,243,0.2335225149,163,174,12,1,"Nepos, Cornelius",Hannibal,"Nepos, Cornelius.",Cornelius Nepos. Für schüler mit erläuternden und eine richtige übersetzung fördernden anmerkungen verschen von Johannes Siebelis.,https://babel.hathitrust.org/cgi/pt?id=hvd.32044085212231&seq=163
32044085212231,urn:cts:latinLit:phi0588.abo007,deu,12,0.7570755219,63,74,2.083333333,984,236,0.243358385,63,74,12,1,"Nepos, Cornelius",Alcibiades,"Nepos, Cornelius.",Cornelius Nepos. Für schüler mit erläuternden und eine richtige übersetzung fördernden anmerkungen verschen von Johannes Siebelis.,https://babel.hathitrust.org/cgi/pt?id=hvd.32044085212231&seq=63
32044069760742,urn:cts:greekLit:tlg0031.tlg013,ell,12,0.7040294856,504,515,2,588,152,0.2590549631,504,515,12,1,New Testament,First Letter to the Thessalonians,,"Novum Testamentum graece / ad antiquos testes denuo recensuit, apparatum criticum omni studio perfectum apposuit, commentationem isagogicam praetexuit",https://babel.hathitrust.org/cgi/pt?id=hvd.32044069760742&seq=504
HN5XN3,urn:cts:latinLit:phi1020.phi002,fra,12,0.6667688005,113,124,2.166666667,772,160,0.2110905174,113,124,12,1,"Statius, P. Papinius (Publius Papinius)",Silvae,"Waltz, A.","Anthologie des poètes latins: Silius, Stace, Ansone, Claudien, Juvénal, Perse, Martial, Catulle, Tibulle, Properce, Ovide. Texte Latin, publié avec des notices, des sommaires et des notes.",https://babel.hathitrust.org/cgi/pt?id=hvd.hn5xn3&seq=113
HWK7WX,urn:cts:greekLit:tlg0031.tlg005,ell,12,0.6608688892,9,20,2.916666667,597,173,0.2922646883,9,20,12,1,New Testament,Acts,,Novum Testamentum Graece. Ad antiquissimos testes denuo recensuit delectuque critico ac prolegomenis instruxit Constant. de Tischendorf.,https://babel.hathitrust.org/cgi/pt?id=hvd.hwk7wx&seq=9
HXJA94,urn:cts:greekLit:tlg5023.tlg016,ell,20,0.7349866481,313,629,7.6,763,20,0.02718185285,327,363,12,0.3243243243,Scholia in Euripidem,"Scholia in Euripidis Phoenissas (scholia vetera et scholia recentiora Thomae Magistri, Triclinii, Moschopuli et anonyma)",,Scholia Graeca in Sophoclem : ex editione Brunckiana.,https://babel.hathitrust.org/cgi/pt?id=hvd.hxja94&seq=327
HNNTEK,urn:cts:latinLit:phi1056.phi001,lat,15,0.7337545788,11,115,2.6,475,17,0.03925103491,11,33,12,0.5217391304,Vitruvius Pollio,On Architecture,"Lalande, André",Quid de mathematica vel rationali vel naturali senserit Baconus Verulamius : Hanc thesim Facultati litterarum in Universitate Parisiensi proponebat,https://babel.hathitrust.org/cgi/pt?id=hvd.hnntek&seq=11
32044085137016,urn:cts:greekLit:tlg0062.tlg029,ell,12,0.6750604556,17,28,2.583333333,992,206,0.2125694158,17,28,12,1,Lucian of Samosata,Somnium sive vita Luciani,Lucian,Ausgewählte schriften.,https://babel.hathitrust.org/cgi/pt?id=hvd.32044085137016&seq=17
AH3ZCZ,urn:cts:greekLit:tlg0031.tlg019,lat,13,0.7329347624,144,159,2,2019,349,0.173247063,144,156,12,0.9230769231,New Testament,To the Hebrews,,Italafragmente der Paulinischen Briefe : nebst Bruchstücken einer vorhieronymianischen Übersetzung des ersten Iohannes-briefes : aus Pergamentblättern der ehemaligen Freisinger Stiftsbibliothek zum ersten Male veröffentlicht und kritisch beleuchtet,https://babel.hathitrust.org/cgi/pt?id=hvd.ah3zcz&seq=144
32044054127378,urn:cts:latinLit:stoa0104p.stoa020,lat,13,0.698218166,263,507,2.769230769,852,241,0.282691921,263,274,12,1,Pseudo-Cyprian,Adversus Judaeos,Cyprian,S. Thasci Caecili Cypriani opera omnia,https://babel.hathitrust.org/cgi/pt?id=hvd.32044054127378&seq=263
32044054127378,urn:cts:latinLit:stoa0104p.stoa018,lat,12,0.7419949192,223,234,2.333333333,777,225,0.2899496958,223,234,12,1,Pseudo-Cyprian,Liber de Aleatoribus,Cyprian,S. Thasci Caecili Cypriani opera omnia,https://babel.hathitrust.org/cgi/pt?id=hvd.32044054127378&seq=223
32044100860279,urn:cts:greekLit:tlg0031.tlg013,ell,12,0.7224986749,504,515,1.666666667,566,151,0.2698700882,504,515,12,1,New Testament,First Letter to the Thessalonians,,"Novum Testamentum graece / ad antiquos testes denuo recensuit, apparatum criticum omni studio perfectum apposuit, commentationem isagogicam praetexuit",https://babel.hathitrust.org/cgi/pt?id=hvd.32044100860279&seq=504
HW2J4O,urn:cts:greekLit:tlg0014.tlg005,ell,12,0.6321492294,119,130,3.416666667,930,176,0.1910170581,119,130,12,1,Demosthenes,On the Peace,Demosthenes.,Ausgewählte reden des Demosthenes.,https://babel.hathitrust.org/cgi/pt?id=hvd.hw2j4o&seq=119
32044048207708,urn:cts:latinLit:stoa0104a.stoa004,lat,12,0.691294327,225,236,4.083333333,1607,471,0.295157526,225,236,12,1,"Cyprian Saint, Bishop of Carthage",De Disciplina et Habitu Virginum Liber,,"Patrologiae cursus completus, sive biblioteca universalis, integra, uniformis, commoda, oeconomica, omnium SS. Patrum, doctorum scriptorumque eccelesiasticorum qui ab aevo apostolico ad usque Innocentii III tempora floruerunt ... [Series Latina, in qua prodeunt Patres, doctores scriptoresque Ecclesiae Latinae, a Tertulliano ad Innocentium III]",https://babel.hathitrust.org/cgi/pt?id=hvd.32044048207708&seq=225
AH5FRL,urn:cts:greekLit:tlg0057.tlg082,ell,12,0.9166666667,177,196,0.1666666667,989,12,0.01243678378,177,196,12,0.6,Galen,De sophismatis seu captionibus penes dictionem,Aristotle.,"Aristotelis opera,",https://babel.hathitrust.org/cgi/pt?id=hvd.ah5frl&seq=177
32044015557945,urn:cts:greekLit:tlg4024.tlg002,deu,13,0.9245437296,119,257,5.923076923,585,14,0.02442992989,119,141,12,0.5217391304,Agathias Scholasticus,Epigrammata,,Rheinisches Museum für Philologie.,https://babel.hathitrust.org/cgi/pt?id=hvd.32044015557945&seq=119
HX5PYI,urn:cts:greekLit:tlg0014.tlg016,eng,12,0.6944147836,422,433,2.666666667,935,219,0.243424575,422,433,12,1,Demosthenes,For the People of Megalopolis,Demosthenes.,"Demosthenes,",https://babel.hathitrust.org/cgi/pt?id=hvd.hx5pyi&seq=422
HX5PYI,urn:cts:greekLit:tlg0014.tlg006,eng,13,0.603568512,67,193,7.153846154,896,241,0.2864862444,182,193,12,1,Demosthenes,Second Philippic,Demosthenes.,"Demosthenes,",https://babel.hathitrust.org/cgi/pt?id=hvd.hx5pyi&seq=182
HWT5AV,urn:cts:latinLit:stoa0171.stoa010,deu,20,0.9083333333,124,275,0.25,765,20,0.02737032357,124,149,12,0.4615384615,Lactantius,Fragmenta,,Rheinisches Museum für Philologie.,https://babel.hathitrust.org/cgi/pt?id=hvd.hwt5av&seq=124
32044085136968,urn:cts:greekLit:tlg0062.tlg029,ell,14,0.6028714169,45,133,5.214285714,851,231,0.2645792911,45,56,12,1,Lucian of Samosata,Somnium sive vita Luciani,Lucian,Ausgewählte schriften.,https://babel.hathitrust.org/cgi/pt?id=hvd.32044085136968&seq=45
HN26V9,urn:cts:greekLit:tlg0540.tlg031,deu,13,0.6444689152,145,180,5.384615385,898,224,0.2505468024,145,156,12,1,Lysias,"Against Philon, On his Scrutiny",Lysias.,"Ausgewählte Reden des Lysias,",https://babel.hathitrust.org/cgi/pt?id=hvd.hn26v9&seq=145
HN2W5I,urn:cts:greekLit:tlg0007.tlg074,lat,12,0.637732735,555,566,2.583333333,593,155,0.2599762247,555,566,12,1,Plutarch,De fortuna,Plutarch.,"Ploutarchou tou Chairōneōs Ta ēthika = Plutarchi Chaeronensis Moralia, id est Opera, exceptis vitis, reliqua",https://babel.hathitrust.org/cgi/pt?id=hvd.hn2w5i&seq=555
AH5HPC,urn:cts:greekLit:tlg0031.tlg013,lat,12,0.6469100109,287,300,2.666666667,945,143,0.1527688893,287,300,12,0.8571428571,New Testament,First Letter to the Thessalonians,,"He Kaine Diatheke = Novum Testamentum Graecum domini nostri Jesu Christi; cum scholiis theologicis et philologicis, in quibus....",https://babel.hathitrust.org/cgi/pt?id=hvd.ah5hpc&seq=287
32044098638869,urn:cts:latinLit:stoa0089.stoa007,lat,12,0.6053111815,354,366,3.416666667,596,123,0.2048442375,354,366,12,0.9230769231,Claudian,Fescinnina de nuptiis Honorii Augusti,"Claudianus, Claudius",Opera omnia,https://babel.hathitrust.org/cgi/pt?id=hvd.32044098638869&seq=354
HN663U,urn:cts:latinLit:phi0972.phi001,lat,14,0.6656724228,191,567,4.571428571,508,14,0.02767890509,191,223,12,0.3636363636,Petronius Arbiter,Satyricon,"Thomasius, Christian","Christiani Thomasii ... Liber de remedio amoris irratationalis, et praevia necessaria notitia sui sive, Praxis philosophiae moralis cum appendice ...",https://babel.hathitrust.org/cgi/pt?id=hvd.hn663u&seq=191
HN6IUF,urn:cts:latinLit:phi0588.abo002,eng,12,0.6992954725,32,43,6.5,852,230,0.2692337956,32,43,12,1,"Nepos, Cornelius",Themistocles,"Nepos, Cornelius.",Vitae. For the use of schools.,https://babel.hathitrust.org/cgi/pt?id=hvd.hn6iuf&seq=32
AH3W1J,urn:cts:latinLit:stoa0275.stoa003,lat,12,0.6307509578,577,588,2.916666667,1040,168,0.1693671653,577,588,12,1,Tertullian,Ad Scapulam,Tertullian,Quae supersunt omnia.,https://babel.hathitrust.org/cgi/pt?id=hvd.ah3w1j&seq=577
32044019276492,urn:cts:latinLit:stoa0104p.stoa018,lat,12,0.7460662837,101,112,2.25,772,226,0.292864944,101,112,12,1,Pseudo-Cyprian,Liber de Aleatoribus,,Corpus scriptorum ecclesiasticorum Latinorum.,https://babel.hathitrust.org/cgi/pt?id=hvd.32044019276492&seq=101
HN25FY,urn:cts:greekLit:tlg0014.tlg005,ell,12,0.6346519919,123,134,3.416666667,939,178,0.1923994739,123,134,12,1,Demosthenes,On the Peace,Demosthenes,Ausgewählte reden des Demosthenes,https://babel.hathitrust.org/cgi/pt?id=hvd.hn25fy&seq=123
HXJUQ8,urn:cts:greekLit:tlg1264.tlg002,ell,12,1,181,203,0,444,12,0.02707273135,181,203,12,0.5217391304,Chrysippus,Fragmenta Moralia,Plutarch.,"Plutarchi Chaeronensis Moralia,",https://babel.hathitrust.org/cgi/pt?id=hvd.hxjuq8&seq=181
HXQ4QE,urn:cts:latinLit:phi0588.abo020,deu,12,0.6128048035,423,434,2.333333333,1009,124,0.1269656519,423,434,12,1,"Nepos, Cornelius",Timoleon,"Nepos, Cornelius.",Cornelii Nepotis Vitae Excellentium Imperatorum.,https://babel.hathitrust.org/cgi/pt?id=hvd.hxq4qe&seq=423
HXQ2XP,urn:cts:greekLit:tlg0007.tlg132,ell,12,0.6227216856,61,72,3,602,157,0.2582898197,61,72,12,1,Plutarch,De esu carnium II,Plutarch.,"Ploutarchou tou Chairōneōs Ta ēthika = Plutarchi Chaeronensis Moralia, id est Opera, exceptis vitis, reliqua",https://babel.hathitrust.org/cgi/pt?id=hvd.hxq2xp&seq=61
HXJVTD,urn:cts:greekLit:tlg0014.tlg015,fra,13,0.7337860724,94,111,4.923076923,905,210,0.2289461338,99,111,12,0.9230769231,Demosthenes,For the Liberty of the Rhodians,Demosthenes.,"Les harangues de Démosthène : texte grec publié d'après les travaux les plus récents de la philologie, avec un commentaire critique et explicatif, une introduction générale et des notices sur chaque discours",https://babel.hathitrust.org/cgi/pt?id=hvd.hxjvtd&seq=99
HW2M7W,urn:cts:latinLit:stoa0089.stoa007,lat,12,0.6063368001,360,372,3.25,614,123,0.2001543308,360,372,12,0.9230769231,Claudian,Fescinnina de nuptiis Honorii Augusti,"Claudianus, Claudius",Opera omnia,https://babel.hathitrust.org/cgi/pt?id=hvd.hw2m7w&seq=360
HN26V6,urn:cts:greekLit:tlg0540.tlg031,ell,12,0.6787685439,130,141,3.083333333,773,219,0.2828629082,130,141,12,1,Lysias,"Against Philon, On his Scrutiny",Lysias.,Ausgewählte Reden; erklaert von R. Rauchenstein.,https://babel.hathitrust.org/cgi/pt?id=hvd.hn26v6&seq=130
32044102854809,urn:cts:greekLit:tlg0540.tlg024,eng,12,0.6259635397,183,194,3.25,713,170,0.2473760488,183,194,12,1,Lysias,On The Refusal Of A Pension,Lysias.,"Eight orations of Lysias,",https://babel.hathitrust.org/cgi/pt?id=hvd.32044102854809&seq=183
HXQ2Z3,urn:cts:greekLit:tlg1129.tlg001,lat,12,0.6183120972,238,249,2.583333333,876,217,0.2547391235,238,249,12,1,Anonymi de Barbarismo et Soloecismo,De barbarismo et soloecismo,Ammonius Alexandrinus,Ammonivs De differentia adfinivm vocabvlorvm.,https://babel.hathitrust.org/cgi/pt?id=hvd.hxq2z3&seq=238
HW2M7K,urn:cts:latinLit:phi0474.phi041,lat,13,0.6156477406,443,657,3.538461538,757,206,0.2813486621,443,454,12,1,"Cicero, Marcus Tullius",De Optimo Genere Oratorum,"Ernesti, Johann August","Clavis Ciceroniana, sive, Indices rerum et verborum philologico-critici in opera Ciceronis : accedunt Graeca Ciceronis necessariis observationibus illustrata",https://babel.hathitrust.org/cgi/pt?id=hvd.hw2m7k&seq=443
HXJ98B,urn:cts:greekLit:tlg2200.tlg00437,ell,12,0.6364086996,322,333,3.833333333,762,202,0.2659187792,322,333,12,1,Libanius,Oratio 37,Libanius.,Libanii Sophistae orationes et declamationes. Ad fidem codicum mspt. recensuit et perpetua adnotatione illustravit Io. Iacobus Reiske.,https://babel.hathitrust.org/cgi/pt?id=hvd.hxj98b&seq=322
HXJVRX,urn:cts:greekLit:tlg0014.tlg006,eng,13,0.6134471208,65,191,6.923076923,895,241,0.2872025091,180,191,12,1,Demosthenes,Second Philippic,Demosthenes.,"Demosthenes,",https://babel.hathitrust.org/cgi/pt?id=hvd.hxjvrx&seq=180
HXJVRX,urn:cts:greekLit:tlg0014.tlg016,eng,12,0.6829318378,420,431,3,936,219,0.2433599025,420,431,12,1,Demosthenes,For the People of Megalopolis,Demosthenes.,"Demosthenes,",https://babel.hathitrust.org/cgi/pt?id=hvd.hxjvrx&seq=420
32044085113173,urn:cts:latinLit:stoa0040.stoa074,lat,12,0.9198717949,297,335,2.083333333,475,12,0.02577359698,305,335,11,0.3548387097,Augustine,Quaestiones in Heptateuchum,Eratosthenes.,"Eratosthenica,",https://babel.hathitrust.org/cgi/pt?id=hvd.32044085113173&seq=305
HNJTUM,urn:cts:greekLit:tlg1264.tlg001,lat,11,1,59,117,0,449,12,0.02689545362,59,117,11,0.186440678,Chrysippus,Fragmenta Logica et Physica,"Seneca, Lucius Annaeus",L. Annaei Senecae opera quae supersunt.,https://babel.hathitrust.org/cgi/pt?id=hvd.hnjtum&seq=59
HN2UA2,urn:cts:latinLit:phi0588.abo023,deu,21,0.7057737319,17,327,3.857142857,1600,455,0.2754104049,163,173,11,1,"Nepos, Cornelius",Hannibal,"Nepos, Cornelius.",Cornelius Nepos : für Schüler mit erläuternden und eine richtige Übersetzung fördernden Anmerkungen versehen,https://babel.hathitrust.org/cgi/pt?id=hvd.hn2ua2&seq=163
HN2UA2,urn:cts:latinLit:phi0588.abo007,deu,19,0.7809813378,67,262,2.105263158,1626,454,0.2857654711,67,77,11,1,"Nepos, Cornelius",Alcibiades,"Nepos, Cornelius.",Cornelius Nepos : für Schüler mit erläuternden und eine richtige Übersetzung fördernden Anmerkungen versehen,https://babel.hathitrust.org/cgi/pt?id=hvd.hn2ua2&seq=67
32044085212231,urn:cts:latinLit:phi0588.abo001,deu,11,0.6960044048,24,34,2.090909091,904,167,0.1884857833,24,34,11,1,"Nepos, Cornelius",Miltiades,"Nepos, Cornelius.",Cornelius Nepos. Für schüler mit erläuternden und eine richtige übersetzung fördernden anmerkungen verschen von Johannes Siebelis.,https://babel.hathitrust.org/cgi/pt?id=hvd.32044085212231&seq=24
32044069760742,urn:cts:greekLit:tlg0031.tlg016,ell,11,0.6251204988,540,550,2.727272727,535,131,0.2488003052,540,550,11,1,New Testament,Second Timothy,,"Novum Testamentum graece / ad antiquos testes denuo recensuit, apparatum criticum omni studio perfectum apposuit, commentationem isagogicam praetexuit",https://babel.hathitrust.org/cgi/pt?id=hvd.32044069760742&seq=540
32044085138683,urn:cts:greekLit:tlg0540.tlg032,deu,13,0.6163949424,353,373,2.307692308,1292,124,0.09590891372,362,373,11,0.9166666667,Lysias,Against Diogeiton,Lysias.,Für den Schulgebrauch erklärt von Hermann.,https://babel.hathitrust.org/cgi/pt?id=hvd.32044085138683&seq=362
HNFIWH,urn:cts:latinLit:stoa0104p.stoa020,lat,11,0.9393939394,27,47,0.1818181818,377,11,0.0296858997,27,47,11,0.5238095238,Pseudo-Cyprian,Adversus Judaeos,Saewulf,"Relation des voyages de Saewulf à Jérusalem et en Terre Sainte pendant les années 1102 et 1103,",https://babel.hathitrust.org/cgi/pt?id=hvd.hnfiwh&seq=27
HW2LPX,urn:cts:latinLit:phi0588.abo004,deu,11,0.6588410934,100,110,2.272727273,455,129,0.2905545568,100,110,11,1,"Nepos, Cornelius",Pausanias,"Nepos, Cornelius.","De vita excellentium imperatorum,",https://babel.hathitrust.org/cgi/pt?id=hvd.hw2lpx&seq=100
HW2LPX,urn:cts:latinLit:phi0588.abo016,deu,11,0.61966701,263,273,2.363636364,445,108,0.2478289498,263,273,11,1,"Nepos, Cornelius",Pelopidas,"Nepos, Cornelius.","De vita excellentium imperatorum,",https://babel.hathitrust.org/cgi/pt?id=hvd.hw2lpx&seq=263
32044082506932,urn:cts:greekLit:tlg0008.tlg001,lat,11,0.6195856854,8,18,2.636363636,409,103,0.250674677,8,18,11,1,Athenaeus of Naucratis,Deipnosophistae,Hermesianax Colophonius.,Elegi.,https://babel.hathitrust.org/cgi/pt?id=hvd.32044082506932&seq=8
32044010117786,urn:cts:latinLit:stoa0275.stoa006,lat,15,0.8735042735,61,447,4.133333333,530,15,0.03026052205,61,95,11,0.3142857143,Tertullian,Adversus Marcionem,David,"De exterioris et interioris hominis compositione secundum triplicem statum incipientium, proficientium et perfectorum libri tres; castigati et denuo editi a pp. Collegii S. Bonaventurae.",https://babel.hathitrust.org/cgi/pt?id=hvd.32044010117786&seq=61
32044035020908,urn:cts:greekLit:tlg0070.tlg001,lat,11,0.6068896493,402,412,2.727272727,1316,114,0.08613768735,402,412,11,1,"Isidore, of Charax",Mansiones Parthicae,,Geographi graeci minores.E codicibus recognovit prolegomenis annotatione indicibus instruxit...Carolus Mullerus.,https://babel.hathitrust.org/cgi/pt?id=hvd.32044035020908&seq=402
32044019775683,urn:cts:latinLit:stoa0162.stoa004,lat,11,0.647972422,111,121,2.909090909,610,143,0.2428712103,111,121,11,1,"Jerome, Saint",Epistulae,,Corpus scriptorum ecclesiasticorum Latinorum.,https://babel.hathitrust.org/cgi/pt?id=hvd.32044019775683&seq=111
32044085212280,urn:cts:latinLit:phi0588.abo001,lat,11,0.6791956715,25,35,3.090909091,617,166,0.2676983083,25,35,11,1,"Nepos, Cornelius",Miltiades,"Nepos, Cornelius",Le vite di Cornelio Nipote.,https://babel.hathitrust.org/cgi/pt?id=hvd.32044085212280&seq=25
32044098639248,urn:cts:greekLit:tlg0066.tlg001,lat,11,0.6325876958,308,318,3.909090909,1334,333,0.2521823559,308,318,11,1,"Heraclides, Criticus",Descriptio Graeciae,,Fragmenta historicorum graecorum,https://babel.hathitrust.org/cgi/pt?id=hvd.32044098639248&seq=308
HNSSVC,urn:cts:latinLit:stoa0040.stoa017,lat,13,1,297,347,0,520,13,0.02550169436,297,325,11,0.3793103448,Augustine,Contra Adimantum,"Billot, Louis","Tractatus de Ecclesia Christi, sive, Continuatio theologiae de Verbo Incarnato",https://babel.hathitrust.org/cgi/pt?id=hvd.hnssvc&seq=297
HN2WZZ,urn:cts:latinLit:phi0893.phi006,eng,14,0.6582051159,30,857,11.92857143,1591,489,0.2933992649,836,846,11,1,Horace,Ars Poetica,"Jonson, Ben",Works.,https://babel.hathitrust.org/cgi/pt?id=hvd.hn2wzz&seq=836
32044100860279,urn:cts:greekLit:tlg0031.tlg022,ell,11,0.6395913893,208,218,2.636363636,546,114,0.2090369376,208,218,11,1,New Testament,2 Peter,,"Novum Testamentum graece / ad antiquos testes denuo recensuit, apparatum criticum omni studio perfectum apposuit, commentationem isagogicam praetexuit",https://babel.hathitrust.org/cgi/pt?id=hvd.32044100860279&seq=208
HNTBS4,urn:cts:latinLit:stoa0104a.stoa010,deu,11,0.7440539537,286,296,3.636363636,444,25,0.05612871302,286,296,11,1,"Cyprian Saint, Bishop of Carthage",De Unitate Ecclesiae Catholicae Liber,,Pastor bonus.,https://babel.hathitrust.org/cgi/pt?id=hvd.hntbs4&seq=286
HXJUV5,urn:cts:latinLit:stoa0040.stoa003,lat,11,0.9393939394,97,121,0.1818181818,835,11,0.01327299647,97,121,11,0.44,Augustine,De civitate dei,Valerius Maximus.,Valerius Maximus De dictis factisque memorabilibus ; et Jul. Obsequens De Prodigiis,https://babel.hathitrust.org/cgi/pt?id=hvd.hxjuv5&seq=97
HX5Y7E,urn:cts:latinLit:phi2331.phi008,lat,11,0.9393939394,963,983,0.1818181818,464,11,0.02375166411,963,983,11,0.5238095238,Scriptores Historiae Augustae,Pertinax,"Heineccius, Jo[hann] Gottl[ieb]","Elementa iuris Germanici tum veteris, tum quod hodie in ipsis obtinet rerum argumentis.",https://babel.hathitrust.org/cgi/pt?id=hvd.hx5y7e&seq=963
32044085075380,urn:cts:greekLit:tlg0033.tlg002,deu,11,0.6257789391,162,172,4.727272727,627,133,0.2154820327,162,172,11,1,Pindar,Pythian,,Anthologie aus den griechischen lyrikern,https://babel.hathitrust.org/cgi/pt?id=hvd.32044085075380&seq=162
AH3VQ5,urn:cts:latinLit:stoa0162.stoa004,lat,11,0.651197973,117,127,2.818181818,584,144,0.2561625311,117,127,11,1,"Jerome, Saint",Epistulae,Augustine,S. Avreli Avgvstini Hipponiensis episcopi Epistvlae.,https://babel.hathitrust.org/cgi/pt?id=hvd.ah3vq5&seq=117
HL0NLA,urn:cts:greekLit:tlg2042.tlg001,ell,54,0.7006944444,12,561,0.7222222222,2032,56,0.0276048415,74,85,11,0.9166666667,Origen,Contra Celsum,,Nomikē.,https://babel.hathitrust.org/cgi/pt?id=hvd.hl0nla&seq=74
HX5PYI,urn:cts:greekLit:tlg0014.tlg005,eng,11,0.6309039695,167,177,4.727272727,884,178,0.2059365914,167,177,11,1,Demosthenes,On the Peace,Demosthenes.,"Demosthenes,",https://babel.hathitrust.org/cgi/pt?id=hvd.hx5pyi&seq=167
32044085185817,urn:cts:latinLit:stoa0058.stoa001,lat,11,0.6589030152,12,22,2.272727273,425,63,0.1516658746,12,22,11,1,Boethius,De consolatione philosophiae,"Lindemann, Heinrich.",De codicibus Bibliothecae zwiccaviensis.,https://babel.hathitrust.org/cgi/pt?id=hvd.32044085185817&seq=12
32044085078459,urn:cts:greekLit:tlg0070.tlg001,ell,11,0.6685413749,319,330,2.181818182,405,108,0.2637649567,319,330,11,0.9166666667,"Isidore, of Charax",Mansiones Parthicae,Marcianus,"Périple de Marcien d'Héraclée : Épitome d'Artémidore, Isidore de Charax, etc., ou Supplément aux dernières éditions des Petits géographes d'après un manuscrit grec de la Bibliothèque royale",https://babel.hathitrust.org/cgi/pt?id=hvd.32044085078459&seq=319
HW20TM,urn:cts:greekLit:tlg0062.tlg029,ell,11,0.6978409413,16,26,2.454545455,875,194,0.231554684,16,26,11,1,Lucian of Samosata,Somnium sive vita Luciani,Lucian,Ausgewählte Schriften des Lucian : Für den Schulgebrauch,https://babel.hathitrust.org/cgi/pt?id=hvd.hw20tm&seq=16
32044023338718,urn:cts:greekLit:tlg0527.tlg010,ell,11,0.6019893393,241,251,2.818181818,1130,134,0.1185114597,241,251,11,1,Old Testament,Ruth,,"The Old Testament in Greek, according to the text of Codex Vaticanus, supplemented from other uncial manuscripts, with a critical apparatus containing the variants of the chief ancient authorities for the text of the Septuagint.",https://babel.hathitrust.org/cgi/pt?id=hvd.32044023338718&seq=241
HXJVCH,urn:cts:greekLit:tlg0540.tlg032,deu,13,0.6330693949,97,117,2.307692308,1312,129,0.09794559158,104,117,11,0.7857142857,Lysias,Against Diogeiton,Lysias.,Ausgewählte Reden des Lysias : für den Schulgebrach,https://babel.hathitrust.org/cgi/pt?id=hvd.hxjvch&seq=104
32044094423183,urn:cts:latinLit:phi0474.phi008,lat,11,0.7272727273,406,417,0.5454545455,593,11,0.01977128859,406,417,11,0.9166666667,"Cicero, Marcus Tullius",Pro A. Caecina,,Works of the Camden Society.,https://babel.hathitrust.org/cgi/pt?id=hvd.32044094423183&seq=406
32044018895185,urn:cts:latinLit:phi0588.abo001,eng,11,0.7195498096,38,48,2.272727273,605,179,0.2958874589,38,48,11,1,"Nepos, Cornelius",Miltiades,"Nepos, Cornelius.",Liber de excellentibus ducibus exterarum gentium.,https://babel.hathitrust.org/cgi/pt?id=hvd.32044018895185&seq=38
HNTL6L,urn:cts:latinLit:stoa0040.stoa019,lat,14,0.7886640355,121,432,3.357142857,881,19,0.02367936006,135,155,11,0.5238095238,Augustine,Contra Cresconium,Jesuits.,"Theologia dogmatica, polemica, scholastica et moralis : praelectionibus publicis in alma Universitate Wirceburgensi accommodata",https://babel.hathitrust.org/cgi/pt?id=hvd.hntl6l&seq=135
32044102854809,urn:cts:greekLit:tlg0540.tlg016,eng,11,0.624525606,140,150,3.272727273,669,153,0.2330398711,140,150,11,1,Lysias,Before the Council: In Defense of Mantitheus at His Scrutiny,Lysias.,"Eight orations of Lysias,",https://babel.hathitrust.org/cgi/pt?id=hvd.32044102854809&seq=140
HXJVBW,urn:cts:greekLit:tlg0540.tlg016,eng,11,0.639218732,138,148,3,678,150,0.2262535605,138,148,11,1,Lysias,Before the Council: In Defense of Mantitheus at His Scrutiny,Lysias.,"Eight orations of Lysias,",https://babel.hathitrust.org/cgi/pt?id=hvd.hxjvbw&seq=138
HW5N55,urn:cts:latinLit:stoa0119.stoa003,lat,13,0.8667582418,31,613,1,489,13,0.02674844228,593,613,11,0.5238095238,Eugippius,Excerpta ex Operibus Augustini,"Frommann, Erhardt Andreas.",Opusculorum philologici atque historici argumenti : antea sigillatim editorum nunc in unum collectorum digestorumue,https://babel.hathitrust.org/cgi/pt?id=hvd.hw5n55&seq=593
HXJVRX,urn:cts:greekLit:tlg0014.tlg005,eng,11,0.6268271528,165,175,4.727272727,896,179,0.2054963374,165,175,11,1,Demosthenes,On the Peace,Demosthenes.,"Demosthenes,",https://babel.hathitrust.org/cgi/pt?id=hvd.hxjvrx&seq=165
32044004549754,urn:cts:greekLit:tlg0031.tlg015,deu,11,0.6455091693,466,728,2.363636364,633,151,0.2616510019,466,484,10,0.5263157895,New Testament,First Epistle to Timothy,,Die gotische Bibel,https://babel.hathitrust.org/cgi/pt?id=hvd.32044004549754&seq=466
32044098648710,urn:cts:greekLit:tlg2057.tlg002,ell,12,0.7487323701,220,743,4.833333333,480,13,0.02714715788,725,743,10,0.5263157895,Socrates Scholasticus,Ecclesiastical history,"Philologikos Syllogos ""Parnassos.""",Parnassos : syngramma periodikon kata mēna ekdidomenon.,https://babel.hathitrust.org/cgi/pt?id=hvd.32044098648710&seq=725
32044100293190,urn:cts:latinLit:stoa0045a.stoa001,spa,15,1,293,393,0,711,17,0.02461659955,293,335,10,0.2325581395,Catholic Church. Pope,Epistulae imperatorum pontificum aliorum,"Isla, José Francisco de","Historia del famoso predicador fray Gerundio de Campazas, alias Zotes.",https://babel.hathitrust.org/cgi/pt?id=hvd.32044100293190&seq=293
HN2XZU,urn:cts:latinLit:phi0959.phi003,lat,10,0.636854512,447,456,1.9,677,109,0.1721392028,447,456,10,1,Ovid,Medicamina faciei femineae,Ovid,Publii Ovidii Nasonis Opera omnia,https://babel.hathitrust.org/cgi/pt?id=hvd.hn2xzu&seq=447
HXPP6Q,urn:cts:greekLit:tlg1389.tlg001,ell,26,0.7106707481,43,537,4.807692308,2025,42,0.0284755389,101,125,10,0.4,Harpocration,Lexicon in decem oratores Atticos,"Dobson, William Stephen",Oratores attici et quos sic vocant sophistae.,https://babel.hathitrust.org/cgi/pt?id=hvd.hxpp6q&seq=101
HNATCQ,urn:cts:greekLit:tlg0048.tlg001,fra,11,0.6639236643,463,475,5.909090909,731,162,0.2216271586,466,475,10,1,"Philip II, King of Macedonia",Epistulae,Demosthenes.,"Les harangues de Démosthène : texte grec, publié -- avec un commentaire critique et explicatif, une introduction générale et des notices sur chaque discours",https://babel.hathitrust.org/cgi/pt?id=hvd.hnatcq&seq=466
AH5HEJ,urn:cts:greekLit:tlg2042.tlg021,ell,12,0.6128824477,90,641,2.833333333,310,18,0.1047640508,603,641,10,0.2564102564,Origen,In Jeremiam (Homiliae 12-20),"Pharmakidēs, Theoklētos",Ē kainē diathēkē meta hūpomnēmatōn archaiōn,https://babel.hathitrust.org/cgi/pt?id=hvd.ah5hej&seq=603
32044085212231,urn:cts:latinLit:phi0588.abo015,deu,10,0.7508155419,111,120,2.1,808,191,0.2370928419,111,120,10,1,"Nepos, Cornelius",Epaminondas,"Nepos, Cornelius.",Cornelius Nepos. Für schüler mit erläuternden und eine richtige übersetzung fördernden anmerkungen verschen von Johannes Siebelis.,https://babel.hathitrust.org/cgi/pt?id=hvd.32044085212231&seq=111
HN5W5J,urn:cts:greekLit:tlg0008.tlg001,ell,10,1,828,845,0,391,10,0.02579067274,828,845,10,0.5555555556,Athenaeus of Naucratis,Deipnosophistae,Demosthenes.,Orationes.,https://babel.hathitrust.org/cgi/pt?id=hvd.hn5w5j&seq=828
HNKF7E,urn:cts:latinLit:phi0474.phi010,deu,11,0.8281718282,18,317,3.454545455,558,11,0.02073945593,300,317,10,0.5555555556,"Cicero, Marcus Tullius",Pro A. Cluentio,"Weber, Georg","Allgemeine Weltgeschichte,",https://babel.hathitrust.org/cgi/pt?id=hvd.hnkf7e&seq=300
32044069760742,urn:cts:greekLit:tlg0031.tlg022,ell,10,0.6437453709,208,218,2.8,484,109,0.2249953278,208,218,10,0.9090909091,New Testament,2 Peter,,"Novum Testamentum graece / ad antiquos testes denuo recensuit, apparatum criticum omni studio perfectum apposuit, commentationem isagogicam praetexuit",https://babel.hathitrust.org/cgi/pt?id=hvd.32044069760742&seq=208
32044019501329,urn:cts:greekLit:tlg4003.tlg002,lat,13,0.6036432359,46,733,4.307692308,1448,335,0.226211943,724,733,10,1,"Marcianus, of Heraclea",Menippi periplus maris interni (epitome Marciani),,"Geographi Graeci minores. E codicibus recognovit prolegomenis, annotatione, indicibus instruxit, tabulis aeri incisis illustravit Carolus Müllerus.",https://babel.hathitrust.org/cgi/pt?id=hvd.32044019501329&seq=724
32044088789060,urn:cts:greekLit:tlg0057.tlg100,ell,10,0.9025641026,449,468,3.8,390,10,0.02752361673,449,468,10,0.5,Galen,In Hippocratis De fracturis,"Kazazēs, Neoklēs",To Makedonikon provlēma,https://babel.hathitrust.org/cgi/pt?id=hvd.32044088789060&seq=449
32044050801216,urn:cts:latinLit:stoa0117p.stoa001,lat,13,0.6043293396,27,484,5.846153846,687,200,0.2909334783,183,192,10,1,Pseudo-Eucherius,De Situ Hierusolimitanae Urbis Atque Ipsius Judaeae,,Corpus scriptorum ecclesiasticorum Latinorum.,https://babel.hathitrust.org/cgi/pt?id=hvd.32044050801216&seq=183
32044022671796,urn:cts:latinLit:phi0474.phi026,rus,12,0.8780864198,347,789,2.25,448,12,0.03117384163,347,369,10,0.4347826087,"Cicero, Marcus Tullius",Pro L. Cornelio Balbos,Russia.,Zhurnal Ministerstva narodnago prosvi͡eshchenii͡a.,https://babel.hathitrust.org/cgi/pt?id=hvd.32044022671796&seq=347
32044097066864,urn:cts:latinLit:phi0474.phi051,lat,10,0.6156312391,112,121,3.8,592,175,0.2968535309,112,121,10,1,"Cicero, Marcus Tullius",De Senectute,"Barss, John Edmund","Third year Latin for sight reading, selections from Sallust and Cicero,",https://babel.hathitrust.org/cgi/pt?id=hvd.32044097066864&seq=112
HXPP6S,urn:cts:greekLit:tlg0540.tlg024,ell,11,0.6128229654,633,917,3.272727273,933,175,0.2102977765,633,642,10,1,Lysias,On The Refusal Of A Pension,"Dobson, William Stephen",Oratores attici et quos sic vocant sophistae.,https://babel.hathitrust.org/cgi/pt?id=hvd.hxpp6s&seq=633
HN221T,urn:cts:latinLit:phi0588.abo015,deu,10,0.7527729907,144,153,2,718,202,0.2863121425,144,153,10,1,"Nepos, Cornelius",Epaminondas,"Nepos, Cornelius.",Cornelius Nepos,https://babel.hathitrust.org/cgi/pt?id=hvd.hn221t&seq=144
32044054127378,urn:cts:latinLit:stoa0104p.stoa013,lat,14,0.6093239147,133,549,4.857142857,1142,221,0.2377410144,133,142,10,1,Pseudo-Cyprian,De Spectaculis,Cyprian,S. Thasci Caecili Cypriani opera omnia,https://babel.hathitrust.org/cgi/pt?id=hvd.32044054127378&seq=133
32044100860279,urn:cts:greekLit:tlg0031.tlg016,ell,10,0.6779989588,540,549,2.4,452,129,0.2869314016,540,549,10,1,New Testament,Second Timothy,,"Novum Testamentum graece / ad antiquos testes denuo recensuit, apparatum criticum omni studio perfectum apposuit, commentationem isagogicam praetexuit",https://babel.hathitrust.org/cgi/pt?id=hvd.32044100860279&seq=540
32044097066856,urn:cts:latinLit:phi0474.phi051,lat,10,0.6027429412,110,119,4.3,584,170,0.2938265015,110,119,10,1,"Cicero, Marcus Tullius",De Senectute,"Barss, John Edmund","Third year Latin for sight reading, selections from Sallust and Cicero,",https://babel.hathitrust.org/cgi/pt?id=hvd.32044097066856&seq=110
HXJVEL,urn:cts:greekLit:tlg0062.tlg029,ell,10,0.7576135519,16,25,2.1,864,189,0.2216566217,16,25,10,1,Lucian of Samosata,Somnium sive vita Luciani,Lucian,Ausgewählte Schriften des Lucian : Für den Schulgebrauch,https://babel.hathitrust.org/cgi/pt?id=hvd.hxjvel&seq=16
AH5IE5,urn:cts:greekLit:tlg0031.tlg020,ell,10,0.6108969727,487,496,3,570,150,0.2678386351,487,496,10,1,New Testament,Book of James,,Novum Testamentum graece.,https://babel.hathitrust.org/cgi/pt?id=hvd.ah5ie5&seq=487
AH5ICV,urn:cts:greekLit:tlg0031.tlg022,ell,10,0.6218150998,1208,1218,3.1,495,109,0.2200651686,1208,1218,10,0.9090909091,New Testament,2 Peter,,"Novum Testamentum graece / ad antiquos testes denuo recensuit, apparatum criticum omni studio perfectum apposuit, commentationem isagogicam praetexuit",https://babel.hathitrust.org/cgi/pt?id=hvd.ah5icv&seq=1208
32044079702478,urn:cts:greekLit:tlg2057.tlg002,ell,12,0.8368704018,18,647,8.166666667,479,12,0.02577637576,627,647,10,0.4761904762,Socrates Scholasticus,Ecclesiastical history,"Rizareios Ekklēsiastikē Scholē (Athens, Greece)","Hevdomēkontapentaetēris tēs Rizareiou ekklēsiastikēs scholēs, 1844-1919. Panēgyrikos tomos ekdotheis.",https://babel.hathitrust.org/cgi/pt?id=hvd.32044079702478&seq=627
HXJTUX,urn:cts:greekLit:tlg0035.tlg003,ell,10,0.6784998803,46,55,2.2,1117,126,0.1135231686,46,55,10,1,Moschus,Epitaphius Bios,Bion,"Bionis et Moschi Carmina ex codicibus Italis a se collatis,",https://babel.hathitrust.org/cgi/pt?id=hvd.hxjtux&seq=46
32044020100624,urn:cts:latinLit:stoa0040.stoa057,lat,11,0.8521212121,10,349,2.363636364,554,11,0.04773191642,289,349,10,0.1639344262,Augustine,De Peccatorum Meritis et Remissione et de Baptismo Parvulorum,,Corpus scriptorum ecclesiasticorum Latinorum.,https://babel.hathitrust.org/cgi/pt?id=hvd.32044020100624&seq=289
32044097077945,urn:cts:latinLit:phi0474.phi035,eng,10,0.711953939,347,356,2.4,666,169,0.2497400554,347,356,10,1,"Cicero, Marcus Tullius",Philippicae,"Cicero, Marcus Tullius.","Selected orations and letters of Cicero, to which is added the Catiline of Sallust; with historical introduction, an outline of the Roman constitution, notes, vocabulary and index, by Harold Whetstone Johnston ...",https://babel.hathitrust.org/cgi/pt?id=hvd.32044097077945&seq=347
HXG92Y,urn:cts:greekLit:tlg0035.tlg002,ell,10,0.6801167878,340,349,2.5,627,173,0.2782175982,340,349,10,1,Moschus,Europa,,Poetae minores Graeci,https://babel.hathitrust.org/cgi/pt?id=hvd.hxg92y&seq=340
HXG92Y,urn:cts:greekLit:tlg0035.tlg003,ell,10,0.6065711847,350,359,2.7,685,127,0.1903325055,350,359,10,1,Moschus,Epitaphius Bios,,Poetae minores Graeci,https://babel.hathitrust.org/cgi/pt?id=hvd.hxg92y&seq=350
HWKGKF,urn:cts:latinLit:stoa0040.stoa044,spa,12,1,242,309,0,523,17,0.03391838484,242,285,10,0.2272727273,Augustine,De Gestis Pelagii,"Le Sage, Alain René",Historia de Gil Blas de Santillana.,https://babel.hathitrust.org/cgi/pt?id=hvd.hwkgkf&seq=242
HN6IUF,urn:cts:latinLit:phi0588.abo001,eng,10,0.7106871936,22,31,6.5,743,184,0.2493776066,22,31,10,1,"Nepos, Cornelius",Miltiades,"Nepos, Cornelius.",Vitae. For the use of schools.,https://babel.hathitrust.org/cgi/pt?id=hvd.hn6iuf&seq=22
HXJVJS,urn:cts:latinLit:phi0588.abo015,deu,10,0.7175729386,146,155,2.8,731,204,0.2839405138,146,155,10,1,"Nepos, Cornelius",Epaminondas,"Nepos, Cornelius.",Cornelius Nepos,https://babel.hathitrust.org/cgi/pt?id=hvd.hxjvjs&seq=146
32044098628688,urn:cts:latinLit:phi2331.phi003,lat,10,0.8,366,388,0.4,402,10,0.02492085827,366,388,10,0.4347826087,Scriptores Historiae Augustae,Antoninus Pius,,Mnemosyne.,https://babel.hathitrust.org/cgi/pt?id=hvd.32044098628688&seq=366
32044099995607,urn:cts:greekLit:tlg0031.tlg015,ell,10,0.6968607744,464,482,2.1,519,152,0.2914529806,464,482,10,0.5263157895,New Testament,First Epistle to Timothy,,Die gotische Bibel.,https://babel.hathitrust.org/cgi/pt?id=hvd.32044099995607&seq=464
32044105516488,urn:cts:latinLit:stoa0171.stoa002,lat,12,0.6289996893,18,767,8.833333333,612,12,0.02000009046,18,27,10,1,Lactantius,De Mortibus Persecutorum,"Surius, Laurentius",Historiae seu vitae sanctorum : juxta optimam coloniensem editionem ...,https://babel.hathitrust.org/cgi/pt?id=hvd.32044105516488&seq=18
32044085146967,urn:cts:greekLit:tlg0033.tlg003,lat,11,0.6008162082,8,31,3.818181818,476,107,0.2238052695,8,23,10,0.625,Pindar,Nemean,,Pindari Nemeorum carmen sextum.,https://babel.hathitrust.org/cgi/pt?id=hvd.32044085146967&seq=8
HXQ2YN,urn:cts:latinLit:stoa0045.stoa005,lat,10,0.6528939598,670,679,2.2,637,106,0.1634510117,670,679,10,1,"Ausonius, Decimus Magnus",Cupido Cruciatus,"Lemaire, N. E.",Poetae Latini minores.,https://babel.hathitrust.org/cgi/pt?id=hvd.hxq2yn&seq=670
32044031563224,urn:cts:greekLit:tlg0540.tlg024,fra,10,0.730339318,138,147,2.1,528,148,0.2815770831,138,147,10,1,Lysias,On The Refusal Of A Pension,Lysias.,"Discours choisis avec une introduction, des notes, et un index des noms propres et des termes d'antiquités,",https://babel.hathitrust.org/cgi/pt?id=hvd.32044031563224&seq=138
AH3VQZ,urn:cts:latinLit:stoa0040.stoa057,lat,10,1,295,351,0,577,10,0.01752478107,295,351,10,0.1754385965,Augustine,De Peccatorum Meritis et Remissione et de Baptismo Parvulorum,Augustine,Sancti Avreli Avgvstini De fide et symbolo.,https://babel.hathitrust.org/cgi/pt?id=hvd.ah3vqz&seq=295
HXQ4QE,urn:cts:latinLit:phi0588.abo016,deu,10,0.6225205787,343,352,2.6,829,104,0.1264399511,343,352,10,1,"Nepos, Cornelius",Pelopidas,"Nepos, Cornelius.",Cornelii Nepotis Vitae Excellentium Imperatorum.,https://babel.hathitrust.org/cgi/pt?id=hvd.hxq4qe&seq=343
HXQ4QE,urn:cts:latinLit:phi0588.abo009,deu,10,0.6509090452,232,241,2.4,880,110,0.1284695123,232,241,10,1,"Nepos, Cornelius",Conon,"Nepos, Cornelius.",Cornelii Nepotis Vitae Excellentium Imperatorum.,https://babel.hathitrust.org/cgi/pt?id=hvd.hxq4qe&seq=232
HXJVTD,urn:cts:greekLit:tlg0048.tlg001,fra,11,0.6769403377,465,477,5.909090909,724,161,0.2241217295,468,477,10,1,"Philip II, King of Macedonia",Epistulae,Demosthenes.,"Les harangues de Démosthène : texte grec publié d'après les travaux les plus récents de la philologie, avec un commentaire critique et explicatif, une introduction générale et des notices sur chaque discours",https://babel.hathitrust.org/cgi/pt?id=hvd.hxjvtd&seq=468
32044038400024,urn:cts:greekLit:tlg1622.tlg001,lat,13,0.6059578857,25,452,3.615384615,1124,216,0.186053291,439,449,10,0.9090909091,Polycarp,Epistula ad Philippenses,,"Patrum apostolicorum opera. Textum ad fidem codicum et Graecorum et Latinorum, ineditorum copia insignium, adhibitis praestantissimis editionibus, recensuit atque emendavit ... instruxit Albertus Rud. Max. Dressel. Accedit Hermae Pastor ex fragmentis Graecis Lipsiensibus, instituta quaestione de vero emus textus fonte, auctore Constantino Tischendorf.",https://babel.hathitrust.org/cgi/pt?id=hvd.32044038400024&seq=439
32044092863802,urn:cts:greekLit:tlg4013.tlg003,ell,13,1,35,67,0,768,13,0.01695661256,35,53,10,0.5263157895,Simplicius,In Aristotelis Categorias Commentarium,"Hellēnikos Philologikos Syllogos (Istanbul, Turkey)",Syngramma periodikon.,https://babel.hathitrust.org/cgi/pt?id=hvd.32044092863802&seq=35
32044105533350,urn:cts:latinLit:stoa0162.stoa004,ita,20,0.809746732,83,300,3.25,815,20,0.03130652137,239,265,10,0.3703703704,"Jerome, Saint",Epistulae,Società storica comense (Italy),Periodico.,https://babel.hathitrust.org/cgi/pt?id=hvd.32044105533350&seq=239
HXPP8Z,urn:cts:greekLit:tlg0057.tlg101,ell,15,0.6863601625,314,852,2.533333333,477,128,0.2409785396,843,852,10,1,Galen,In Hippocratis De officina medici,,Medicorum graecorum opera qvae exstant.,https://babel.hathitrust.org/cgi/pt?id=hvd.hxpp8z&seq=843
HN2NR8,urn:cts:latinLit:phi0959.phi003,lat,10,0.620241661,761,770,2.3,814,110,0.1364227458,761,770,10,1,Ovid,Medicamina faciei femineae,Ovid,P. Ovidii Nasonis Opera omnia : in tres tomos divisa,https://babel.hathitrust.org/cgi/pt?id=hvd.hn2nr8&seq=761
HN64YB,urn:cts:latinLit:phi0588.abo011,lat,9,0.6285489841,176,184,2,354,80,0.227570024,176,184,9,1,"Nepos, Cornelius",Iphicrates,"Nepos, Cornelius.","Vitae excellentium imperatorum, quorumdam iconibus ornatae, et nonnullis animadversionibus, partim criticis, partim historicis,",https://babel.hathitrust.org/cgi/pt?id=hvd.hn64yb&seq=176
32044098638950,urn:cts:latinLit:phi0588.abo004,lat,9,0.6323877952,121,129,2.888888889,465,112,0.2404833312,121,129,9,1,"Nepos, Cornelius",Pausanias,,"Scriptores latini in usum Delphini, cum notis variorum variis lectionibus, conspectu codicum et editionum et indicibus locupletissimus accurate recensiti.",https://babel.hathitrust.org/cgi/pt?id=hvd.32044098638950&seq=121
32044098638950,urn:cts:latinLit:phi0588.abo020,lat,9,0.6289359228,297,305,2.888888889,439,118,0.2649007692,297,305,9,1,"Nepos, Cornelius",Timoleon,,"Scriptores latini in usum Delphini, cum notis variorum variis lectionibus, conspectu codicum et editionum et indicibus locupletissimus accurate recensiti.",https://babel.hathitrust.org/cgi/pt?id=hvd.32044098638950&seq=297
HNU5V5,urn:cts:latinLit:phi0474.phi048,lat,9,0.8928571429,479,493,3,367,9,0.02460368582,479,493,9,0.6,"Cicero, Marcus Tullius",de Finibus Bonorum et Malorum,Thomas,Summa theologica,https://babel.hathitrust.org/cgi/pt?id=hvd.hnu5v5&seq=479
HXJWHM,urn:cts:greekLit:tlg0036.tlg001,lat,9,0.6343907767,347,355,2.333333333,371,97,0.259549753,347,355,9,1,Bion of Phlossa,Epitaphius Adonis,Theocritus.,"Theocriti, Bionis et Moschi carmina Graece",https://babel.hathitrust.org/cgi/pt?id=hvd.hxjwhm&seq=347
HXJH8T,urn:cts:greekLit:tlg0008.tlg001,ell,9,1,377,397,0,377,9,0.02402182695,377,397,9,0.4285714286,Athenaeus of Naucratis,Deipnosophistae,"Bekker, Immanuel",Oratores attica,https://babel.hathitrust.org/cgi/pt?id=hvd.hxjh8t&seq=377
32044085138691,urn:cts:greekLit:tlg0540.tlg022,deu,9,0.7170013508,351,359,2.333333333,765,133,0.1754453681,351,359,9,1,Lysias,Against The Corn-Dealers,Lysias.,Ausgewählte Reden des Lysias,https://babel.hathitrust.org/cgi/pt?id=hvd.32044085138691&seq=351
HNATCQ,urn:cts:greekLit:tlg0014.tlg011,fra,9,0.8301725099,484,492,1,597,147,0.2513349167,484,492,9,1,Demosthenes,Answer to Philip’s Letter,Demosthenes.,"Les harangues de Démosthène : texte grec, publié -- avec un commentaire critique et explicatif, une introduction générale et des notices sur chaque discours",https://babel.hathitrust.org/cgi/pt?id=hvd.hnatcq&seq=484
32044085212231,urn:cts:latinLit:phi0588.abo010,deu,9,0.7338507269,83,91,2.444444444,713,173,0.244113697,83,91,9,1,"Nepos, Cornelius",Dion,"Nepos, Cornelius.",Cornelius Nepos. Für schüler mit erläuternden und eine richtige übersetzung fördernden anmerkungen verschen von Johannes Siebelis.,https://babel.hathitrust.org/cgi/pt?id=hvd.32044085212231&seq=83
32044085212231,urn:cts:latinLit:phi0588.abo014,deu,9,0.7755431829,102,110,2.111111111,690,191,0.2792501404,102,110,9,1,"Nepos, Cornelius",Datames,"Nepos, Cornelius.",Cornelius Nepos. Für schüler mit erläuternden und eine richtige übersetzung fördernden anmerkungen verschen von Johannes Siebelis.,https://babel.hathitrust.org/cgi/pt?id=hvd.32044085212231&seq=102
32044085180917,urn:cts:latinLit:phi0959.phi007,eng,9,0.7112339191,235,243,2.777777778,771,169,0.2203034601,235,243,9,1,Ovid,Fasti,"Pinder, North",Selections from the less known latin poets,https://babel.hathitrust.org/cgi/pt?id=hvd.32044085180917&seq=235
AH3UDS,urn:cts:latinLit:stoa0275.stoa016,lat,10,0.753030303,407,423,3.5,514,10,0.01962049132,407,417,9,0.8181818182,Tertullian,De Fuga in Persecutione,"Frassen, Claude",Scotus academicus seu universa doctoris subtilis theologica dogmata qua︠e︡ ad nitidam et solidam academia︠e︡ parisiensis docendi methodum concinnavit,https://babel.hathitrust.org/cgi/pt?id=hvd.ah3uds&seq=407
HW2JY3,urn:cts:greekLit:tlg0036.tlg001,lat,9,0.6318307377,347,355,2.444444444,381,99,0.2576952848,347,355,9,1,Bion of Phlossa,Epitaphius Adonis,Theocritus.,"Theocriti, Bionis et Moschi carmina Graece",https://babel.hathitrust.org/cgi/pt?id=hvd.hw2jy3&seq=347
HWRJ34,urn:cts:latinLit:phi0978.phi001,eng,13,0.6512879865,15,363,8.846153846,586,15,0.02563537017,182,199,9,0.5,"Pliny, the Elder",Naturalis Historia,"Ferrero, Guglielmo","The greatness and decline of Rome,",https://babel.hathitrust.org/cgi/pt?id=hvd.hwrj34&seq=182
HNARL2,urn:cts:greekLit:tlg0035.tlg002,ell,9,0.6604351791,289,297,3.777777778,669,167,0.2511657534,289,297,9,1,Moschus,Europa,Theocritus.,"Bucolicorum Graecorum Theocriti Bionis, Moschi reliquinae : accedentibus incertorum idylliis",https://babel.hathitrust.org/cgi/pt?id=hvd.hnarl2&seq=289
HN221S,urn:cts:latinLit:phi0588.abo015,lat,9,0.7603956578,86,94,2,632,186,0.2951394916,86,94,9,1,"Nepos, Cornelius",Epaminondas,"Nepos, Cornelius.",Cornelius Nepos,https://babel.hathitrust.org/cgi/pt?id=hvd.hn221s&seq=86
HXPP6S,urn:cts:greekLit:tlg0540.tlg016,ell,11,0.647815723,504,550,3.363636364,806,197,0.2604485727,542,550,9,1,Lysias,Before the Council: In Defense of Mantitheus at His Scrutiny,"Dobson, William Stephen",Oratores attici et quos sic vocant sophistae.,https://babel.hathitrust.org/cgi/pt?id=hvd.hxpp6s&seq=542
HN221T,urn:cts:latinLit:phi0588.abo010,deu,10,0.6689232526,25,124,3.2,704,185,0.265378351,116,124,9,1,"Nepos, Cornelius",Dion,"Nepos, Cornelius.",Cornelius Nepos,https://babel.hathitrust.org/cgi/pt?id=hvd.hn221t&seq=116
HN2W4Z,urn:cts:greekLit:tlg0007.tlg105,ell,9,0.6244550802,173,181,2.666666667,433,116,0.264385406,173,181,9,1,Plutarch,De Invidia et Odio,Plutarch.,"Ploutarchou tou Chairōneōs Ta ēthika = Plutarchi Chaeronensis Moralia, id est Opera, exceptis vitis, reliqua",https://babel.hathitrust.org/cgi/pt?id=hvd.hn2w4z&seq=173
HN2W4Z,urn:cts:greekLit:tlg0007.tlg099,ell,9,0.6400895808,11,19,2.888888889,403,118,0.287705724,11,19,9,1,Plutarch,An vitiositas ad infelicitatem sufficia,Plutarch.,"Ploutarchou tou Chairōneōs Ta ēthika = Plutarchi Chaeronensis Moralia, id est Opera, exceptis vitis, reliqua",https://babel.hathitrust.org/cgi/pt?id=hvd.hn2w4z&seq=11
AH5IE5,urn:cts:greekLit:tlg0031.tlg011,ell,9,0.6118456108,653,661,3.666666667,506,137,0.2664307285,653,661,9,1,New Testament,Letter to the Philippians,,Novum Testamentum graece.,https://babel.hathitrust.org/cgi/pt?id=hvd.ah5ie5&seq=653
AH5IE5,urn:cts:greekLit:tlg0031.tlg015,ell,9,0.6089902325,707,715,3.666666667,500,150,0.2951065351,707,715,9,1,New Testament,First Epistle to Timothy,,Novum Testamentum graece.,https://babel.hathitrust.org/cgi/pt?id=hvd.ah5ie5&seq=707
HXQ2XK,urn:cts:greekLit:tlg0007.tlg105,ell,9,0.6583784722,173,181,2.777777778,434,121,0.2724361467,173,181,9,1,Plutarch,De Invidia et Odio,Plutarch.,"Ploutarchou tou Chairōneōs Ta ēthika = Plutarchi Chaeronensis Moralia, id est Opera, exceptis vitis, reliqua",https://babel.hathitrust.org/cgi/pt?id=hvd.hxq2xk&seq=173
HXQ2XK,urn:cts:greekLit:tlg0007.tlg099,ell,9,0.6364843213,11,19,2.666666667,409,118,0.2822469094,11,19,9,1,Plutarch,An vitiositas ad infelicitatem sufficia,Plutarch.,"Ploutarchou tou Chairōneōs Ta ēthika = Plutarchi Chaeronensis Moralia, id est Opera, exceptis vitis, reliqua",https://babel.hathitrust.org/cgi/pt?id=hvd.hxq2xk&seq=11
HXPP64,urn:cts:greekLit:tlg0035.tlg002,ell,9,0.6630862541,270,278,3.777777778,685,167,0.2447172508,270,278,9,1,Moschus,Europa,,Poetæ minores græci,https://babel.hathitrust.org/cgi/pt?id=hvd.hxpp64&seq=270
HXPP64,urn:cts:greekLit:tlg0035.tlg003,ell,9,0.6106685736,279,287,3.444444444,721,125,0.1730838984,279,287,9,1,Moschus,Epitaphius Bios,,Poetæ minores græci,https://babel.hathitrust.org/cgi/pt?id=hvd.hxpp64&seq=279
32044018863282,urn:cts:latinLit:phi0978.phi001,eng,13,0.6534461111,13,361,8.923076923,584,16,0.02740209052,180,197,9,0.5,"Pliny, the Elder",Naturalis Historia,"Ferrero, Guglielmo",The greatness and decline of Rome,https://babel.hathitrust.org/cgi/pt?id=hvd.32044018863282&seq=180
HXJTUX,urn:cts:greekLit:tlg0035.tlg002,ell,9,0.7211307323,37,45,2.777777778,862,166,0.194137973,37,45,9,1,Moschus,Europa,Bion,"Bionis et Moschi Carmina ex codicibus Italis a se collatis,",https://babel.hathitrust.org/cgi/pt?id=hvd.hxjtux&seq=37
32044020100624,urn:cts:latinLit:stoa0040.stoa077,lat,24,0.920058595,47,750,1.166666667,1243,35,0.0619573148,653,673,9,0.4285714286,Augustine,Retractationum,,Corpus scriptorum ecclesiasticorum Latinorum.,https://babel.hathitrust.org/cgi/pt?id=hvd.32044020100624&seq=653
32044085112027,urn:cts:greekLit:tlg1319.tlg002,ell,9,0.8333333333,69,81,0.3333333333,344,9,0.02652005284,69,81,9,0.6923076923,Diogenes of Apollonia,Fragmenta,Empedocles.,"Empedoclis Agrigentini fragmenta disposuit,",https://babel.hathitrust.org/cgi/pt?id=hvd.32044085112027&seq=69
AH57TZ,urn:cts:latinLit:phi0474.phi005,lat,12,0.6169365722,96,390,3.083333333,722,13,0.01880989793,245,253,9,1,"Cicero, Marcus Tullius",In C. Verrem,"Ewald, Heinrich",Grammatica critica linguae arabicae.,https://babel.hathitrust.org/cgi/pt?id=hvd.ah57tz&seq=245
32044085181212,urn:cts:latinLit:phi0959.phi009,deu,10,0.6488517371,57,378,5.4,702,188,0.2603312451,370,378,9,1,Ovid,Ex Ponto,"Schulze, K. P.","Römische Elegiker : eine Auswahl aus Catull, Tibull, Properz und Ovid, für den Schulgebrauch",https://babel.hathitrust.org/cgi/pt?id=hvd.32044085181212&seq=370
HXQ4JB,urn:cts:latinLit:phi0588.abo020,lat,9,0.637257608,297,305,2.777777778,438,114,0.2565296185,297,305,9,1,"Nepos, Cornelius",Timoleon,"Nepos, Cornelius.",Vitae excellentium imperatorum.,https://babel.hathitrust.org/cgi/pt?id=hvd.hxq4jb&seq=297
HXQ4JB,urn:cts:latinLit:phi0588.abo004,lat,9,0.6330087511,121,129,2.888888889,465,112,0.2403331949,121,129,9,1,"Nepos, Cornelius",Pausanias,"Nepos, Cornelius.",Vitae excellentium imperatorum.,https://babel.hathitrust.org/cgi/pt?id=hvd.hxq4jb&seq=121
HN6IUF,urn:cts:latinLit:phi0588.abo017,eng,9,0.6949312047,137,145,7.222222222,631,187,0.2958481206,137,145,9,1,"Nepos, Cornelius",Agesilaus,"Nepos, Cornelius.",Vitae. For the use of schools.,https://babel.hathitrust.org/cgi/pt?id=hvd.hn6iuf&seq=137
AH3VQY,urn:cts:latinLit:stoa0040.stoa077,lat,25,0.9231947127,12,752,1.16,1278,36,0.06486656102,655,675,9,0.4285714286,Augustine,Retractationum,Augustine,Sancti Avreli Avgvstini De fide et symbolo.,https://babel.hathitrust.org/cgi/pt?id=hvd.ah3vqy&seq=655
HXJVJS,urn:cts:latinLit:phi0588.abo010,deu,10,0.654679724,27,126,3.4,718,181,0.254448379,118,126,9,1,"Nepos, Cornelius",Dion,"Nepos, Cornelius.",Cornelius Nepos,https://babel.hathitrust.org/cgi/pt?id=hvd.hxjvjs&seq=118
HNP8SZ,urn:cts:latinLit:stoa0040.stoa001,eng,10,0.8565992063,13,61,1.1,291,15,0.05685792177,45,61,9,0.5294117647,Augustine,Confessiones,,Lascine,https://babel.hathitrust.org/cgi/pt?id=hvd.hnp8sz&seq=45
32044079389730,urn:cts:greekLit:tlg0035.tlg002,ell,9,0.637928744,287,295,4.444444444,686,167,0.2439613611,287,295,9,1,Moschus,Europa,Theocritus.,"Bucolicorum Graecorum Theocriti Bionis, Moschi reliquinae : accedentibus incertorum idylliis",https://babel.hathitrust.org/cgi/pt?id=hvd.32044079389730&seq=287
32044031563224,urn:cts:greekLit:tlg0540.tlg016,fra,9,0.7249480237,127,135,2.111111111,445,128,0.2944289358,127,135,9,1,Lysias,Before the Council: In Defense of Mantitheus at His Scrutiny,Lysias.,"Discours choisis avec une introduction, des notes, et un index des noms propres et des termes d'antiquités,",https://babel.hathitrust.org/cgi/pt?id=hvd.32044031563224&seq=127
AH3VQZ,urn:cts:latinLit:stoa0040.stoa077,lat,18,0.8562889528,12,752,1.722222222,840,29,0.1005051178,655,675,9,0.4285714286,Augustine,Retractationum,Augustine,Sancti Avreli Avgvstini De fide et symbolo.,https://babel.hathitrust.org/cgi/pt?id=hvd.ah3vqz&seq=655
AH5IEG,urn:cts:greekLit:tlg0031.tlg012,ell,9,0.6067279603,290,298,3.888888889,607,133,0.226648748,290,298,9,1,New Testament,Epistle to the Colossians,,Novum Testamentum graece.,https://babel.hathitrust.org/cgi/pt?id=hvd.ah5ieg&seq=290
AH5IEG,urn:cts:greekLit:tlg0031.tlg015,ell,9,0.6132046683,335,343,3.777777778,530,152,0.2856862499,335,343,9,1,New Testament,First Epistle to Timothy,,Novum Testamentum graece.,https://babel.hathitrust.org/cgi/pt?id=hvd.ah5ieg&seq=335
AH5IEG,urn:cts:greekLit:tlg0031.tlg020,ell,9,0.6215990162,118,126,3.333333333,618,138,0.2289239647,118,126,9,1,New Testament,Book of James,,Novum Testamentum graece.,https://babel.hathitrust.org/cgi/pt?id=hvd.ah5ieg&seq=118
HNLEXF,urn:cts:latinLit:phi1294.phi002,fra,14,0.6053559378,28,155,2.928571429,553,155,0.2908128837,90,104,9,0.6,Martial,Epigrammata,"Thomas, Paul Louis Désiré","Mœurs romaines. Extraits d'auteurs latins à l'usage des classes supérieurs d'humanités avec des classes supérieures d'humanités avec des notices et des notes,",https://babel.hathitrust.org/cgi/pt?id=hvd.hnlexf&seq=90
HWRJ3R,urn:cts:latinLit:phi0978.phi001,eng,13,0.6502638881,17,365,8.769230769,582,14,0.02417822298,184,201,9,0.5,"Pliny, the Elder",Naturalis Historia,"Ferrero, Guglielmo","The greatness and decline of Rome,",https://babel.hathitrust.org/cgi/pt?id=hvd.hwrj3r&seq=184
32044096580329,urn:cts:latinLit:stoa0276.stoa003,lat,10,0.6375485195,42,602,5.7,1325,349,0.2660232858,42,50,9,1,Pseudo-Tertullian,Adversus Omnes Haereses,,"Patrologiae cursus completus, sive biblioteca universalis, integra, uniformis, commoda, oeconomica, omnium SS. Patrum, doctorum scriptorumque eccelesiasticorum qui ab aevo apostolico ad usque Innocentii III tempora floruerunt ... [Series Latina, in qua prodeunt Patres, doctores scriptoresque Ecclesiae Latinae, a Tertulliano ad Innocentium III]",https://babel.hathitrust.org/cgi/pt?id=hvd.32044096580329&seq=42
HNAJSC,urn:cts:greekLit:tlg0062.tlg003,lat,9,0.6287981686,297,305,3.444444444,491,122,0.2474850155,297,305,9,1,Lucian of Samosata,Bacchus,Lucian,Opera.,https://babel.hathitrust.org/cgi/pt?id=hvd.hnajsc&seq=297
HXJVTD,urn:cts:greekLit:tlg0014.tlg011,fra,9,0.8374148155,486,494,1,577,147,0.2593749322,486,494,9,1,Demosthenes,Answer to Philip’s Letter,Demosthenes.,"Les harangues de Démosthène : texte grec publié d'après les travaux les plus récents de la philologie, avec un commentaire critique et explicatif, une introduction générale et des notices sur chaque discours",https://babel.hathitrust.org/cgi/pt?id=hvd.hxjvtd&seq=486
HNATCR,urn:cts:greekLit:tlg0048.tlg001,fra,10,0.6695732225,465,477,6.3,656,145,0.2221949136,468,477,9,0.9,"Philip II, King of Macedonia",Epistulae,Demosthenes.,"Les harangues de Démosthène : texte grec publié d'après les travaux les plus récents de la philologie, avec un commentaire critique et explicatif, une introduction générale et des notices sur chaque discours",https://babel.hathitrust.org/cgi/pt?id=hvd.hnatcr&seq=468
HNATCR,urn:cts:greekLit:tlg0014.tlg011,fra,9,0.8222580809,486,494,1.111111111,592,146,0.2569451031,486,494,9,1,Demosthenes,Answer to Philip’s Letter,Demosthenes.,"Les harangues de Démosthène : texte grec publié d'après les travaux les plus récents de la philologie, avec un commentaire critique et explicatif, une introduction générale et des notices sur chaque discours",https://babel.hathitrust.org/cgi/pt?id=hvd.hnatcr&seq=486
HN1HQR,urn:cts:greekLit:tlg1264.tlg001,lat,10,1,339,383,0,396,10,0.0253502798,339,371,9,0.2727272727,Chrysippus,Fragmenta Logica et Physica,"Seneca, Lucius Annaeus",Opera quae supersunt ... adiecit Fridericus Haase.,https://babel.hathitrust.org/cgi/pt?id=hvd.hn1hqr&seq=339
HXJ98B,urn:cts:greekLit:tlg2200.tlg00436,ell,9,0.6297657515,313,321,4.777777778,576,168,0.2958256574,313,321,9,1,Libanius,Oratio 36,Libanius.,Libanii Sophistae orationes et declamationes. Ad fidem codicum mspt. recensuit et perpetua adnotatione illustravit Io. Iacobus Reiske.,https://babel.hathitrust.org/cgi/pt?id=hvd.hxj98b&seq=313
HXG94G,urn:cts:greekLit:tlg0533.tlg016,lat,9,0.6307138139,65,81,2.555555556,478,116,0.2378591937,65,81,9,0.5294117647,Callimachus,Hymn to Apollo,Callimachus.,"Hymni,",https://babel.hathitrust.org/cgi/pt?id=hvd.hxg94g&seq=65
HXG94G,urn:cts:greekLit:tlg0533.tlg020,lat,9,0.6476233733,179,195,2.777777778,614,137,0.2331877922,179,195,9,0.5294117647,Callimachus,Hymn to Demeter,Callimachus.,"Hymni,",https://babel.hathitrust.org/cgi/pt?id=hvd.hxg94g&seq=179
32044100860311,urn:cts:greekLit:tlg0031.tlg014,ell,8,0.6882477338,559,566,1.75,418,80,0.1920640003,559,566,8,1,New Testament,Second Letter to the Thessalonians,,Novum Testamentum Graece et Latine,https://babel.hathitrust.org/cgi/pt?id=hvd.32044100860311&seq=559
HXJVBB,urn:cts:greekLit:tlg0540.tlg022,deu,9,0.6450709094,192,249,6.666666667,600,149,0.2441638108,242,249,8,1,Lysias,Against The Corn-Dealers,Lysias.,Ausgewählte reden des Lysias,https://babel.hathitrust.org/cgi/pt?id=hvd.hxjvbb&seq=242
32044098638950,urn:cts:latinLit:phi0588.abo009,lat,8,0.6208862185,170,177,2.875,400,99,0.2464342636,170,177,8,1,"Nepos, Cornelius",Conon,,"Scriptores latini in usum Delphini, cum notis variorum variis lectionibus, conspectu codicum et editionum et indicibus locupletissimus accurate recensiti.",https://babel.hathitrust.org/cgi/pt?id=hvd.32044098638950&seq=170
32044098638950,urn:cts:latinLit:phi0588.abo016,lat,9,0.6018620381,34,255,3,485,102,0.2042800603,248,255,8,1,"Nepos, Cornelius",Pelopidas,,"Scriptores latini in usum Delphini, cum notis variorum variis lectionibus, conspectu codicum et editionum et indicibus locupletissimus accurate recensiti.",https://babel.hathitrust.org/cgi/pt?id=hvd.32044098638950&seq=248
32044085139558,urn:cts:greekLit:tlg0540.tlg008,ita,12,0.6063985876,11,66,4.333333333,574,142,0.2404685373,59,66,8,1,Lysias,Accusation of Calumny,"Vianello, Natale",L'ottava orazione di Lisia e le società private ateniesi.,https://babel.hathitrust.org/cgi/pt?id=hvd.32044085139558&seq=59
HNU5UY,urn:cts:latinLit:stoa0215c.stoa001,lat,10,0.8444444444,81,439,1,387,10,0.02588256915,393,411,8,0.4210526316,"Orosius, Paulus",Historiae Adversum Paganos,Thomas,Summa theologica,https://babel.hathitrust.org/cgi/pt?id=hvd.hnu5uy&seq=393
HW2LT2,urn:cts:greekLit:tlg1264.tlg002,lat,9,0.9722222222,43,203,0,301,10,0.03311605787,165,203,8,0.2051282051,Chrysippus,Fragmenta Moralia,"Seneca, Lucius Annaeus","L. Annaei Senecae Philosophi opera, ad optimas editiones collata. Praemittitur notitia literaria studiis societatis Bipontinae.",https://babel.hathitrust.org/cgi/pt?id=hvd.hw2lt2&seq=165
HXJFDW,urn:cts:greekLit:tlg5026.tlg001,ell,11,0.8289715335,29,705,4.090909091,970,11,0.01238555585,29,43,8,0.5333333333,Scholia in Homerum,Scholia in Iliadem,"Sturz, Friedrich Wilhelm",Lexicon Xenophonteum.,https://babel.hathitrust.org/cgi/pt?id=hvd.hxjfdw&seq=29
32044085212231,urn:cts:latinLit:phi0588.abo017,deu,8,0.7513348204,126,133,2,647,151,0.2350768711,126,133,8,1,"Nepos, Cornelius",Agesilaus,"Nepos, Cornelius.",Cornelius Nepos. Für schüler mit erläuternden und eine richtige übersetzung fördernden anmerkungen verschen von Johannes Siebelis.,https://babel.hathitrust.org/cgi/pt?id=hvd.32044085212231&seq=126
HNU5V3,urn:cts:latinLit:stoa0023.stoa001,lat,9,0.9185185185,819,1015,0.4444444444,356,10,0.02820050537,819,833,8,0.5333333333,Ammianus Marcellinus,Res Gestae,Thomas,Summa theologica,https://babel.hathitrust.org/cgi/pt?id=hvd.hnu5v3&seq=819
32044085138683,urn:cts:greekLit:tlg0540.tlg015,deu,8,0.6121250859,315,322,2.25,790,64,0.08184141378,315,322,8,1,Lysias,Against Alcibiades 2,Lysias.,Für den Schulgebrauch erklärt von Hermann.,https://babel.hathitrust.org/cgi/pt?id=hvd.32044085138683&seq=315
HNAJSD,urn:cts:greekLit:tlg0062.tlg061,lat,8,0.6412583622,147,154,3.5,452,108,0.2374933382,147,154,8,1,Lucian of Samosata,Hesiod,Lucian,Opera.,https://babel.hathitrust.org/cgi/pt?id=hvd.hnajsd&seq=147
32044019309897,urn:cts:latinLit:phi0119.phi001,lat,12,0.6041666667,223,251,0.9166666667,484,12,0.02507062455,223,234,8,0.6666666667,"Plautus, Titus Maccius",Amphitruo,"Hermann, Gottfried",Godofredi Hermanni Opvscvla.,https://babel.hathitrust.org/cgi/pt?id=hvd.32044019309897&seq=223
32044085136083,urn:cts:latinLit:stoa0171.stoa010,ell,8,0.9166666667,293,309,0.25,298,8,0.02733180477,293,309,8,0.4705882353,Lactantius,Fragmenta,,Lexicon vindobonense.,https://babel.hathitrust.org/cgi/pt?id=hvd.32044085136083&seq=293
32044085212181,urn:cts:latinLit:phi0588.abo001,lat,8,0.6869887575,12,19,4.25,729,155,0.2138396447,12,19,8,1,"Nepos, Cornelius",Miltiades,"Nepos, Cornelius.",Cornelius Nepos.,https://babel.hathitrust.org/cgi/pt?id=hvd.32044085212181&seq=12
HN221S,urn:cts:latinLit:phi0588.abo010,lat,8,0.7347478852,61,68,2.125,585,161,0.2817264848,61,68,8,1,"Nepos, Cornelius",Dion,"Nepos, Cornelius.",Cornelius Nepos,https://babel.hathitrust.org/cgi/pt?id=hvd.hn221s&seq=61
HXJH94,urn:cts:greekLit:tlg0614.tlg001,deu,8,0.7166010553,155,162,2.5,559,151,0.2715804613,155,162,8,1,Babrius,Fabulae Aesopeae,,Anthologie aus den Lyrikern der griechen,https://babel.hathitrust.org/cgi/pt?id=hvd.hxjh94&seq=155
HXJV1J,urn:cts:latinLit:phi0959.phi003,lat,8,0.7163661914,245,252,1.875,472,102,0.2167479376,245,252,8,1,Ovid,Medicamina faciei femineae,Ovid,P. Ovidii Nasonis Opera omnia :,https://babel.hathitrust.org/cgi/pt?id=hvd.hxjv1j&seq=245
HN221T,urn:cts:latinLit:phi0588.abo017,deu,8,0.7529657174,159,166,2.25,592,163,0.2795221158,159,166,8,1,"Nepos, Cornelius",Agesilaus,"Nepos, Cornelius.",Cornelius Nepos,https://babel.hathitrust.org/cgi/pt?id=hvd.hn221t&seq=159
HN2I93,urn:cts:latinLit:phi0588.abo016,lat,8,0.6236836181,183,190,3.625,392,113,0.2763615311,183,190,8,1,"Nepos, Cornelius",Pelopidas,"Nepos, Cornelius.","Cornelius Nepos, ex optimarum editionum recensione et cum selectis variorum interpretum notis;",https://babel.hathitrust.org/cgi/pt?id=hvd.hn2i93&seq=183
HWXSL7,urn:cts:latinLit:stoa0117p.stoa001,eng,8,0.9166666667,315,333,0.25,209,8,0.0391877474,315,333,8,0.4210526316,Pseudo-Eucherius,De Situ Hierusolimitanae Urbis Atque Ipsius Judaeae,"Fuller, Anna",A Venetian June,https://babel.hathitrust.org/cgi/pt?id=hvd.hwxsl7&seq=315
HN2W4Z,urn:cts:greekLit:tlg0007.tlg100,ell,8,0.6089189213,23,30,3,373,101,0.272954379,23,30,8,1,Plutarch,Animine an corporis affectiones sint peiores,Plutarch.,"Ploutarchou tou Chairōneōs Ta ēthika = Plutarchi Chaeronensis Moralia, id est Opera, exceptis vitis, reliqua",https://babel.hathitrust.org/cgi/pt?id=hvd.hn2w4z&seq=23
HXQ2XK,urn:cts:greekLit:tlg0007.tlg100,ell,8,0.6112714011,23,30,3.25,399,103,0.2531262053,23,30,8,1,Plutarch,Animine an corporis affectiones sint peiores,Plutarch.,"Ploutarchou tou Chairōneōs Ta ēthika = Plutarchi Chaeronensis Moralia, id est Opera, exceptis vitis, reliqua",https://babel.hathitrust.org/cgi/pt?id=hvd.hxq2xk&seq=23
32044085249068,urn:cts:latinLit:phi0588.abo020,lat,8,0.6123264393,288,295,3.75,497,112,0.2303744448,288,295,8,1,"Nepos, Cornelius",Timoleon,"Nepos, Cornelius","Cornelius Nepos ex libris scriptis editisque recensitus,",https://babel.hathitrust.org/cgi/pt?id=hvd.32044085249068&seq=288
HXJV1I,urn:cts:latinLit:phi0959.phi003,lat,8,0.7088844382,249,256,2,474,102,0.2145242775,249,256,8,1,Ovid,Medicamina faciei femineae,Ovid,P. Ovidii Nasonis Opera omnia :,https://babel.hathitrust.org/cgi/pt?id=hvd.hxjv1i&seq=249
32044094195633,urn:cts:greekLit:tlg0013.tlg007,ell,10,0.6067521376,15,32,1.6,246,58,0.2437580889,25,32,8,1,Homeric Hymns,Hymn 7 to Dionysus,"Deverell, Robert","Hieroglyphics, and other antiquities. In treating of which many favourite pieces of Butler, Shakespeare, and other great writers ... are put in a light now entirely of two hundred engravings in wood and cooper.",https://babel.hathitrust.org/cgi/pt?id=hvd.32044094195633&seq=25
HN274L,urn:cts:latinLit:phi0119.phi015,fra,8,0.6455037621,326,333,2,584,82,0.139479792,326,333,8,1,"Plautus, Titus Maccius",Poenulus,"Fabia, Philippe",Théâtre latin: Extraits des comiques.,https://babel.hathitrust.org/cgi/pt?id=hvd.hn274l&seq=326
HXKCHI,urn:cts:latinLit:stoa0089.stoa007,lat,8,0.6111562107,244,251,4.375,457,124,0.2876250838,244,251,8,1,Claudian,Fescinnina de nuptiis Honorii Augusti,"Claudianus, Claudius.",Cl. Claudiani quae exstant varietate lectionis et perpetua adnotatione,https://babel.hathitrust.org/cgi/pt?id=hvd.hxkchi&seq=244
HN3SCU,urn:cts:greekLit:tlg0007.tlg026,ell,9,0.7122593793,609,619,8,642,176,0.2846177185,609,616,8,1,Plutarch,Comparison of Aristides and Marcus Cato,Plutarch,"Ausgewählte Biographieen des Plutarch,",https://babel.hathitrust.org/cgi/pt?id=hvd.hn3scu&seq=609
32044085228690,urn:cts:greekLit:tlg1264.tlg001,lat,9,0.9529675057,29,78,0.3333333333,375,18,0.04797155622,29,55,8,0.2962962963,Chrysippus,Fragmenta Logica et Physica,"Seneca, Lucius Annaeus","L. Annaei Senecae opera, quae supersunt. Recognovit et rerum indicem locupletissimum adiecit Fridericus Haase ...",https://babel.hathitrust.org/cgi/pt?id=hvd.32044085228690&seq=29
HXG92Y,urn:cts:greekLit:tlg0036.tlg001,ell,8,0.6379713267,313,320,2.375,508,100,0.1996642041,313,320,8,1,Bion of Phlossa,Epitaphius Adonis,,Poetae minores Graeci,https://babel.hathitrust.org/cgi/pt?id=hvd.hxg92y&seq=313
HWRLKQ,urn:cts:greekLit:tlg0081.tlg014,ell,8,1,489,521,0,671,8,0.01193570865,489,521,8,0.2424242424,Dionysius of Halicarnassus,De imitatione (fragmenta),"Diom⁻ed⁻es-Kyriakos, Anastasios",Ekkl⁻esiastik⁻e historia apo t⁻es hidryse⁻os t⁻es ekkl⁻esias mechri t⁻on kath' h⁻emas chron⁻on,https://babel.hathitrust.org/cgi/pt?id=hvd.hwrlkq&seq=489
HXIJWH,urn:cts:greekLit:tlg4024.tlg001,deu,11,1,139,177,0,399,11,0.02765290434,139,153,8,0.5333333333,Agathias Scholasticus,Historiae,,Zuverlaessige nachrichten von dem gegenwaertigen zustande : veraenderung und wachsthum der wissenschaften.,https://babel.hathitrust.org/cgi/pt?id=hvd.hxijwh&seq=139
32044097061956,urn:cts:latinLit:stoa0104p.stoa009,eng,8,0.75,227,234,0.5,351,8,0.02280804032,227,234,8,1,Pseudo-Cyprian,De Pascha Computus,"Jacobs, Friedrich","The Latin reader,",https://babel.hathitrust.org/cgi/pt?id=hvd.32044097061956&seq=227
HWKGKF,urn:cts:latinLit:stoa0045a.stoa001,spa,16,1,166,297,0,735,23,0.03268124535,166,183,8,0.4444444444,Catholic Church. Pope,Epistulae imperatorum pontificum aliorum,"Le Sage, Alain René",Historia de Gil Blas de Santillana.,https://babel.hathitrust.org/cgi/pt?id=hvd.hwkgkf&seq=166
HXQ4JB,urn:cts:latinLit:phi0588.abo016,lat,9,0.6079742501,34,255,3,495,98,0.1931192526,248,255,8,1,"Nepos, Cornelius",Pelopidas,"Nepos, Cornelius.",Vitae excellentium imperatorum.,https://babel.hathitrust.org/cgi/pt?id=hvd.hxq4jb&seq=248
HXQ4JB,urn:cts:latinLit:phi0588.abo009,lat,8,0.622533272,170,177,2.875,399,98,0.2443315017,170,177,8,1,"Nepos, Cornelius",Conon,"Nepos, Cornelius.",Vitae excellentium imperatorum.,https://babel.hathitrust.org/cgi/pt?id=hvd.hxq4jb&seq=170
HW2MF0,urn:cts:latinLit:phi0959.phi003,lat,8,0.7125878614,221,228,2,477,103,0.217388889,221,228,8,1,Ovid,Medicamina faciei femineae,Ovid,P. Ovidii Nasonis Opera omnia :,https://babel.hathitrust.org/cgi/pt?id=hvd.hw2mf0&seq=221
HWRJ7A,urn:cts:latinLit:phi0978.phi001,eng,12,0.621302853,17,365,9.333333333,537,13,0.02437257057,184,201,8,0.4444444444,"Pliny, the Elder",Naturalis Historia,"Ferrero, Guglielmo","The greatness and decline of Rome,",https://babel.hathitrust.org/cgi/pt?id=hvd.hwrj7a&seq=184
HWRJ6M,urn:cts:latinLit:phi0978.phi001,eng,12,0.6210916638,13,361,9.666666667,548,13,0.02390844329,180,197,8,0.4444444444,"Pliny, the Elder",Naturalis Historia,"Ferrero, Guglielmo","The greatness and decline of Rome,",https://babel.hathitrust.org/cgi/pt?id=hvd.hwrj6m&seq=180
HXJVJS,urn:cts:latinLit:phi0588.abo017,deu,8,0.7616529714,161,168,2,591,162,0.2786481795,161,168,8,1,"Nepos, Cornelius",Agesilaus,"Nepos, Cornelius.",Cornelius Nepos,https://babel.hathitrust.org/cgi/pt?id=hvd.hxjvjs&seq=161
32044011335999,urn:cts:latinLit:stoa0114a.stoa011,lat,11,0.6188066756,94,782,3,754,195,0.2947078279,498,505,8,1,"Ennodius, Magnus Felix",Eucharisticum de Vita Sua,,Corpus scriptorum ecclesiasticorum Latinorum.,https://babel.hathitrust.org/cgi/pt?id=hvd.32044011335999&seq=498
AH5615,urn:cts:latinLit:stoa0275.stoa009,ell,8,0.7100055978,83,90,6.875,627,167,0.294878976,83,90,8,1,Tertullian,Apologeticum,"Lagarde, Paul de",Septuaginta-Studien,https://babel.hathitrust.org/cgi/pt?id=hvd.ah5615&seq=83
32044097065528,urn:cts:latinLit:stoa0104p.stoa009,lat,8,0.75,21,29,0.5,340,8,0.0235879941,21,29,8,0.8888888889,Pseudo-Cyprian,De Pascha Computus,"Jacobs, Friedrich",The Latin reader : part second : from the 5th German edition,https://babel.hathitrust.org/cgi/pt?id=hvd.32044097065528&seq=21
32044092615285,urn:cts:latinLit:stoa0149b.stoa001,lat,8,0.6450320513,145,159,3.125,437,8,0.02228940124,145,159,8,0.5333333333,"Hilary, Saint, Bishop of Poitiers",Tractatus super psalmos,Akademii︠a︡ nauk SSSR.,Novi commentarii Academiae scientiarum imperialis petropolitanae.,https://babel.hathitrust.org/cgi/pt?id=hvd.32044092615285&seq=145
32044018989582,urn:cts:latinLit:stoa0252.stoa007,lat,8,0.673054168,217,224,2.375,564,109,0.1933368994,217,224,8,1,Sedulius,Hymnus I,,Corpus scriptorum ecclesiasticorum Latinorum.,https://babel.hathitrust.org/cgi/pt?id=hvd.32044018989582&seq=217
32044054762232,urn:cts:latinLit:stoa0040.stoa041,lat,12,0.6834055771,138,1014,12.91666667,1280,12,0.009519021377,171,185,8,0.5333333333,Augustine,De Fide et Operibus,"Gury, Jean Pierre",Compendium theologiae moralis,https://babel.hathitrust.org/cgi/pt?id=hvd.32044054762232&seq=171
32044038446274,urn:cts:latinLit:stoa0252.stoa007,lat,8,0.6878859681,219,226,2.25,554,109,0.1966163061,219,226,8,1,Sedulius,Hymnus I,Sedulius,Sedulii Opera omnia,https://babel.hathitrust.org/cgi/pt?id=hvd.32044038446274&seq=219
32044085075232,urn:cts:greekLit:tlg0614.tlg001,deu,8,0.6909206592,155,162,2.75,558,151,0.2775819265,155,162,8,1,Babrius,Fabulae Aesopeae,,Anthologie aus den Lyrikern der griechen,https://babel.hathitrust.org/cgi/pt?id=hvd.32044085075232&seq=155
32044085075257,urn:cts:greekLit:tlg0614.tlg001,deu,9,0.6082615912,162,174,4.777777778,632,155,0.247027919,167,174,8,1,Babrius,Fabulae Aesopeae,"Buchholz, Eduard",Anthologie aus den Lyrikern der Griechen. Für den Schul- und Privatgebrauch erklärt und mit litterarhistorischen Einleitungen,https://babel.hathitrust.org/cgi/pt?id=hvd.32044085075257&seq=167
HN26V6,urn:cts:greekLit:tlg0540.tlg016,ell,8,0.6821667656,120,127,3.375,509,145,0.2944257652,120,127,8,1,Lysias,Before the Council: In Defense of Mantitheus at His Scrutiny,Lysias.,Ausgewählte Reden; erklaert von R. Rauchenstein.,https://babel.hathitrust.org/cgi/pt?id=hvd.hn26v6&seq=120
HN24ZL,urn:cts:greekLit:tlg0540.tlg022,deu,8,0.6599658453,226,233,4.5,493,143,0.287849891,226,233,8,1,Lysias,Against The Corn-Dealers,Lysias.,Ausgewählte reden des Lysias.,https://babel.hathitrust.org/cgi/pt?id=hvd.hn24zl&seq=226
HXJVBW,urn:cts:greekLit:tlg0540.tlg023,eng,8,0.613417643,168,175,3,443,101,0.2635379742,168,175,8,1,Lysias,Against Pancleon,Lysias.,"Eight orations of Lysias,",https://babel.hathitrust.org/cgi/pt?id=hvd.hxjvbw&seq=168
HWRM32,urn:cts:latinLit:phi0474.phi045,lat,8,0.890625,112,127,0.875,430,8,0.01891053241,112,127,8,0.5,"Cicero, Marcus Tullius",Academica,"Pighi, Giovanni Battista","Institutiones historiae ecclesiasticae ad vota Leonis XIII in epistola ""Saepenumero"" 18 augusti 1883",https://babel.hathitrust.org/cgi/pt?id=hvd.hwrm32&seq=112
32044085106102,urn:cts:greekLit:tlg0035.tlg002,ell,8,0.7660896843,38,45,2.125,770,153,0.201103156,38,45,8,1,Moschus,Europa,Bion,Bionis et Moschi carmina ex codicibus Italis a se collatis edidit Christophorus Ziegler.,https://babel.hathitrust.org/cgi/pt?id=hvd.32044085106102&seq=38
HX81GF,urn:cts:latinLit:stoa0223.stoa001,lat,14,1,19,163,0,599,14,0.02344406764,19,35,7,0.4117647059,"Paulinus of Nola, Saint",Carmina,"Sinko, Tadeusz",De traditione orationum Gregorii Nazianzeni,https://babel.hathitrust.org/cgi/pt?id=hvd.hx81gf&seq=19
32044085176410,urn:cts:latinLit:stoa0034.stoa001,ell,7,1,36,47,0,352,7,0.02008216319,36,47,7,0.5833333333,Arnobius of Sicca,Arnobii adversus nationes Libri VII,Xenophon.,"Xenophontis Hipparchicus, sive De magistri equitum officio.",https://babel.hathitrust.org/cgi/pt?id=hvd.32044085176410&seq=36
HXJVBB,urn:cts:greekLit:tlg0540.tlg023,deu,7,0.6036841598,271,277,5.571428571,502,104,0.2190952774,271,277,7,1,Lysias,Against Pancleon,Lysias.,Ausgewählte reden des Lysias,https://babel.hathitrust.org/cgi/pt?id=hvd.hxjvbb&seq=271
32044098638950,urn:cts:latinLit:phi0588.abo019,lat,7,0.6070870045,290,296,2.857142857,389,74,0.1849231866,290,296,7,1,"Nepos, Cornelius",Phocion,,"Scriptores latini in usum Delphini, cum notis variorum variis lectionibus, conspectu codicum et editionum et indicibus locupletissimus accurate recensiti.",https://babel.hathitrust.org/cgi/pt?id=hvd.32044098638950&seq=290
32044098638950,urn:cts:latinLit:phi0588.abo022,lat,7,0.6135982443,312,318,3,365,73,0.194814135,312,318,7,1,"Nepos, Cornelius",Hamilcar,,"Scriptores latini in usum Delphini, cum notis variorum variis lectionibus, conspectu codicum et editionum et indicibus locupletissimus accurate recensiti.",https://babel.hathitrust.org/cgi/pt?id=hvd.32044098638950&seq=312
32044004549754,urn:cts:greekLit:tlg0031.tlg012,deu,8,0.6098765346,434,722,4.625,505,117,0.2641615894,434,446,7,0.5384615385,New Testament,Epistle to the Colossians,,Die gotische Bibel,https://babel.hathitrust.org/cgi/pt?id=hvd.32044004549754&seq=434
32044085190510,urn:cts:latinLit:phi0474.phi009,fra,11,0.6980260274,273,305,2.181818182,665,175,0.2617228065,295,301,7,1,"Cicero, Marcus Tullius",De Imperio Cn. Pompei Ad Quirites,"Cicero, Marcus Tullius.",Extraits et analyses des principaux discours.,https://babel.hathitrust.org/cgi/pt?id=hvd.32044085190510&seq=295
HW2LTH,urn:cts:latinLit:phi0893.phi002,lat,7,0.6075549635,356,362,4.285714286,512,77,0.1514192394,356,362,7,1,Horace,Carmen Saeculare,Horace.,"Eclogae,",https://babel.hathitrust.org/cgi/pt?id=hvd.hw2lth&seq=356
HN1RH1,urn:cts:greekLit:tlg5026.tlg001,ell,7,0.9285714286,141,152,0.1428571429,286,7,0.0329468599,141,152,7,0.5833333333,Scholia in Homerum,Scholia in Iliadem,Homer.,Odyssea scholarum in usum,https://babel.hathitrust.org/cgi/pt?id=hvd.hn1rh1&seq=141
HW2L69,urn:cts:latinLit:phi1038.phi001,lat,7,1,395,417,0,426,7,0.01671908847,395,417,7,0.3043478261,Valerius Maximus,Facta et Dicta Memorabilia,"Cicero, Marcus Tullius.",Opera omnia ex recensione Jo. Aug. Ernesti qui et notas suas adjecit.,https://babel.hathitrust.org/cgi/pt?id=hvd.hw2l69&seq=395
32044098632052,urn:cts:latinLit:phi0631.phi001,deu,7,1,17,45,0,335,7,0.02098551642,17,45,7,0.2413793103,Sallust,Catilinae Coniuratio,,Jahrbücher für classische Philologie.,https://babel.hathitrust.org/cgi/pt?id=hvd.32044098632052&seq=17
32044085138691,urn:cts:greekLit:tlg0540.tlg015,deu,7,0.6269211376,246,252,2.285714286,636,66,0.1036258886,246,252,7,1,Lysias,Against Alcibiades 2,Lysias.,Ausgewählte Reden des Lysias,https://babel.hathitrust.org/cgi/pt?id=hvd.32044085138691&seq=246
32044085180917,urn:cts:latinLit:phi0959.phi008,eng,7,0.7315507708,244,250,2,608,138,0.2316727379,244,250,7,1,Ovid,Tristia,"Pinder, North",Selections from the less known latin poets,https://babel.hathitrust.org/cgi/pt?id=hvd.32044085180917&seq=244
HX5CJ4,urn:cts:latinLit:stoa0117p.stoa001,eng,7,0.9047619048,335,353,0.2857142857,185,7,0.03902600671,335,353,7,0.3684210526,Pseudo-Eucherius,De Situ Hierusolimitanae Urbis Atque Ipsius Judaeae,"Fuller, Anna",A Venetian June,https://babel.hathitrust.org/cgi/pt?id=hvd.hx5cj4&seq=335
HWK7WX,urn:cts:greekLit:tlg0031.tlg014,ell,7,0.6164042142,301,307,2.857142857,296,87,0.2908635569,301,307,7,1,New Testament,Second Letter to the Thessalonians,,Novum Testamentum Graece. Ad antiquissimos testes denuo recensuit delectuque critico ac prolegomenis instruxit Constant. de Tischendorf.,https://babel.hathitrust.org/cgi/pt?id=hvd.hwk7wx&seq=301
32044085107043,urn:cts:greekLit:tlg1269.tlg002,lat,7,0.6385726126,17,36,2,290,84,0.2889893927,17,36,7,0.35,Cleanthes,Testimonia et Fragmenta,"Ludewig, A. F.",De Cleanthe Stoico ejusque fragmentis poeticis. [Progr.],https://babel.hathitrust.org/cgi/pt?id=hvd.32044085107043&seq=17
32044085212645,urn:cts:latinLit:phi1002.phi001,lat,8,0.8208562271,301,639,2.5,693,9,0.01332562355,627,639,7,0.5384615385,Quintilian,Institutio Oratoria,Nonius Marcellus,De compendiosa doctrina ad filium,https://babel.hathitrust.org/cgi/pt?id=hvd.32044085212645&seq=627
HXJUNX,urn:cts:latinLit:phi0474.phi037,lat,10,0.733968254,9,867,4.6,600,10,0.0205422091,855,867,7,0.5384615385,"Cicero, Marcus Tullius",On Oratory,Suetonius,Opera;,https://babel.hathitrust.org/cgi/pt?id=hvd.hxjunx&seq=855
AH3ZCZ,urn:cts:greekLit:tlg0031.tlg015,lat,7,0.6091713663,137,143,2.285714286,915,130,0.141923094,137,143,7,1,New Testament,First Epistle to Timothy,,Italafragmente der Paulinischen Briefe : nebst Bruchstücken einer vorhieronymianischen Übersetzung des ersten Iohannes-briefes : aus Pergamentblättern der ehemaligen Freisinger Stiftsbibliothek zum ersten Male veröffentlicht und kritisch beleuchtet,https://babel.hathitrust.org/cgi/pt?id=hvd.ah3zcz&seq=137
32044085212082,urn:cts:latinLit:phi0588.abo017,lat,9,0.6017816189,69,320,7.111111111,819,152,0.1678657344,314,320,7,1,"Nepos, Cornelius",Agesilaus,"Nepos, Cornelius.","Aemilius Probus, De excellentibus ducibus exterarum gentium : et, Cornelli Nepotis quae supersunt",https://babel.hathitrust.org/cgi/pt?id=hvd.32044085212082&seq=314
HN221T,urn:cts:latinLit:phi0588.abo004,deu,7,0.6740727002,79,85,2.142857143,562,100,0.1805378832,79,85,7,1,"Nepos, Cornelius",Pausanias,"Nepos, Cornelius.",Cornelius Nepos,https://babel.hathitrust.org/cgi/pt?id=hvd.hn221t&seq=79
32044100860279,urn:cts:greekLit:tlg0031.tlg017,ell,7,0.6059178957,551,557,3.142857143,324,77,0.2392967303,551,557,7,1,New Testament,Letter to Titus,,"Novum Testamentum graece / ad antiquos testes denuo recensuit, apparatum criticum omni studio perfectum apposuit, commentationem isagogicam praetexuit",https://babel.hathitrust.org/cgi/pt?id=hvd.32044100860279&seq=551
32044085249068,urn:cts:latinLit:phi0588.abo016,lat,7,0.6616556722,242,248,2.857142857,446,98,0.2206376062,242,248,7,1,"Nepos, Cornelius",Pelopidas,"Nepos, Cornelius","Cornelius Nepos ex libris scriptis editisque recensitus,",https://babel.hathitrust.org/cgi/pt?id=hvd.32044085249068&seq=242
32044079702478,urn:cts:greekLit:tlg2042.tlg058,ell,10,0.7699366683,211,707,2.5,394,18,0.04027948541,229,247,7,0.3684210526,Origen,Selecta in Psalmos [Dub.],"Rizareios Ekklēsiastikē Scholē (Athens, Greece)","Hevdomēkontapentaetēris tēs Rizareiou ekklēsiastikēs scholēs, 1844-1919. Panēgyrikos tomos ekdotheis.",https://babel.hathitrust.org/cgi/pt?id=hvd.32044079702478&seq=229
HXJTUX,urn:cts:greekLit:tlg0036.tlg001,ell,7,0.7566224362,15,21,1.714285714,736,97,0.1341761981,15,21,7,1,Bion of Phlossa,Epitaphius Adonis,Bion,"Bionis et Moschi Carmina ex codicibus Italis a se collatis,",https://babel.hathitrust.org/cgi/pt?id=hvd.hxjtux&seq=15
32044097077945,urn:cts:latinLit:phi0474.phi057,eng,14,0.632009646,361,404,2.5,989,175,0.1782465689,381,387,7,1,"Cicero, Marcus Tullius",Letters to Atticus,"Cicero, Marcus Tullius.","Selected orations and letters of Cicero, to which is added the Catiline of Sallust; with historical introduction, an outline of the Roman constitution, notes, vocabulary and index, by Harold Whetstone Johnston ...",https://babel.hathitrust.org/cgi/pt?id=hvd.32044097077945&seq=381
32044069679652,urn:cts:greekLit:tlg2018.tlg001,ell,7,0.6050317509,148,155,2.285714286,655,150,0.2098309032,148,155,7,0.875,Eusebius of Caesarea,Praeparatio Evangelica,,"Barnabae epistula : integram graece itermum edidit, veterem interpretationem Latinam, commentarium criticum et adnotationes",https://babel.hathitrust.org/cgi/pt?id=hvd.32044069679652&seq=148
HN2W5I,urn:cts:greekLit:tlg0007.tlg075,lat,7,0.6228321301,569,575,3,311,89,0.2842803788,569,575,7,1,Plutarch,De virtute et vitio,Plutarch.,"Ploutarchou tou Chairōneōs Ta ēthika = Plutarchi Chaeronensis Moralia, id est Opera, exceptis vitis, reliqua",https://babel.hathitrust.org/cgi/pt?id=hvd.hn2w5i&seq=569
AH5HPC,urn:cts:greekLit:tlg0031.tlg014,lat,7,0.6009986472,302,310,2.714285714,503,72,0.1424625816,302,310,7,0.7777777778,New Testament,Second Letter to the Thessalonians,,"He Kaine Diatheke = Novum Testamentum Graecum domini nostri Jesu Christi; cum scholiis theologicis et philologicis, in quibus....",https://babel.hathitrust.org/cgi/pt?id=hvd.ah5hpc&seq=302
HXQ4JB,urn:cts:latinLit:phi0588.abo022,lat,7,0.618517893,312,318,3,367,74,0.1957759457,312,318,7,1,"Nepos, Cornelius",Hamilcar,"Nepos, Cornelius.",Vitae excellentium imperatorum.,https://babel.hathitrust.org/cgi/pt?id=hvd.hxq4jb&seq=312
HXPP8U,urn:cts:greekLit:tlg4193.tlg012,ell,7,0.9285714286,592,605,0.1428571429,285,7,0.02659186145,592,605,7,0.5,Anonymi In Aristotelis Sophisticos Elenchos,In Aristotelis Sophisticos Elenchos Paraphrasis,,Medicorum graecorum opera qvae exstant.,https://babel.hathitrust.org/cgi/pt?id=hvd.hxpp8u&seq=592
HXJVJS,urn:cts:latinLit:phi0588.abo004,deu,7,0.6859520206,81,87,2.142857143,569,102,0.1823605914,81,87,7,1,"Nepos, Cornelius",Pausanias,"Nepos, Cornelius.",Cornelius Nepos,https://babel.hathitrust.org/cgi/pt?id=hvd.hxjvjs&seq=81
HN4MXD,urn:cts:latinLit:phi0959.phi003,lat,7,0.6868720207,136,142,2.571428571,453,111,0.247534279,136,142,7,1,Ovid,Medicamina faciei femineae,Ovid,"Opera,",https://babel.hathitrust.org/cgi/pt?id=hvd.hn4mxd&seq=136
HN21DS,urn:cts:latinLit:phi0893.phi002,lat,7,0.6400302419,534,540,2.571428571,531,81,0.1542126376,534,540,7,1,Horace,Carmen Saeculare,Horace.,Q. Horativs Flaccus,https://babel.hathitrust.org/cgi/pt?id=hvd.hn21ds&seq=534
32044096580634,urn:cts:latinLit:stoa0119.stoa003,lat,10,0.6849683831,185,417,3.6,1340,383,0.2908845181,338,382,7,0.1555555556,Eugippius,Excerpta ex Operibus Augustini,,"Patrologiae cursus completus, sive biblioteca universalis, integra, uniformis, commoda, oeconomica, omnium SS. Patrum, doctorum scriptorumque eccelesiasticorum qui ab aevo apostolico ad usque Innocentii III tempora floruerunt ... [Series Latina, in qua prodeunt Patres, doctores scriptoresque Ecclesiae Latinae, a Tertulliano ad Innocentium III]",https://babel.hathitrust.org/cgi/pt?id=hvd.32044096580634&seq=338
HN21DQ,urn:cts:latinLit:phi0893.phi002,lat,7,0.6128710978,388,394,2.857142857,531,80,0.1508664869,388,394,7,1,Horace,Carmen Saeculare,Horace.,"Q. Horativs Flaccus cum commentariis selectissimis variorum; & scholiis integris Johannis Bond. Accedunt indices locupletissimi, tum auctorum, tum rerum",https://babel.hathitrust.org/cgi/pt?id=hvd.hn21dq&seq=388
32044085099505,urn:cts:greekLit:tlg2001.tlg043,lat,9,0.6575369075,5,45,2.888888889,135,9,0.1199508166,5,23,7,0.3684210526,Themistius,In Libros Aristotelis De Caelo Paraphrasis,"Brunschvicg, Léon",Qua ratione Aristoteles metaphysicam vim syllogismo inesse demonstraverit ...,https://babel.hathitrust.org/cgi/pt?id=hvd.32044085099505&seq=5
HNT3WZ,urn:cts:latinLit:stoa0022a.stoa001,dan,7,0.7857142857,199,209,0.4285714286,283,7,0.02474729104,199,209,7,0.6363636364,Ambrosiaster,Pseudo-Augustini Quaestiones Veteris et Novi Testamenti CXXVII,"Brandrud, Andreas",Biskop Jens Nilssøn av Oslo; et billede fra Norges senere reformationshistorie.,https://babel.hathitrust.org/cgi/pt?id=hvd.hnt3wz&seq=199
32044098634108,urn:cts:greekLit:tlg0007.tlg048,deu,11,0.6181362208,86,238,6.363636364,1083,289,0.2612441969,86,94,7,0.7777777778,Plutarch,Caesar,,Archiv für das Studium der neueren Sprachen und Literaturen.,https://babel.hathitrust.org/cgi/pt?id=hvd.32044098634108&seq=86
32044081843781,urn:cts:greekLit:tlg2959.tlg002,deu,8,0.8833333333,108,153,1.75,317,8,0.02525995747,139,153,7,0.4666666667,Methodius,De Libero Arbitrio,"Minges, Parthenius",Der Gottes begriff des Duns Scotus auf seinen angeblich exzessiven Indeterminismus,https://babel.hathitrust.org/cgi/pt?id=hvd.32044081843781&seq=139
32044018895185,urn:cts:latinLit:phi0588.abo004,eng,7,0.722072795,68,74,2,381,111,0.2883141268,68,74,7,1,"Nepos, Cornelius",Pausanias,"Nepos, Cornelius.",Liber de excellentibus ducibus exterarum gentium.,https://babel.hathitrust.org/cgi/pt?id=hvd.32044018895185&seq=68
32044102937604,urn:cts:greekLit:tlg4036.tlg001,deu,11,0.6102758353,47,865,7.727272727,550,11,0.03707358153,819,837,7,0.3684210526,Proclus,In Platonis Rem Publicam Commentarii,,Zeitschrift für Mathematik und Physik.,https://babel.hathitrust.org/cgi/pt?id=hvd.32044102937604&seq=819
HW2LGT,urn:cts:latinLit:phi0893.phi002,lat,7,0.6074864799,319,325,2.142857143,515,76,0.1692368508,319,325,7,1,Horace,Carmen Saeculare,Horace.,Q. Horatii Flacci Opera omnia,https://babel.hathitrust.org/cgi/pt?id=hvd.hw2lgt&seq=319
32044085106102,urn:cts:greekLit:tlg0036.tlg001,ell,7,0.6817951435,15,21,2.571428571,733,98,0.1353411977,15,21,7,1,Bion of Phlossa,Epitaphius Adonis,Bion,Bionis et Moschi carmina ex codicibus Italis a se collatis edidit Christophorus Ziegler.,https://babel.hathitrust.org/cgi/pt?id=hvd.32044085106102&seq=15
HXG94G,urn:cts:greekLit:tlg0533.tlg015,lat,7,0.6191658702,51,63,3.571428571,407,98,0.2559408931,51,63,7,0.5384615385,Callimachus,Hymn to Zeus,Callimachus.,"Hymni,",https://babel.hathitrust.org/cgi/pt?id=hvd.hxg94g&seq=51
HN69GK,urn:cts:latinLit:phi0474.phi037,lat,9,0.7226631393,23,266,1.888888889,307,9,0.02934055777,81,97,6,0.3529411765,"Cicero, Marcus Tullius",On Oratory,"Thomasius, Christian",Christiani Thomasii Introductio ad philosophiam aulicam seu lineæ primæ libri de Prudentia cogitandi et ratiocinandi : ubi ostenditur media inter præjudicia cartesianorum ... inveniendi via.,https://babel.hathitrust.org/cgi/pt?id=hvd.hn69gk&seq=81
AH6HXT,urn:cts:greekLit:tlg1311.tlg001,ita,7,0.6538461538,196,236,2.142857143,305,7,0.02478100429,231,236,6,1,Anonymous,Didache,,Rivista storico-critica delle scienze teologiche.,https://babel.hathitrust.org/cgi/pt?id=hvd.ah6hxt&seq=231
HNX814,urn:cts:latinLit:stoa0023.stoa001,lat,7,0.8928571429,379,445,0.4285714286,334,7,0.02112029869,435,445,6,0.5454545455,Ammianus Marcellinus,Res Gestae,"Donat, Josef",Summa philosophiae christianae.,https://babel.hathitrust.org/cgi/pt?id=hvd.hnx814&seq=435
HXQ2XQ,urn:cts:greekLit:tlg2034.tlg003,ell,6,0.6707962654,212,218,2.666666667,307,85,0.276916852,212,218,6,0.8571428571,Porphyrius,De abstinentia,Plutarch.,"Ploutarchou tou Chairōneōs Ta ēthika = Plutarchi Chaeronensis Moralia, id est Opera, exceptis vitis, reliqua",https://babel.hathitrust.org/cgi/pt?id=hvd.hxq2xq&seq=212
32044020704730,urn:cts:greekLit:tlg1286.tlg016,deu,7,0.6687198124,210,366,2.285714286,379,117,0.2996890077,361,366,6,1,Hermetica,Ὅροι Ἀσκληπιοῦ πρὸς Ἄμμωνα βασιλέα,"Reitzenstein, Richard",Poimandres : Studien zur griechisch-ägyptischen und frühchristlichen Literatur,https://babel.hathitrust.org/cgi/pt?id=hvd.32044020704730&seq=361
32044010298032,urn:cts:greekLit:tlg1286.tlg016,deu,7,0.6601496323,214,370,2.285714286,384,114,0.2870814861,365,370,6,1,Hermetica,Ὅροι Ἀσκληπιοῦ πρὸς Ἄμμωνα βασιλέα,"Reitzenstein, Richard",Poimandres : Studien zur griechisch-ägyptischen und frühchristlichen Literatur,https://babel.hathitrust.org/cgi/pt?id=hvd.32044010298032&seq=365
HN2UA2,urn:cts:latinLit:phi0588.abo004,deu,10,0.7274253913,54,250,2.2,844,187,0.2226831961,54,59,6,1,"Nepos, Cornelius",Pausanias,"Nepos, Cornelius.",Cornelius Nepos : für Schüler mit erläuternden und eine richtige Übersetzung fördernden Anmerkungen versehen,https://babel.hathitrust.org/cgi/pt?id=hvd.hn2ua2&seq=54
HX3C83,urn:cts:latinLit:phi0631.phi001,fra,12,0.9166666667,126,199,0.1666666667,280,12,0.06037863421,126,135,6,0.6,Sallust,Catilinae Coniuratio,"Marteau, Amédée.",Le droit prime la force. Page d'histoire de l'empire d'Allemagne.,https://babel.hathitrust.org/cgi/pt?id=hvd.hx3c83&seq=126
HXIJZL,urn:cts:latinLit:phi0893.phi002,deu,6,0.6447362024,327,332,3.333333333,509,76,0.1516976492,327,332,6,1,Horace,Carmen Saeculare,Horace,Q. Horatius Flaccus.,https://babel.hathitrust.org/cgi/pt?id=hvd.hxijzl&seq=327
32044085138741,urn:cts:greekLit:tlg0540.tlg032,ell,6,0.7092869527,201,209,2,339,87,0.2633581595,201,209,6,0.6666666667,Lysias,Against Diogeiton,Lysias.,Ausgewählte reden des Lysias ...,https://babel.hathitrust.org/cgi/pt?id=hvd.32044085138741&seq=201
32044035013937,urn:cts:latinLit:phi0893.phi005,eng,8,0.6090305891,213,619,18.75,1023,310,0.2861500746,614,619,6,1,Horace,Epistulae,"Chalmers, Alexander","The works of the English poets, from Chaucer to Cowper",https://babel.hathitrust.org/cgi/pt?id=hvd.32044035013937&seq=614
32044085138691,urn:cts:greekLit:tlg0540.tlg032,deu,8,0.6680647978,402,418,2.25,755,89,0.1172772292,410,418,6,0.6666666667,Lysias,Against Diogeiton,Lysias.,Ausgewählte Reden des Lysias,https://babel.hathitrust.org/cgi/pt?id=hvd.32044085138691&seq=410
HXPP6Q,urn:cts:greekLit:tlg0649.tlg003,ell,6,0.6155195702,599,604,2.666666667,456,85,0.1811434763,599,604,6,1,Lesbonax (Rhetorician),Protrepticus B,"Dobson, William Stephen",Oratores attici et quos sic vocant sophistae.,https://babel.hathitrust.org/cgi/pt?id=hvd.hxpp6q&seq=599
AH5HEJ,urn:cts:greekLit:tlg4102.tlg008,ell,11,1,513,569,0,376,11,0.02938423104,513,525,6,0.4615384615,Catenae (Novum Testamentum),Catena In Acta (Catena Andreae) (e cod. Oxon. coll. nov. 58),"Pharmakidēs, Theoklētos",Ē kainē diathēkē meta hūpomnēmatōn archaiōn,https://babel.hathitrust.org/cgi/pt?id=hvd.ah5hej&seq=513
32044085212231,urn:cts:latinLit:phi0588.abo004,deu,6,0.7324645012,50,55,2,491,94,0.1897993375,50,55,6,1,"Nepos, Cornelius",Pausanias,"Nepos, Cornelius.",Cornelius Nepos. Für schüler mit erläuternden und eine richtige übersetzung fördernden anmerkungen verschen von Johannes Siebelis.,https://babel.hathitrust.org/cgi/pt?id=hvd.32044085212231&seq=50
HN5ZUF,urn:cts:greekLit:tlg0096.tlg002,ell,7,0.9563601622,205,328,0.2857142857,207,17,0.08075949588,205,217,6,0.4615384615,Aesop,Fabulae,Plutarch.,"Varia scripta quae Moralia vulgo vocantur, ad optimorum librorum fidem accurate edita.",https://babel.hathitrust.org/cgi/pt?id=hvd.hn5zuf&seq=205
HW2LH0,urn:cts:latinLit:phi0893.phi002,lat,6,0.6541737599,319,324,2.166666667,314,76,0.2431624482,319,324,6,1,Horace,Carmen Saeculare,Horace.,Opera omnia.,https://babel.hathitrust.org/cgi/pt?id=hvd.hw2lh0&seq=319
HNZTW9,urn:cts:latinLit:stoa0292e.stoa001,deu,6,0.6805555556,512,517,2.166666667,191,6,0.03210677715,512,517,6,1,"Victorinus, Saint, Bishop of Poetovio",Commentarii in Apocalypsin,,Archiv der Gesellschaft für Ältere Deutsche Geschichtskunde zur Bëforderung einer Gesammtausgabe der Quellenschriften deutscher Geschichten des Mittelalters.,https://babel.hathitrust.org/cgi/pt?id=hvd.hnztw9&seq=512
HW1QQX,urn:cts:greekLit:tlg0031.tlg004,eng,6,0.6402864129,17,23,2.833333333,399,97,0.2442721781,17,23,6,0.8571428571,New Testament,Gospel of John,"Wiseman, Nicholas Patrick","The real presence of the body and blood of our Lord Jesus Christ in the blessed Eucharist : proved from Scripture, in eight lectures, delivered in the English College, Rome",https://babel.hathitrust.org/cgi/pt?id=hvd.hw1qqx&seq=17
32044085180917,urn:cts:latinLit:phi0959.phi001,eng,6,0.6643778916,214,219,4.166666667,491,107,0.2216834051,214,219,6,1,Ovid,Amores,"Pinder, North",Selections from the less known latin poets,https://babel.hathitrust.org/cgi/pt?id=hvd.32044085180917&seq=214
32044085180917,urn:cts:latinLit:phi1017.phi001,eng,6,0.6671055764,307,312,3.333333333,451,100,0.2140223671,307,312,6,1,"Seneca, Lucius Annaeus",Hercules Furens,"Pinder, North",Selections from the less known latin poets,https://babel.hathitrust.org/cgi/pt?id=hvd.32044085180917&seq=307
32044085180917,urn:cts:latinLit:stoa0089.stoa009,eng,6,0.6704907944,511,516,4.166666667,405,115,0.2721814762,511,516,6,1,Claudian,In Rufinum,"Pinder, North",Selections from the less known latin poets,https://babel.hathitrust.org/cgi/pt?id=hvd.32044085180917&seq=511
HNU5V3,urn:cts:latinLit:stoa0275.stoa012,lat,9,0.6327542713,520,769,4.333333333,340,10,0.02936963507,630,639,6,0.6,Tertullian,De Carne Christi,Thomas,Summa theologica,https://babel.hathitrust.org/cgi/pt?id=hvd.hnu5v3&seq=630
32044092713833,urn:cts:greekLit:tlg2058.tlg001,ita,10,0.6434027941,351,831,10.5,499,15,0.03235819159,693,711,6,0.3157894737,Philostorgius,Historia ecclesiastica (fragmenta ap. Photium),,"Rendiconti della Reale Accademia dei Lincei, Classe di scienze morali, storiche e filologiche.",https://babel.hathitrust.org/cgi/pt?id=hvd.32044092713833&seq=693
HWT59E,urn:cts:greekLit:tlg0653.tlg001,eng,11,0.6493243546,263,498,3.363636364,854,140,0.1759792976,263,268,6,1,Aratus Solensis,Phaenomena,,The Classical journal.,https://babel.hathitrust.org/cgi/pt?id=hvd.hwt59e&seq=263
HNH7ZV,urn:cts:latinLit:stoa0040.stoa024,ell,8,0.9166666667,147,399,0.25,914,8,0.009286251606,313,323,6,0.5454545455,Augustine,Contra Faustum,John Chrysostom,"Opera omnia quae exstant, vel quae e jus nomine circimferuntur-- : Opera et studio Bernardi de Montfaucon.",https://babel.hathitrust.org/cgi/pt?id=hvd.hnh7zv&seq=313
HN26NT,urn:cts:latinLit:phi0134.phi001,eng,6,0.7555555556,17,29,1,200,6,0.03044454415,17,29,6,0.4615384615,Terence,Andria,"Trollope, Anthony",Framley parsonage.,https://babel.hathitrust.org/cgi/pt?id=hvd.hn26nt&seq=17
HW2LPX,urn:cts:latinLit:phi0588.abo021,deu,6,0.6258450534,340,345,2.333333333,243,64,0.2666133548,340,345,6,1,"Nepos, Cornelius",De Regibus,"Nepos, Cornelius.","De vita excellentium imperatorum,",https://babel.hathitrust.org/cgi/pt?id=hvd.hw2lpx&seq=340
HW2LB9,urn:cts:latinLit:phi0474.phi022,deu,9,0.7135363156,201,338,1.777777778,855,153,0.1778437323,275,280,6,1,"Cicero, Marcus Tullius",Pro P. Sestio,"Cicero, Marcus Tullius.",Chrestomathia Ciceroniana : ein Lesebuch für mittlere Gymnasialklassen,https://babel.hathitrust.org/cgi/pt?id=hvd.hw2lb9&seq=275
32044010117786,urn:cts:latinLit:stoa0022a.stoa001,lat,11,0.7762237762,127,302,2.818181818,357,11,0.03092233176,127,143,6,0.3529411765,Ambrosiaster,Pseudo-Augustini Quaestiones Veteris et Novi Testamenti CXXVII,David,"De exterioris et interioris hominis compositione secundum triplicem statum incipientium, proficientium et perfectorum libri tres; castigati et denuo editi a pp. Collegii S. Bonaventurae.",https://babel.hathitrust.org/cgi/pt?id=hvd.32044010117786&seq=127
HWEDJN,urn:cts:greekLit:tlg0006.tlg016,eng,6,0.6288029101,303,313,1,88,23,0.2611111111,303,313,6,0.5454545455,Euripides,Orestes,"Lytton, Edward Bulwer Lytton",Prose works.,https://babel.hathitrust.org/cgi/pt?id=hvd.hwedjn&seq=303
32044098650161,urn:cts:latinLit:phi0978.phi001,deu,6,0.7574680057,519,527,0.8333333333,206,29,0.1549463811,519,527,6,0.6666666667,"Pliny, the Elder",Naturalis Historia,,"Jahrbuch des gemeinen deutschen rechts,",https://babel.hathitrust.org/cgi/pt?id=hvd.32044098650161&seq=519
HXPP6S,urn:cts:greekLit:tlg0540.tlg023,ell,6,0.6145496008,627,632,4.333333333,413,103,0.266284887,627,632,6,1,Lysias,Against Pancleon,"Dobson, William Stephen",Oratores attici et quos sic vocant sophistae.,https://babel.hathitrust.org/cgi/pt?id=hvd.hxpp6s&seq=627
HXJUQ1,urn:cts:greekLit:tlg1269.tlg002,ell,6,1,149,159,0,204,6,0.0295530858,149,159,6,0.5454545455,Cleanthes,Testimonia et Fragmenta,Plutarch.,Plutarchi Chaeronensis Moralia,https://babel.hathitrust.org/cgi/pt?id=hvd.hxjuq1&seq=149
HNH811,urn:cts:latinLit:stoa0121g.stoa004,ell,8,0.7027669022,141,369,4.625,880,9,0.01043832153,359,369,6,0.5454545455,Faustus of Riez,Sermones,John Chrysostom,"Opera omnia quae exstant, vel quae e jus nomine circimferuntur-- : Opera et studio Bernardi de Montfaucon.",https://babel.hathitrust.org/cgi/pt?id=hvd.hnh811&seq=359
HN2I93,urn:cts:latinLit:phi0588.abo008,lat,6,0.6461543243,109,114,4,303,89,0.2968374836,109,114,6,1,"Nepos, Cornelius",Thrasybulus,"Nepos, Cornelius.","Cornelius Nepos, ex optimarum editionum recensione et cum selectis variorum interpretum notis;",https://babel.hathitrust.org/cgi/pt?id=hvd.hn2i93&seq=109
HN59E7,urn:cts:latinLit:phi0474.phi037,fra,6,0.6153574112,438,443,4,326,82,0.2489379227,438,443,6,1,"Cicero, Marcus Tullius",On Oratory,"Guiraud, Paul","Contiones latinae; discours tirés de César, Salluste, Tite-Live, Tacite, Ammien Marcellin et fragments de discours originaux.",https://babel.hathitrust.org/cgi/pt?id=hvd.hn59e7&seq=438
32044100860279,urn:cts:greekLit:tlg0031.tlg026,ell,6,0.647596698,243,248,2,287,51,0.1721579195,243,248,6,1,New Testament,Letter of Jude,,"Novum Testamentum graece / ad antiquos testes denuo recensuit, apparatum criticum omni studio perfectum apposuit, commentationem isagogicam praetexuit",https://babel.hathitrust.org/cgi/pt?id=hvd.32044100860279&seq=243
AH5IE5,urn:cts:greekLit:tlg0031.tlg022,ell,6,0.6027585044,508,513,4.166666667,349,94,0.269625536,508,513,6,1,New Testament,2 Peter,,Novum Testamentum graece.,https://babel.hathitrust.org/cgi/pt?id=hvd.ah5ie5&seq=508
32044020503017,urn:cts:greekLit:tlg0031.tlg027,eng,6,0.6694903371,512,517,3.333333333,450,107,0.2404565545,512,517,6,1,New Testament,Apocalypse,"Bentley, Richard","The works of Richard Bentley, D. D.,",https://babel.hathitrust.org/cgi/pt?id=hvd.32044020503017&seq=512
HW2IQ3,urn:cts:greekLit:tlg0035.tlg003,deu,6,0.7042649091,346,351,2.5,464,125,0.2650580857,346,351,6,1,Moschus,Epitaphius Bios,"Buchholz, Eduard",Anthologie aus den Lyriken der Griechen ...,https://babel.hathitrust.org/cgi/pt?id=hvd.hw2iq3&seq=346
AH5ICV,urn:cts:greekLit:tlg0031.tlg026,ell,6,0.6157891556,1243,1248,2.333333333,294,51,0.1689512396,1243,1248,6,1,New Testament,Letter of Jude,,"Novum Testamentum graece / ad antiquos testes denuo recensuit, apparatum criticum omni studio perfectum apposuit, commentationem isagogicam praetexuit",https://babel.hathitrust.org/cgi/pt?id=hvd.ah5icv&seq=1243
HXJ4EU,urn:cts:latinLit:phi0474.phi043,lat,11,0.8244949495,187,560,5.272727273,495,11,0.0225448586,213,227,6,0.4,"Cicero, Marcus Tullius",De Republica,"Ferrari, Guido",Opusculorum collectio.,https://babel.hathitrust.org/cgi/pt?id=hvd.hxj4eu&seq=213
32044102854833,urn:cts:greekLit:tlg1389.tlg001,eng,6,0.8888888889,39,49,0.3333333333,182,6,0.03299847052,39,49,6,0.5454545455,Harpocration,Lexicon in decem oratores Atticos,Lysias.,Ten selected orations ;,https://babel.hathitrust.org/cgi/pt?id=hvd.32044102854833&seq=39
HXJTUX,urn:cts:greekLit:tlg0036.tlg003,ell,6,0.6096270136,25,31,2.166666667,426,81,0.1882046365,25,31,6,0.8571428571,Bion of Phlossa,Fragmenta,Bion,"Bionis et Moschi Carmina ex codicibus Italis a se collatis,",https://babel.hathitrust.org/cgi/pt?id=hvd.hxjtux&seq=25
HXJTUX,urn:cts:greekLit:tlg0035.tlg004,ell,6,0.7434477387,56,61,2.5,593,118,0.2022698769,56,61,6,1,Moschus,Megara,Bion,"Bionis et Moschi Carmina ex codicibus Italis a se collatis,",https://babel.hathitrust.org/cgi/pt?id=hvd.hxjtux&seq=56
32044086840915,urn:cts:latinLit:phi0134.phi001,eng,6,0.6277777778,11,27,2.5,233,6,0.02682748538,11,27,6,0.3529411765,Terence,Andria,"Trollope, Anthony","Framley parsonage,",https://babel.hathitrust.org/cgi/pt?id=hvd.32044086840915&seq=11
32044092785468,urn:cts:latinLit:phi1002.phi001,lat,6,1,297,313,0,754,6,0.008145535983,297,313,6,0.3529411765,Quintilian,Institutio Oratoria,Akademii︠a︡ nauk SSSR.,Mémoires présentés à l'Académie impériale des sciences de St.-Pétersbourg par divers savants et lus dans ses assemblées.,https://babel.hathitrust.org/cgi/pt?id=hvd.32044092785468&seq=297
HN3SCU,urn:cts:greekLit:tlg0007.tlg053,ell,6,0.7583508045,783,788,2.166666667,421,119,0.2784629487,783,788,6,1,Plutarch,Comparison of Agis and Cleomenes and the Gracchi,Plutarch,"Ausgewählte Biographieen des Plutarch,",https://babel.hathitrust.org/cgi/pt?id=hvd.hn3scu&seq=783
HN26V9,urn:cts:greekLit:tlg0540.tlg032,deu,7,0.6651425956,284,295,4.285714286,482,131,0.2752721454,288,295,6,0.75,Lysias,Against Diogeiton,Lysias.,"Ausgewählte Reden des Lysias,",https://babel.hathitrust.org/cgi/pt?id=hvd.hn26v9&seq=288
HW2IOV,urn:cts:greekLit:tlg0035.tlg003,deu,6,0.7079979558,346,351,2.333333333,469,124,0.2611330581,346,351,6,1,Moschus,Epitaphius Bios,"Buchholz, Eduard",Anthologie aus den Lyrikern der Griechen für den Schul- und Privatgebrauch erklärt und mit literarhistorischen Einleitungen versehen.,https://babel.hathitrust.org/cgi/pt?id=hvd.hw2iov&seq=346
HN3J3V,urn:cts:greekLit:tlg5026.tlg001,ell,6,1,363,373,0,257,6,0.02336910007,363,373,6,0.5454545455,Scholia in Homerum,Scholia in Iliadem,Homer.,Homers Odyssee.,https://babel.hathitrust.org/cgi/pt?id=hvd.hn3j3v&seq=363
HWJRVH,urn:cts:latinLit:phi0893.phi005,eng,8,0.6051796034,219,625,18.625,1033,313,0.2858122769,620,625,6,1,Horace,Epistulae,"Chalmers, Alexander","The works of the English poets, from Chaucer to Cowper",https://babel.hathitrust.org/cgi/pt?id=hvd.hwjrvh&seq=620
32044069760734,urn:cts:greekLit:tlg0031.tlg027,lat,6,0.6897226475,95,100,2.5,464,103,0.2241945225,95,100,6,1,New Testament,Apocalypse,,"Novum Testamentum graece / ad antiquos testes denuo recensuit, apparatum criticum omni studio perfectum apposuit, commentationem isagogicam praetexuit",https://babel.hathitrust.org/cgi/pt?id=hvd.32044069760734&seq=95
HXQ4JB,urn:cts:latinLit:phi0588.abo012,lat,6,0.6170616605,199,204,2.666666667,297,67,0.2204983359,199,204,6,1,"Nepos, Cornelius",Chabrias,"Nepos, Cornelius.",Vitae excellentium imperatorum.,https://babel.hathitrust.org/cgi/pt?id=hvd.hxq4jb&seq=199
HN64XZ,urn:cts:latinLit:stoa0040.stoa003,lat,7,1,49,63,0,267,7,0.02740145912,53,63,6,0.5454545455,Augustine,De civitate dei,Valerius Maximus.,Dictorum factorumque memorabilium libri novem ex recensione Torrenii.,https://babel.hathitrust.org/cgi/pt?id=hvd.hn64xz&seq=53
32044057847436,urn:cts:greekLit:tlg2733.tlg001,ell,9,0.6212121212,574,1256,1.888888889,674,9,0.01443331384,1231,1238,6,0.75,"Evagrius, Scholasticus",Historia Ecclesiastica,"Phrearitis, Kōnstantinos.",Politike Romaike nomothesia.,https://babel.hathitrust.org/cgi/pt?id=hvd.32044057847436&seq=1231
HN36MM,urn:cts:latinLit:stoa0203.stoa001,eng,6,1,99,113,0,166,6,0.03617040686,99,113,6,0.4,"Minucius Felix, Marcus",Octavius,"Monti, Luigi",Leone.,https://babel.hathitrust.org/cgi/pt?id=hvd.hn36mm&seq=99
AH6H69,urn:cts:latinLit:stoa0171.stoa010,deu,6,1,125,135,0,195,6,0.03085110742,125,135,6,0.5454545455,Lactantius,Fragmenta,,Theologische Quartalschrift.,https://babel.hathitrust.org/cgi/pt?id=hvd.ah6h69&seq=125
HWSHLC,urn:cts:latinLit:phi0474.phi049,lat,13,0.6157154904,207,288,2.461538462,585,157,0.2727879222,263,270,6,0.75,"Cicero, Marcus Tullius",Tusculanae Disputationes,"Jacobs, Friedrich",Lateinisches elementarbuch zum öffentlichen und privat-gebrauch.,https://babel.hathitrust.org/cgi/pt?id=hvd.hwshlc&seq=263
AH5IEG,urn:cts:greekLit:tlg0031.tlg022,ell,6,0.6471204494,138,143,2.833333333,380,91,0.2394945666,138,143,6,1,New Testament,2 Peter,,Novum Testamentum graece.,https://babel.hathitrust.org/cgi/pt?id=hvd.ah5ieg&seq=138
AH5IEG,urn:cts:greekLit:tlg0031.tlg016,ell,6,0.6081482494,344,349,4.833333333,416,106,0.2622249727,344,349,6,1,New Testament,Second Timothy,,Novum Testamentum graece.,https://babel.hathitrust.org/cgi/pt?id=hvd.ah5ieg&seq=344
32044081690018,urn:cts:greekLit:tlg0031.tlg027,lat,6,0.7225964274,95,100,2.166666667,461,101,0.2209497607,95,100,6,1,New Testament,Apocalypse,,"Novum Testamentum graece / ad antiquos testes denuo recensuit, apparatum criticum omni studio perfectum apposuit, commentationem isagogicam praetexuit",https://babel.hathitrust.org/cgi/pt?id=hvd.32044081690018&seq=95
HN21B8,urn:cts:latinLit:phi0474.phi016,lat,6,0.6312778198,152,157,2,297,48,0.1620175466,152,157,6,1,"Cicero, Marcus Tullius",Pro Archia Poeta,"Cicero, Marcus Tullius.",Eclogae quas ab Jos. Oliveto descriptas in usum scholarum secundis curis interpretandas ab Jo. Jac. Hottingero suscepit recognovit suis commentarius instruxit Jo. Jac. Ochsnerus.,https://babel.hathitrust.org/cgi/pt?id=hvd.hn21b8&seq=152
HN1Q4T,urn:cts:greekLit:tlg1264.tlg001,lat,6,1,33,55,0,244,7,0.02876500194,33,55,6,0.2608695652,Chrysippus,Fragmenta Logica et Physica,"Seneca, Lucius Annaeus",L. Annaei Senecae opera quae supersunt,https://babel.hathitrust.org/cgi/pt?id=hvd.hn1q4t&seq=33
32044098631443,urn:cts:greekLit:tlg4036.tlg001,deu,8,0.7642973856,756,918,4.125,480,8,0.01668880093,756,764,6,0.6666666667,Proclus,In Platonis Rem Publicam Commentarii,,Neue Jahrbücher für Philologie und Paedogogik.,https://babel.hathitrust.org/cgi/pt?id=hvd.32044098631443&seq=756
HWT599,urn:cts:latinLit:stoa0045a.stoa001,eng,6,1,715,725,0,297,6,0.02024273245,715,725,6,0.5454545455,Catholic Church. Pope,Epistulae imperatorum pontificum aliorum,,The Classical journal.,https://babel.hathitrust.org/cgi/pt?id=hvd.hwt599&seq=715
AH5AL4,urn:cts:greekLit:tlg0031.tlg027,eng,6,0.6628107718,510,515,3.5,451,108,0.2420545743,510,515,6,1,New Testament,Apocalypse,"Bentley, Richard","Sermons preached at Boyle's lecture; remarks upon a discourse of free-thinking; proposals for an edition of the Greek Testament; etc., etc.",https://babel.hathitrust.org/cgi/pt?id=hvd.ah5al4&seq=510
HN26V6,urn:cts:greekLit:tlg0540.tlg023,ell,6,0.6632345955,206,211,4,409,102,0.2540203669,206,211,6,1,Lysias,Against Pancleon,Lysias.,Ausgewählte Reden; erklaert von R. Rauchenstein.,https://babel.hathitrust.org/cgi/pt?id=hvd.hn26v6&seq=206
HN24ZL,urn:cts:greekLit:tlg0540.tlg023,deu,6,0.6907845677,235,240,2.833333333,427,104,0.2438548146,235,240,6,1,Lysias,Against Pancleon,Lysias.,Ausgewählte reden des Lysias.,https://babel.hathitrust.org/cgi/pt?id=hvd.hn24zl&seq=235
32044085106102,urn:cts:greekLit:tlg0035.tlg004,ell,6,0.7544470882,56,61,2.333333333,599,118,0.1997095701,56,61,6,1,Moschus,Megara,Bion,Bionis et Moschi carmina ex codicibus Italis a se collatis edidit Christophorus Ziegler.,https://babel.hathitrust.org/cgi/pt?id=hvd.32044085106102&seq=56
32044085138196,urn:cts:greekLit:tlg0006.tlg020,ell,6,0.621715297,127,134,2,210,50,0.2381311984,127,134,6,0.75,Euripides,Fragmenta,Lycurgus,Lycurgi Oratio in Leocratem,https://babel.hathitrust.org/cgi/pt?id=hvd.32044085138196&seq=127
HL0E3X,urn:cts:latinLit:phi0978.phi001,deu,7,0.6540201954,199,529,4.857142857,252,30,0.1302965621,521,529,6,0.6666666667,"Pliny, the Elder",Naturalis Historia,,"Jahrbuch des gemeinen deutschen rechts,",https://babel.hathitrust.org/cgi/pt?id=hvd.hl0e3x&seq=521
HXJVBB,urn:cts:greekLit:tlg0540.tlg032,deu,5,0.7053332586,296,302,3,372,91,0.2467344096,296,302,5,0.7142857143,Lysias,Against Diogeiton,Lysias.,Ausgewählte reden des Lysias,https://babel.hathitrust.org/cgi/pt?id=hvd.hxjvbb&seq=296
32044085190510,urn:cts:latinLit:phi0474.phi008,fra,7,0.6006714572,32,292,9.857142857,407,111,0.263993717,287,292,5,0.8333333333,"Cicero, Marcus Tullius",Pro A. Caecina,"Cicero, Marcus Tullius.",Extraits et analyses des principaux discours.,https://babel.hathitrust.org/cgi/pt?id=hvd.32044085190510&seq=287
HXPP6F,urn:cts:greekLit:tlg2178.tlg002,ell,10,1,207,247,0,1373,10,0.007289870851,207,215,5,0.5555555556,Cassius Longinus,Excerpta,"Dobson, William Stephen",Oratores attici et quos sic vocant sophistae.,https://babel.hathitrust.org/cgi/pt?id=hvd.hxpp6f&seq=207
HN2UA2,urn:cts:latinLit:phi0588.abo016,deu,8,0.7348362274,122,295,2.5,672,163,0.2434383821,122,126,5,1,"Nepos, Cornelius",Pelopidas,"Nepos, Cornelius.",Cornelius Nepos : für Schüler mit erläuternden und eine richtige Übersetzung fördernden Anmerkungen versehen,https://babel.hathitrust.org/cgi/pt?id=hvd.hn2ua2&seq=122
HN2UA2,urn:cts:latinLit:phi0588.abo009,deu,8,0.7076245484,82,268,2.25,648,156,0.2397720143,82,86,5,1,"Nepos, Cornelius",Conon,"Nepos, Cornelius.",Cornelius Nepos : für Schüler mit erläuternden und eine richtige Übersetzung fördernden Anmerkungen versehen,https://babel.hathitrust.org/cgi/pt?id=hvd.hn2ua2&seq=82
HNU5V2,urn:cts:latinLit:stoa0040.stoa025,lat,5,1,209,219,0,190,5,0.02651315789,209,219,5,0.4545454545,Augustine,Contra Gaudentium Donatistarum Episcopum,Thomas,Summa theologica,https://babel.hathitrust.org/cgi/pt?id=hvd.hnu5v2&seq=209
HXJA82,urn:cts:greekLit:tlg1269.tlg002,deu,5,0.7246397077,36,40,1,179,31,0.17500819,36,40,5,1,Cleanthes,Testimonia et Fragmenta,Tyrtaeus.,Lieder. Nebst einem hymnus des Kleanth.,https://babel.hathitrust.org/cgi/pt?id=hvd.hxja82&seq=36
32044105217368,urn:cts:latinLit:phi1318.phi001,fra,5,0.6924190008,478,483,1.4,206,13,0.0763567407,478,483,5,0.8333333333,"Pliny, the Younger",Epistulae,,Etudes franciscaines.,https://babel.hathitrust.org/cgi/pt?id=hvd.32044105217368&seq=478
32044085201028,urn:cts:latinLit:phi0893.phi002,eng,5,0.6117611476,185,189,8.6,248,76,0.2863073813,185,189,5,1,Horace,Carmen Saeculare,Horace.,Eclogae ex Q. Horatii Flacci poematibus.,https://babel.hathitrust.org/cgi/pt?id=hvd.32044085201028&seq=185
HW2L69,urn:cts:latinLit:phi1254.phi001,lat,5,1,401,415,0,289,5,0.01739729936,401,415,5,0.3333333333,"Gellius, Aulus",Noctes Atticae,"Cicero, Marcus Tullius.",Opera omnia ex recensione Jo. Aug. Ernesti qui et notas suas adjecit.,https://babel.hathitrust.org/cgi/pt?id=hvd.hw2l69&seq=401
HN5ZYE,urn:cts:greekLit:tlg1802.tlg001,ell,5,1,71,79,0,161,5,0.03109618481,71,79,5,0.5555555556,Versus heroici,Versus heroici,Plutarch.,Varia scripta quae Moralia vulgo vocantur. Ad optimorum librorum fidem accurate edita.,https://babel.hathitrust.org/cgi/pt?id=hvd.hn5zye&seq=71
32044081367179,urn:cts:greekLit:tlg0019.tlg006,ell,8,0.6126440416,181,311,3.375,438,112,0.2692618063,297,302,5,0.8333333333,Aristophanes,Birds,"Leutsch, Ernst von",Grundriss zu Vorlesungen über die Griechische Metrik : entworfen und mit einer Sammlung von Beispielen und Belegstellen versehen,https://babel.hathitrust.org/cgi/pt?id=hvd.32044081367179&seq=297
HXPP6Q,urn:cts:greekLit:tlg9010.tlg001,ell,5,1,239,249,0,328,6,0.01838500993,239,249,5,0.4545454545,Suda,Suidae lexicon,"Dobson, William Stephen",Oratores attici et quos sic vocant sophistae.,https://babel.hathitrust.org/cgi/pt?id=hvd.hxpp6q&seq=239
HWT5C8,urn:cts:greekLit:tlg0653.tlg001,eng,5,0.6264091797,60,64,5.2,375,80,0.2171967871,60,64,5,1,Aratus Solensis,Phaenomena,,The Classical journal.,https://babel.hathitrust.org/cgi/pt?id=hvd.hwt5c8&seq=60
HWAJHP,urn:cts:latinLit:phi0914.phi001,lat,11,0.8310606061,278,569,2.909090909,467,11,0.02365863832,529,537,5,0.5555555556,Titus Livius (Livy),Ab urbe condita,"Kant, Immanuel",Opera ad philosophiam criticam. Latine vertit Fredericus Gottlob Born.,https://babel.hathitrust.org/cgi/pt?id=hvd.hwajhp&seq=529
HW2M7A,urn:cts:latinLit:stoa0045.stoa025,lat,6,0.6615075425,408,416,2.5,326,76,0.2818089006,408,413,5,0.8333333333,"Ausonius, Decimus Magnus",Praefatiunculae,"Ausonius, Decimus Magnus.","D. Magni Ausonii Burdigalensis Opera omnia : ex editione Bipontina, cum notis et interpretatione in usum Delphini, variis lectionibus, notis variorum recensu editionum et codicum et indice locupletissimo accurate recensita.",https://babel.hathitrust.org/cgi/pt?id=hvd.hw2m7a&seq=408
32044085212231,urn:cts:latinLit:phi0588.abo016,deu,5,0.7206838293,121,125,2.4,406,83,0.2021249584,121,125,5,1,"Nepos, Cornelius",Pelopidas,"Nepos, Cornelius.",Cornelius Nepos. Für schüler mit erläuternden und eine richtige übersetzung fördernden anmerkungen verschen von Johannes Siebelis.,https://babel.hathitrust.org/cgi/pt?id=hvd.32044085212231&seq=121
32044085212231,urn:cts:latinLit:phi0588.abo020,deu,5,0.7430179213,152,156,2,385,83,0.2142211585,152,156,5,1,"Nepos, Cornelius",Timoleon,"Nepos, Cornelius.",Cornelius Nepos. Für schüler mit erläuternden und eine richtige übersetzung fördernden anmerkungen verschen von Johannes Siebelis.,https://babel.hathitrust.org/cgi/pt?id=hvd.32044085212231&seq=152
HN64FR,urn:cts:latinLit:phi0893.phi002,lat,5,0.7655798014,285,289,1.6,420,69,0.1683267404,285,289,5,1,Horace,Carmen Saeculare,Horace.,"Carmina expurgata. Ab mendis denuo mundata & notis illustrata, auctore Josepho Juvencio.",https://babel.hathitrust.org/cgi/pt?id=hvd.hn64fr&seq=285
32044085180917,urn:cts:latinLit:stoa0089.stoa002,eng,5,0.7557960074,523,527,2,386,101,0.2605229668,523,527,5,1,Claudian,de bello Gildonico,"Pinder, North",Selections from the less known latin poets,https://babel.hathitrust.org/cgi/pt?id=hvd.32044085180917&seq=523
32044085180917,urn:cts:latinLit:phi0959.phi002,eng,5,0.6232434914,209,213,4,379,76,0.1933889028,209,213,5,1,Ovid,Epistulae,"Pinder, North",Selections from the less known latin poets,https://babel.hathitrust.org/cgi/pt?id=hvd.32044085180917&seq=209
32044069760742,urn:cts:greekLit:tlg0031.tlg026,ell,5,0.6113745314,246,250,2.2,246,43,0.1672677232,246,250,5,1,New Testament,Letter of Jude,,"Novum Testamentum graece / ad antiquos testes denuo recensuit, apparatum criticum omni studio perfectum apposuit, commentationem isagogicam praetexuit",https://babel.hathitrust.org/cgi/pt?id=hvd.32044069760742&seq=246
HWRHB3,urn:cts:latinLit:phi0474.phi018,lat,7,0.7431318681,245,353,2.714285714,305,7,0.02304822621,341,353,5,0.3846153846,"Cicero, Marcus Tullius",Cum populo gratias egit,"Doneau, Hugues",Commentarii de iure civili.,https://babel.hathitrust.org/cgi/pt?id=hvd.hwrhb3&seq=341
32044098648298,urn:cts:greekLit:tlg0007.tlg045,ell,5,1,351,359,0,224,5,0.02238050791,351,359,5,0.5555555556,Plutarch,Pompey,,Hellēnismos: mēniaia ethnikē epitheōrēsis.,https://babel.hathitrust.org/cgi/pt?id=hvd.32044098648298&seq=351
HC2WU2,urn:cts:greekLit:tlg0031.tlg002,eng,6,0.6061697027,104,199,3,474,87,0.177658949,104,108,5,1,New Testament,Gospel of Mark,"Harnack, Adolf von",Luke the physician : the author of the Third gospel and the Acts of the apostles,https://babel.hathitrust.org/cgi/pt?id=hvd.hc2wu2&seq=104
HXJUXK,urn:cts:latinLit:stoa0045.stoa025,lat,6,0.6700833407,402,410,2.333333333,324,76,0.2788447164,402,407,5,0.8333333333,"Ausonius, Decimus Magnus",Praefatiunculae,"Ausonius, Decimus Magnus.","D. Magni Ausonii Burdigalensis Opera omnia : ex editione Bipontina, cum notis et interpretatione in usum Delphini, variis lectionibus, notis variorum recensu editionum et codicum et indice locupletissimo accurate recensita.",https://babel.hathitrust.org/cgi/pt?id=hvd.hxjuxk&seq=402
HN5XN3,urn:cts:latinLit:stoa0089.stoa005,fra,5,0.626602244,141,145,5,289,77,0.2820151075,141,145,5,1,Claudian,de raptu Proserpinae,"Waltz, A.","Anthologie des poètes latins: Silius, Stace, Ansone, Claudien, Juvénal, Perse, Martial, Catulle, Tibulle, Properce, Ovide. Texte Latin, publié avec des notices, des sommaires et des notes.",https://babel.hathitrust.org/cgi/pt?id=hvd.hn5xn3&seq=141
HNT2ZK,urn:cts:latinLit:stoa0171.stoa010,deu,7,0.9047619048,239,345,0.2857142857,325,7,0.02267822189,239,247,5,0.5555555556,Lactantius,Fragmenta,"Langen, Joseph.",Geschichte der romischen Kirche,https://babel.hathitrust.org/cgi/pt?id=hvd.hnt2zk&seq=239
AH6HDM,urn:cts:greekLit:tlg0653.tlg001,eng,5,0.7389344855,62,66,2.4,339,82,0.2475393201,62,66,5,1,Aratus Solensis,Phaenomena,,The Classical journal.,https://babel.hathitrust.org/cgi/pt?id=hvd.ah6hdm&seq=62
HW2LPX,urn:cts:latinLit:phi0588.abo011,deu,5,0.6228091335,201,205,3,214,58,0.2712872179,201,205,5,1,"Nepos, Cornelius",Iphicrates,"Nepos, Cornelius.","De vita excellentium imperatorum,",https://babel.hathitrust.org/cgi/pt?id=hvd.hw2lpx&seq=201
32044012236295,urn:cts:latinLit:phi0972.phi001,swe,5,0.8354545455,388,397,1.8,192,7,0.03665702718,388,397,5,0.5,Petronius Arbiter,Satyricon,,Studier tillegnade Esaias Tegnér den 13. januari 1918.,https://babel.hathitrust.org/cgi/pt?id=hvd.32044012236295&seq=388
32044085200467,urn:cts:latinLit:phi0893.phi002,lat,5,0.6947620269,328,332,2.2,438,77,0.1783340654,328,332,5,1,Horace,Carmen Saeculare,Horace.,Q Horatii Flacci Opera,https://babel.hathitrust.org/cgi/pt?id=hvd.32044085200467&seq=328
HW2LB9,urn:cts:latinLit:phi0474.phi055,deu,27,0.6143034845,26,331,2.555555556,2457,326,0.1320437464,325,331,5,0.7142857143,"Cicero, Marcus Tullius",De Officiis,"Cicero, Marcus Tullius.",Chrestomathia Ciceroniana : ein Lesebuch für mittlere Gymnasialklassen,https://babel.hathitrust.org/cgi/pt?id=hvd.hw2lb9&seq=325
32044035020908,urn:cts:greekLit:tlg0644.tlg001,lat,5,0.6248532622,295,306,3.2,554,72,0.1299295074,295,306,5,0.4166666667,Aristophanes of Byzantium,Historiae Animalium Epitome,,Geographi graeci minores.E codicibus recognovit prolegomenis annotatione indicibus instruxit...Carolus Mullerus.,https://babel.hathitrust.org/cgi/pt?id=hvd.32044035020908&seq=295
HNARL2,urn:cts:greekLit:tlg0035.tlg004,ell,5,0.6263534047,337,342,4.8,365,104,0.2888975448,337,342,5,0.8333333333,Moschus,Megara,Theocritus.,"Bucolicorum Graecorum Theocriti Bionis, Moschi reliquinae : accedentibus incertorum idylliis",https://babel.hathitrust.org/cgi/pt?id=hvd.hnarl2&seq=337
32044010575157,urn:cts:greekLit:tlg4102.tlg004,ell,9,0.898989899,465,553,1.111111111,581,9,0.01619961288,541,549,5,0.5555555556,Catenae (Novum Testamentum),Catena In Lucam (Typus B) (e codd. Paris. Coislin. 23 + Oxon. Bodl. Misc. 182),Orthodox Eastern Church.,Pēdalion : tōn Orthodoxōn Ekklēsias ētoi hapantēs hoi hieroi kai theioi kanones ...,https://babel.hathitrust.org/cgi/pt?id=hvd.32044010575157&seq=541
32044005545710,urn:cts:greekLit:tlg0057.tlg095,eng,5,0.8,91,99,0.4,199,5,0.02549923195,91,99,5,0.5555555556,Galen,In Hippocratis De articulis,,The Journal of philology.,https://babel.hathitrust.org/cgi/pt?id=hvd.32044005545710&seq=91
HC1B8J,urn:cts:greekLit:tlg0057.tlg089,deu,9,0.7162060215,35,271,3.888888889,232,38,0.1932304965,95,101,5,0.7142857143,Galen,In Hippocratis Epidemiarum I,Hippocrates.,Hippokrates Erkenntnisse. Im griechischen Text ausgewählt übersetzt und auf die moderne Heilkunde vielfach bezogen,https://babel.hathitrust.org/cgi/pt?id=hvd.hc1b8j&seq=95
HN221S,urn:cts:latinLit:phi0588.abo009,lat,5,0.6033214855,56,60,3.2,372,82,0.2326555485,56,60,5,1,"Nepos, Cornelius",Conon,"Nepos, Cornelius.",Cornelius Nepos,https://babel.hathitrust.org/cgi/pt?id=hvd.hn221s&seq=56
32044080863871,urn:cts:latinLit:phi0474.phi035,lat,6,0.6336270501,46,67,2.333333333,206,56,0.274991507,46,50,5,1,"Cicero, Marcus Tullius",Philippicae,"Raumer, Rudolf von.",De Servii Tullii censu.,https://babel.hathitrust.org/cgi/pt?id=hvd.32044080863871&seq=46
32044073544330,urn:cts:latinLit:stoa0249a.stoa004,lat,5,1,547,555,0,199,5,0.02514120668,547,555,5,0.5555555556,"Salvian, of Marseilles",Ad Ecclesiam Libri IIII,"Bonal, A.",Institutiones theologicae ad usum seminariorum,https://babel.hathitrust.org/cgi/pt?id=hvd.32044073544330&seq=547
HNRUGW,urn:cts:latinLit:stoa0076c.stoa001,fra,11,0.740465595,48,644,7.454545455,697,11,0.01761522491,162,169,5,0.625,"Cassian, John",Conlationes Patrum (Collationibus),,Les Questions actuelles.,https://babel.hathitrust.org/cgi/pt?id=hvd.hnrugw&seq=162
HXG4YM,urn:cts:latinLit:stoa0275.stoa008,eng,5,0.7,188,192,0.6,480,5,0.01380218358,188,192,5,1,Tertullian,Adversus Valentinianos,,London society.,https://babel.hathitrust.org/cgi/pt?id=hvd.hxg4ym&seq=188
HN221T,urn:cts:latinLit:phi0588.abo016,deu,5,0.7249957302,154,158,2.2,362,89,0.2447753386,154,158,5,1,"Nepos, Cornelius",Pelopidas,"Nepos, Cornelius.",Cornelius Nepos,https://babel.hathitrust.org/cgi/pt?id=hvd.hn221t&seq=154
HN221T,urn:cts:latinLit:phi0588.abo020,deu,5,0.7524681975,185,189,2,348,99,0.2857546246,185,189,5,1,"Nepos, Cornelius",Timoleon,"Nepos, Cornelius.",Cornelius Nepos,https://babel.hathitrust.org/cgi/pt?id=hvd.hn221t&seq=185
HN221T,urn:cts:latinLit:phi0588.abo005,deu,5,0.6543349497,86,90,2.4,432,60,0.1395657688,86,90,5,1,"Nepos, Cornelius",Cimon,"Nepos, Cornelius.",Cornelius Nepos,https://babel.hathitrust.org/cgi/pt?id=hvd.hn221t&seq=86
HW2IPH,urn:cts:greekLit:tlg0035.tlg003,deu,5,0.7458202022,276,280,2.4,383,113,0.292644686,276,280,5,1,Moschus,Epitaphius Bios,,Anthologie aus den Lyrikern der griechen,https://babel.hathitrust.org/cgi/pt?id=hvd.hw2iph&seq=276
HN2I93,urn:cts:latinLit:phi0588.abo012,lat,5,0.6104694503,143,147,7,254,70,0.2743813785,143,147,5,1,"Nepos, Cornelius",Chabrias,"Nepos, Cornelius.","Cornelius Nepos, ex optimarum editionum recensione et cum selectis variorum interpretum notis;",https://babel.hathitrust.org/cgi/pt?id=hvd.hn2i93&seq=143
HN8NIP,urn:cts:latinLit:stoa0252.stoa001,fra,5,0.6287411647,154,158,4.2,372,92,0.2816112961,154,158,5,1,Sedulius,Hymnus II. (A solis ortus cardine),,Poésies populaires latines antérieures au douzième siècle,https://babel.hathitrust.org/cgi/pt?id=hvd.hn8nip&seq=154
AH5U41,urn:cts:latinLit:stoa0162.stoa004,fra,5,1,377,387,0,166,5,0.03027291693,377,387,5,0.4545454545,"Jerome, Saint",Epistulae,"Allard, Paul","Histoire des persécutions pendant la première moitié du troisième siècle (Septime, Sévère, Maximin, Dèce), d'après les documents archéologiques.",https://babel.hathitrust.org/cgi/pt?id=hvd.ah5u41&seq=377
32044054127378,urn:cts:latinLit:stoa0104p.stoa015,lat,5,0.7295776272,277,281,2.4,369,83,0.2260050813,277,281,5,1,Pseudo-Cyprian,Oratio II,Cyprian,S. Thasci Caecili Cypriani opera omnia,https://babel.hathitrust.org/cgi/pt?id=hvd.32044054127378&seq=277
32044052755501,urn:cts:latinLit:phi0474.phi017,fra,5,0.6467887833,269,273,3,274,80,0.2759056986,269,273,5,1,"Cicero, Marcus Tullius",Pro L. Flacco,"Reinach, Théodore",Textes d'auteurs grecs et romains relatifs au Judaïsme,https://babel.hathitrust.org/cgi/pt?id=hvd.32044052755501&seq=269
HN8NHB,urn:cts:latinLit:stoa0252.stoa001,fra,5,0.6692728447,154,158,4,368,92,0.2894171004,154,158,5,1,Sedulius,Hymnus II. (A solis ortus cardine),,Poésies populaires latines antérieures au douzième siècle,https://babel.hathitrust.org/cgi/pt?id=hvd.hn8nhb&seq=154
32044085249068,urn:cts:latinLit:phi0588.abo022,lat,5,0.6389111793,301,305,4.2,305,72,0.2346101079,301,305,5,1,"Nepos, Cornelius",Hamilcar,"Nepos, Cornelius","Cornelius Nepos ex libris scriptis editisque recensitus,",https://babel.hathitrust.org/cgi/pt?id=hvd.32044085249068&seq=301
32044085075059,urn:cts:greekLit:tlg1486.tlg001,ell,5,0.6757170451,76,86,2,175,50,0.2860833911,76,86,5,0.4545454545,Matron of Pitana,Convivium Atticum,"Brandt, Paul",Parodorvm epicorvm graecorvm et Archestrati reliqviae recognovit et enarravit Pavlvs Brandt.,https://babel.hathitrust.org/cgi/pt?id=hvd.32044085075059&seq=76
HN5ZUI,urn:cts:greekLit:tlg1802.tlg001,ell,5,1,67,75,0,160,5,0.03128557875,67,75,5,0.5555555556,Versus heroici,Versus heroici,Plutarch.,"Varia scripta quae Moralia vulgo vocantur, ad optimorum librorum fidem accurate edita.",https://babel.hathitrust.org/cgi/pt?id=hvd.hn5zui&seq=67
HN21E8,urn:cts:latinLit:phi0893.phi002,eng,5,0.6083653731,191,195,8.6,246,76,0.2885644087,191,195,5,1,Horace,Carmen Saeculare,Horace.,Eclogae ex [Q. Horatii Flacci] poematibus. [Edited by K.G. and A.W. Zumpt.],https://babel.hathitrust.org/cgi/pt?id=hvd.hn21e8&seq=191
HWILND,urn:cts:latinLit:phi0893.phi001,eng,6,0.8530982906,18,93,1.833333333,131,8,0.070666168,89,93,5,1,Horace,Odes,"Benson, Arthur Christopher",Poems,https://babel.hathitrust.org/cgi/pt?id=hvd.hwilnd&seq=89
HWSJBS,urn:cts:latinLit:phi0474.phi050,fra,9,0.6228328826,320,519,4.222222222,504,151,0.2987257704,492,499,5,0.625,"Cicero, Marcus Tullius",de Natura Deorum,"Arnaud, Germain.",De publica privataque romanorum vita.,https://babel.hathitrust.org/cgi/pt?id=hvd.hwsjbs&seq=492
HN22EM,urn:cts:latinLit:phi0978.phi001,lat,5,0.8955555556,45,53,0.4,253,7,0.02952638568,45,53,5,0.5555555556,"Pliny, the Elder",Naturalis Historia,Terence.,"Comœdiae sex; post optimas editiones emendatæ. Accedunt AElii Donati Commentarius integer, selectae variorum notæ, variantes lectiones.",https://babel.hathitrust.org/cgi/pt?id=hvd.hn22em&seq=45
HWSHF8,urn:cts:latinLit:phi0959.phi001,deu,5,0.6139036689,160,164,3.4,285,83,0.291875471,160,164,5,1,Ovid,Amores,"Seyffert, Moritz Ludwig",Lesestücke aus griechischen und lateinischen schriftstellern. Für die mittleren und oberen klassen der gymnasien zusammengestellt.,https://babel.hathitrust.org/cgi/pt?id=hvd.hwshf8&seq=160
32044085227171,urn:cts:latinLit:phi0474.phi024,lat,5,1,35,43,0,196,5,0.02552582206,35,43,5,0.5555555556,"Cicero, Marcus Tullius",Pro M. Caelio,Sallust,"Catilina, Iugurtha, Historiarum fragmenta.",https://babel.hathitrust.org/cgi/pt?id=hvd.32044085227171&seq=35
32044081381576,urn:cts:greekLit:tlg0004.tlg001,deu,5,1,63,71,0,205,5,0.03641496599,63,71,5,0.5555555556,Diogenes Laertius,Vitae philosophorum,,Griechische studien Hermann Lipsius zum sechzigsten geburtstag dargebracht.,https://babel.hathitrust.org/cgi/pt?id=hvd.32044081381576&seq=63
AH44PC,urn:cts:greekLit:tlg0031.tlg018,deu,5,0.6015609153,688,692,2,231,33,0.1417550055,688,692,5,1,New Testament,Letter of Paul to Philemon,"Weiss, Bernhard",Die paulinischen Briefe im berichtigten Text : mit kurzer Erläuterung zum Handgebrauch bei der Schriftlektüre.,https://babel.hathitrust.org/cgi/pt?id=hvd.ah44pc&seq=688
HN31ZN,urn:cts:latinLit:stoa0114a.stoa008,lat,6,0.8377192982,38,271,6.166666667,295,6,0.02042778203,38,45,5,0.625,"Ennodius, Magnus Felix",Epistulae,"Elbel, Benjamin",Theologia moralis per modum conferentiarum ...,https://babel.hathitrust.org/cgi/pt?id=hvd.hn31zn&seq=38
HN87RU,urn:cts:latinLit:stoa0292d.stoa001,lat,7,0.9285714286,134,153,0.1428571429,271,7,0.02599332742,145,153,5,0.5555555556,Victor Vitensis,Historia persecutionis Africanae provinciae,"Segna, Francisco",De ecclesiae Christi; constitutione et regimine ...,https://babel.hathitrust.org/cgi/pt?id=hvd.hn87ru&seq=145
HN6IUF,urn:cts:latinLit:phi0588.abo013,eng,5,0.6184139976,106,110,10.2,318,87,0.2710606361,106,110,5,1,"Nepos, Cornelius",Timotheus,"Nepos, Cornelius.",Vitae. For the use of schools.,https://babel.hathitrust.org/cgi/pt?id=hvd.hn6iuf&seq=106
HN6IUF,urn:cts:latinLit:phi0588.abo009,eng,5,0.63002043,82,86,10.4,329,94,0.2864697466,82,86,5,1,"Nepos, Cornelius",Conon,"Nepos, Cornelius.",Vitae. For the use of schools.,https://babel.hathitrust.org/cgi/pt?id=hvd.hn6iuf&seq=82
HN6IUF,urn:cts:latinLit:phi0588.abo016,eng,5,0.6386361597,132,136,9.8,338,97,0.2913621649,132,136,5,1,"Nepos, Cornelius",Pelopidas,"Nepos, Cornelius.",Vitae. For the use of schools.,https://babel.hathitrust.org/cgi/pt?id=hvd.hn6iuf&seq=132
HN6IUF,urn:cts:latinLit:phi0588.abo008,eng,5,0.6054784585,77,81,10.8,299,79,0.2681943225,77,81,5,1,"Nepos, Cornelius",Thrasybulus,"Nepos, Cornelius.",Vitae. For the use of schools.,https://babel.hathitrust.org/cgi/pt?id=hvd.hn6iuf&seq=77
HN8NI1,urn:cts:latinLit:stoa0252.stoa001,fra,5,0.6913922333,150,154,3.6,370,92,0.2839358757,150,154,5,1,Sedulius,Hymnus II. (A solis ortus cardine),,Poésies populaires latines antérieures au douzième siècle,https://babel.hathitrust.org/cgi/pt?id=hvd.hn8ni1&seq=150
HXJVJS,urn:cts:latinLit:phi0588.abo016,deu,5,0.7279616733,156,160,2,372,89,0.2385301558,156,160,5,1,"Nepos, Cornelius",Pelopidas,"Nepos, Cornelius.",Cornelius Nepos,https://babel.hathitrust.org/cgi/pt?id=hvd.hxjvjs&seq=156
HXJVJS,urn:cts:latinLit:phi0588.abo020,deu,5,0.7607274625,187,191,2,348,99,0.2856777703,187,191,5,1,"Nepos, Cornelius",Timoleon,"Nepos, Cornelius.",Cornelius Nepos,https://babel.hathitrust.org/cgi/pt?id=hvd.hxjvjs&seq=187
HXJVJS,urn:cts:latinLit:phi0588.abo005,deu,5,0.6646190911,88,92,2.2,432,58,0.1350696695,88,92,5,1,"Nepos, Cornelius",Cimon,"Nepos, Cornelius.",Cornelius Nepos,https://babel.hathitrust.org/cgi/pt?id=hvd.hxjvjs&seq=88
32044019276492,urn:cts:latinLit:stoa0104p.stoa015,lat,5,0.7148246959,155,159,2.6,382,84,0.2212347605,155,159,5,1,Pseudo-Cyprian,Oratio II,,Corpus scriptorum ecclesiasticorum Latinorum.,https://babel.hathitrust.org/cgi/pt?id=hvd.32044019276492&seq=155
32044059065284,urn:cts:latinLit:stoa0034.stoa001,ita,6,0.8380952381,237,947,5.666666667,271,6,0.02291054136,237,245,5,0.5555555556,Arnobius of Sicca,Arnobii adversus nationes Libri VII,,"Il circolo giuridico ""L. Sampolo"" : rivista di dottrina e di giurisprudenza",https://babel.hathitrust.org/cgi/pt?id=hvd.32044059065284&seq=237
32044079389730,urn:cts:greekLit:tlg0035.tlg004,ell,5,0.6110364159,333,338,5.2,364,105,0.2927372435,333,338,5,0.8333333333,Moschus,Megara,Theocritus.,"Bucolicorum Graecorum Theocriti Bionis, Moschi reliquinae : accedentibus incertorum idylliis",https://babel.hathitrust.org/cgi/pt?id=hvd.32044079389730&seq=333
HWSHLC,urn:cts:latinLit:phi0474.phi055,lat,9,0.6170541875,240,290,2.555555556,405,117,0.2987073451,256,262,5,0.7142857143,"Cicero, Marcus Tullius",De Officiis,"Jacobs, Friedrich",Lateinisches elementarbuch zum öffentlichen und privat-gebrauch.,https://babel.hathitrust.org/cgi/pt?id=hvd.hwshlc&seq=256
32044105584833,urn:cts:latinLit:phi0978.phi001,ita,5,1,383,391,0,176,5,0.04754508459,383,391,5,0.5555555556,"Pliny, the Elder",Naturalis Historia,,"Scienza e la fede, raccolta religiosa.",https://babel.hathitrust.org/cgi/pt?id=hvd.32044105584833&seq=383
HXQ4QE,urn:cts:latinLit:phi0588.abo022,deu,5,0.696917481,443,447,1.8,425,57,0.1361296118,443,447,5,1,"Nepos, Cornelius",Hamilcar,"Nepos, Cornelius.",Cornelii Nepotis Vitae Excellentium Imperatorum.,https://babel.hathitrust.org/cgi/pt?id=hvd.hxq4qe&seq=443
HXJA7W,urn:cts:greekLit:tlg0096.tlg002,lat,5,0.6143152056,93,97,4.2,398,81,0.2137086977,93,97,5,1,Aesop,Fabulae,Xenophon.,"Xenophōntos ta sōzomena. Xenophontis quae extant,",https://babel.hathitrust.org/cgi/pt?id=hvd.hxja7w&seq=93
32044085121176,urn:cts:greekLit:tlg0057.tlg029,deu,5,0.6009025404,62,66,12.2,423,92,0.224365873,62,66,5,1,Galen,De animi cuiuslibet peccatorum dignotione et curatione,"Genest, Otto.",Osteuropäische verhältnisse bei Herodot. [Progr.],https://babel.hathitrust.org/cgi/pt?id=hvd.32044085121176&seq=62
32044020072864,urn:cts:latinLit:stoa0275.stoa007,lat,6,0.6666666667,8,24,0.6666666667,222,8,0.03603603604,16,24,5,0.5555555556,Tertullian,Adversus Praxean,"Seneca, Lucius Annaeus",L. Annaei Senecae Dialogorum libri duodecim,https://babel.hathitrust.org/cgi/pt?id=hvd.32044020072864&seq=16
HNAJSC,urn:cts:greekLit:tlg0062.tlg005,lat,5,0.6061940349,313,317,4.4,280,71,0.2511852007,313,317,5,1,Lucian of Samosata,Electrum,Lucian,Opera.,https://babel.hathitrust.org/cgi/pt?id=hvd.hnajsc&seq=313
32044018895185,urn:cts:latinLit:phi0588.abo006,eng,5,0.7121820776,80,84,1.8,257,70,0.2712874171,80,84,5,1,"Nepos, Cornelius",Lysander,"Nepos, Cornelius.",Liber de excellentibus ducibus exterarum gentium.,https://babel.hathitrust.org/cgi/pt?id=hvd.32044018895185&seq=80
32044018895185,urn:cts:latinLit:phi0588.abo005,eng,5,0.6989812429,75,79,2.2,275,67,0.2435763905,75,79,5,1,"Nepos, Cornelius",Cimon,"Nepos, Cornelius.",Liber de excellentibus ducibus exterarum gentium.,https://babel.hathitrust.org/cgi/pt?id=hvd.32044018895185&seq=75
HWT599,urn:cts:greekLit:tlg0653.tlg001,eng,5,0.631314448,835,839,3.6,417,71,0.1835768142,835,839,5,1,Aratus Solensis,Phaenomena,,The Classical journal.,https://babel.hathitrust.org/cgi/pt?id=hvd.hwt599&seq=835
32044011336468,urn:cts:latinLit:phi0474.phi017,fra,5,0.6357527271,273,277,3.6,275,79,0.2716397437,273,277,5,1,"Cicero, Marcus Tullius",Pro L. Flacco,"Reinach, Théodore",Textes d'auteurs grecs et romains relatifs au Judaïsme,https://babel.hathitrust.org/cgi/pt?id=hvd.32044011336468&seq=273
HNJWYP,urn:cts:latinLit:phi0893.phi002,eng,6,0.6519627055,38,286,2.166666667,396,73,0.1747940943,282,286,5,1,Horace,Carmen Saeculare,Horace.,Quinti Horatii Flacci Opera = The works of Horace,https://babel.hathitrust.org/cgi/pt?id=hvd.hnjwyp&seq=282
HXJVRH,urn:cts:greekLit:tlg5023.tlg001,lat,7,0.6392213396,23,290,1.571428571,310,76,0.2575184965,23,27,5,1,Scholia in Euripidem,Scholia in Euripidem (scholia vetera),Euripides.,Euripidis Tragoediae,https://babel.hathitrust.org/cgi/pt?id=hvd.hxjvrh&seq=23